title,author,added_date,filename,opf_title,opf_creator,opf_language,opf_source,opf_publisher,opf_identifier
碧阳学园学生会默示录09 学生会的周年葵せきな,,2025-12-23,碧阳学园学生会默示录09 学生会的周年葵せきな.epub,,,zh,,,
アネハメ 姉の最強魔眼に魅入られて,懺悔,2025-08-20, アネハメ　姉の最強魔眼に魅入られて .epub,アネハメ 姉の最強魔眼に魅入られて,懺悔,zh-CN,,フランス書院,urn:uuid:ed0843a0-2b97-4909-b7e9-d5985924c4f5
プリンセスハートリンク ～剣姫たちの艶舞～ Side 葵渚「特別増量版」,神崎美宙,2025-08-05, プリンセスハートリンク　～剣姫たちの艶舞～　Side 葵渚特別増量版 .epub,プリンセスハートリンク ～剣姫たちの艶舞～ Side 葵渚「特別増量版」,神崎美宙,zh-CN,,株式会社パラダイム,9784801592421
10年に一度の大雪で修学旅行中に相部屋になった結果、自称経験豊富な処女ギャルをセフレにしてしまった。,高橋和洋,2025-10-04, 10年に一度の大雪で修学旅行中に相部屋になった結果自称経験豊富な処女ギャルをセフレにしてしまった .epub,10年に一度の大雪で修学旅行中に相部屋になった結果、自称経験豊富な処女ギャルをセフレにしてしまった。,高橋和洋,zh-CN,,フランス書院,book-downloader: 1797352_003
10年ぶりに再会したクソガキは清純美少女JKに成長していた 5,館西夕木,2025-05-19, 10年ぶりに再会したクソガキは清純美少女JKに成長していた 5 .epub,10年ぶりに再会したクソガキは清純美少女JKに成長していた 5,館西夕木,ja,,株式会社オーバーラップ,urn:uuid:f57e5563-b580-440d-9936-8eddd3eff62d
10年ぶりに再会したクソガキは清純美少女JKに成長していた 6 (オーバーラップ文庫),館西夕木,2025-05-19, 10年ぶりに再会したクソガキは清純美少女JKに成長していた 6 オーバーラップ文庫 .epub,10年ぶりに再会したクソガキは清純美少女JKに成長していた 6 (オーバーラップ文庫),館西夕木,ja,,株式会社オーバーラップ,B0F3X2MJHN
AVアプリ 異空間転移で気になるあの娘といちゃらぶセックス！(1) (オシリス文庫),ブリル・バーナード,2025-07-19, AVアプリ 異空間転移で気になるあの娘といちゃらぶセックス1 オシリス文庫 .epub,AVアプリ 異空間転移で気になるあの娘といちゃらぶセックス！(1) (オシリス文庫),ブリル・バーナード,zh-CN,,株式会社ＫＡＤＯＫＡＷＡ,38dcd0d4-208c-4a27-b455-b8e70ae9862d
AVアプリ 異空間転移で気になるあの娘といちゃらぶセックス！(2) (オシリス文庫),ブリル・バーナード,2025-07-19, AVアプリ 異空間転移で気になるあの娘といちゃらぶセックス2 オシリス文庫 .epub,AVアプリ 異空間転移で気になるあの娘といちゃらぶセックス！(2) (オシリス文庫),ブリル・バーナード,zh-CN,,株式会社ＫＡＤＯＫＡＷＡ,809d6fb3-3937-4f50-95af-a2bc089e0ff3
AVアプリ 異空間転移で気になるあの娘といちゃらぶセックス！(3) (オシリス文庫),ブリル・バーナード,2025-07-19, AVアプリ 異空間転移で気になるあの娘といちゃらぶセックス3 オシリス文庫 .epub,AVアプリ 異空間転移で気になるあの娘といちゃらぶセックス！(3) (オシリス文庫),ブリル・バーナード,zh-CN,,株式会社ＫＡＤＯＫＡＷＡ,8e7a7b6c-e387-487f-b816-ffd49093f748
AVアプリ 異空間転移で気になるあの娘といちゃらぶセックス！(4),ブリル・バーナード,2025-07-19, AVアプリ 異空間転移で気になるあの娘といちゃらぶセックス4 .epub,AVアプリ 異空間転移で気になるあの娘といちゃらぶセックス！(4),ブリル・バーナード,zh-CN,,株式会社ＫＡＤＯＫＡＷＡ,calibre:32
AVアプリ 異空間転移で気になるあの娘といちゃらぶセックス！(5),ブリル・バーナード,2025-07-19, AVアプリ 異空間転移で気になるあの娘といちゃらぶセックス5 .epub,AVアプリ 異空間転移で気になるあの娘といちゃらぶセックス！(5),ブリル・バーナード,zh-CN,,株式会社ＫＡＤＯＫＡＷＡ,calibre:33
Bunny's ママ代行サービス「特別増量版」,ＨＡＬ．Ａ,2025-05-27, Bunnys ママ代行サービス特別増量版 .epub,Bunny's ママ代行サービス「特別増量版」,ＨＡＬ．Ａ,ja,,株式会社パラダイム,9784801594098
Mama×Holic ～魅惑のママと甘々カンケイ～「特別増量版」,男爵平野,2025-05-27, Mama×Holic　～魅惑のママと甘々カンケイ～特別増量版 .epub,Mama×Holic ～魅惑のママと甘々カンケイ～「特別増量版」,男爵平野,ja,,株式会社パラダイム,9784801592414
VTuberなんだが配信切り忘れたら伝説になってた９,七斗 七,2025-11-10, VTuberなんだが配信切り忘れたら伝説になってた９ .epub,VTuberなんだが配信切り忘れたら伝説になってた９,七斗 七,zh-CN,,株式会社ＫＡＤＯＫＡＷＡ,04075529A18404600000
「膣内射精されないと目覚められない眠り病」が蔓延した世界 彼女も妹も２００％受精させちゃう日常性活,生１００％,2025-07-30, 膣内射精されないと目覚められない眠り病が蔓延した世界　彼女も妹も２００受精させちゃう日常性活 .epub,「膣内射精されないと目覚められない眠り病」が蔓延した世界 彼女も妹も２００％受精させちゃう日常性活,生１００％,zh-CN,,フランス書院,urn:uuid:dfd5be54-70d8-aec9-4782-690606d15614
「膣内射精されないと目覚められない眠り病」が蔓延した世界 絶対托卵×不実受精フェスティバル！,生１００％,2025-07-30, 膣内射精されないと目覚められない眠り病が蔓延した世界　絶対托卵×不実受精フェスティバル .epub,「膣内射精されないと目覚められない眠り病」が蔓延した世界 絶対托卵×不実受精フェスティバル！,生１００％,zh-CN,,フランス書院,urn:uuid:b508b2d4-3ddd-cd46-5239-8e71b178a4b5
「膣内射精されないと目覚められない眠り病」が蔓延した世界 隣人妻とコスプレエッチで確定受精,生１００％,2025-07-30, 膣内射精されないと目覚められない眠り病が蔓延した世界　隣人妻とコスプレエッチで確定受精 .epub,「膣内射精されないと目覚められない眠り病」が蔓延した世界 隣人妻とコスプレエッチで確定受精,生１００％,zh-CN,,フランス書院,urn:uuid:0e303e9a-c54a-32d8-b1e9-298b76c8703b
『こちら、終末停滞委員会。４』BOOK☆WALKER限定書き下ろしショートストーリー,逢縁奇演,2025-06-12, こちら終末停滞委員会４BOOK☆WALKER限定書き下ろしショートストーリー .epub,『こちら、終末停滞委員会。４』BOOK☆WALKER限定書き下ろしショートストーリー,逢縁奇演,zh-CN,,KADOKAWA,syuumatuteitaiiinkai004
『幼馴染たちが人気アイドルになった3 ～甘々な彼女たちは俺に貢いでくれている～』BOOK☆WALKER限定書き下ろしショートストーリー,くろねこどらごん,2025-11-29, 幼馴染たちが人気アイドルになった3 ～甘々な彼女たちは俺に貢いでくれている～BOOK☆WALKER限定書き下ろしショートストーリー .epub,『幼馴染たちが人気アイドルになった3 ～甘々な彼女たちは俺に貢いでくれている～』BOOK☆WALKER限定書き下ろしショートストーリー,くろねこどらごん,zh-CN,,オーバーラップ,calibre:52
『物語の黒幕に転生して４ ～進化する魔剣とゲーム知識ですべてをねじ伏せる～』BOOK☆WALKER限定書き下ろしショートストーリー,結城涼,2025-07-19, 物語の黒幕に転生して４　～進化する魔剣とゲーム知識ですべてをねじ伏せる～BOOK☆WALKER限定書き下ろしショートストーリー .epub,『物語の黒幕に転生して４ ～進化する魔剣とゲーム知識ですべてをねじ伏せる～』BOOK☆WALKER限定書き下ろしショートストーリー,結城涼,zh-CN,,KADOKAWA,00034000A07605500000
『物語の黒幕に転生して６ ～進化する魔剣とゲーム知識ですべてをねじ伏せる～』BOOK☆WALKER限定書き下ろしショートストーリー,結城涼,2025-07-19, 物語の黒幕に転生して６　～進化する魔剣とゲーム知識ですべてをねじ伏せる～BOOK☆WALKER限定書き下ろしショートストーリー .epub,『物語の黒幕に転生して６ ～進化する魔剣とゲーム知識ですべてをねじ伏せる～』BOOK☆WALKER限定書き下ろしショートストーリー,結城涼,zh-CN,,KADOKAWA,monogatarinokuromaku006
『血の繋がらない私たちが家族になるたった一つの方法』BOOK☆WALKER限定書き下ろしショートストーリー,雲雀湯,2026-02-10, 血の繋がらない私たちが家族になるたった一つの方法BOOK☆WALKER限定書き下ろしショートストーリー .epub,『血の繋がらない私たちが家族になるたった一つの方法』BOOK☆WALKER限定書き下ろしショートストーリー,雲雀湯,zh-CN,,KADOKAWA,00034000A07605500000
『趣味改変アプリ』で女の子にエロい趣味を持たせたら一体全体どうなるの？ という実験をしてみた話,催眠電波,2025-07-01, 趣味改変アプリで女の子にエロい趣味を持たせたら一体全体どうなるの という実験をしてみた話 .epub,『趣味改変アプリ』で女の子にエロい趣味を持たせたら一体全体どうなるの？ という実験をしてみた話,催眠電波,zh-CN,,フランス書院,urn:uuid:ed1585c6-c020-071f-9467-55dc59a946cc
『趣味改変アプリ』で女の子にエロい趣味を持たせたら一体全体どうなるの？ という実験をしてみた話２,催眠電波,2025-07-01, 趣味改変アプリで女の子にエロい趣味を持たせたら一体全体どうなるの という実験をしてみた話２ .epub,『趣味改変アプリ』で女の子にエロい趣味を持たせたら一体全体どうなるの？ という実験をしてみた話２,催眠電波,zh-CN,,フランス書院,urn:uuid:49cfacf6-c2cc-e1ca-9948-a09cce875195
『趣味改変アプリ』で女の子にエロい趣味を持たせたら一体全体どうなるの？ という実験をしてみた話３,催眠電波,2025-07-01, 趣味改変アプリで女の子にエロい趣味を持たせたら一体全体どうなるの　という実験をしてみた話３ .epub,『趣味改変アプリ』で女の子にエロい趣味を持たせたら一体全体どうなるの？ という実験をしてみた話３,催眠電波,zh-CN,,フランス書院,urn:uuid:22da40b1-8c48-255b-72e9-7d5e716a2ece
【劇場特典】青春ブタ野郎はスプリングデイズの夢を見る,鴨志田　一,2025-05-23, 劇場特典青春ブタ野郎はスプリングデイズの夢を見る .epub,【劇場特典】青春ブタ野郎はスプリングデイズの夢を見る,鴨志田 一,ja,,株式会社ＫＡＤＯＫＡＷＡ,04000000A16856500000
【配信用】ブルーロア・プラネット1 〜銛突きの少年と碧水の巫女〜,うつみいっ筆,2025-11-08, 配信用ブルーロアプラネット1　銛突きの少年と碧水の巫女 .epub,【配信用】ブルーロア・プラネット1 〜銛突きの少年と碧水の巫女〜,うつみいっ筆,zh-CN,,,urn:uuid:90549278-6292-4562-b894-ce7835350187
【配信用】ブルーロア・プラネット２ 石林島の秘薬と人魚の祠,うつみいっ筆,2025-11-08, 配信用ブルーロアプラネット２ 石林島の秘薬と人魚の祠 .epub,【配信用】ブルーロア・プラネット２ 石林島の秘薬と人魚の祠,うつみいっ筆,zh-CN,,,calibre:165
【電子版】たのしい異世界ハクスラ生活、あるいは超紳士的英雄譚１ 迷宮より愛をこめて ～非モテな淫魔と寂しがりやなドラゴン令嬢～,いらえ丸,2026-04-09, 電子版たのしい異世界ハクスラ生活あるいは超紳士的英雄譚１ 迷宮より愛をこめて ～非モテな淫魔と寂しがりやなドラゴン令嬢～ .epub,【電子版】たのしい異世界ハクスラ生活、あるいは超紳士的英雄譚１ 迷宮より愛をこめて ～非モテな淫魔と寂しがりやなドラゴン令嬢～,いらえ丸,zh-CN,,株式会社ＫＡＤＯＫＡＷＡ,B0GMF13GXJ
【電子版限定特典付き】TS転生美少女音虎玲子は寝取られたい2 (HJ文庫),二本目海老天マン,2026-02-26, 電子版限定特典付きTS転生美少女音虎玲子は寝取られたい2 HJ文庫 .epub,【電子版限定特典付き】TS転生美少女音虎玲子は寝取られたい2 (HJ文庫),二本目海老天マン,zh-CN,,ホビージャパン,ca223594-e84b-4d8d-a6dd-334feeb493ea
【電子版限定特典付き】いっつも塩対応な幼なじみだけど、俺に片想いしているのがバレバレでかわいい。2 (HJ文庫),六升六郎太,2025-08-20, 電子版限定特典付きいっつも塩対応な幼なじみだけど俺に片想いしているのがバレバレでかわいい2 HJ文庫 .epub,【電子版限定特典付き】いっつも塩対応な幼なじみだけど、俺に片想いしているのがバレバレでかわいい。2 (HJ文庫),六升六郎太,zh-CN,,ホビージャパン,B0989RT4BG
【電子版限定特典付き】やがて黒幕へと至る最適解 2,藤木わしろ,2025-06-04, 電子版限定特典付きやがて黒幕へと至る最適解 2 .epub,【電子版限定特典付き】やがて黒幕へと至る最適解 2,藤木わしろ,zh-CN,,ホビージャパン,urn:uuid:F1F3AC13-50F5-46FC-80DF-7F1797803774
【電子版限定特典付き】やがて黒幕へと至る最適解 3,藤木わしろ,2025-07-02, 電子版限定特典付きやがて黒幕へと至る最適解 3 .epub,【電子版限定特典付き】やがて黒幕へと至る最適解 3,藤木わしろ,zh-CN,,ホビージャパン,urn:uuid:5C4BF8F8-CF70-4191-B8EE-92926C3E1A7C
【電子版限定特典付き】やがて黒幕へと至る最適解1 (HJ文庫),藤木わしろ,2025-06-04, 電子版限定特典付きやがて黒幕へと至る最適解1 HJ文庫 .epub,【電子版限定特典付き】やがて黒幕へと至る最適解1 (HJ文庫),藤木わしろ,zh-CN,,ホビージャパン,9f394cd9-3240-4220-93c8-d981a49dd392
【電子版限定特典付き】クロの戦記 13 異世界転移した僕が最強なのはベッドの上だけのようです,サイトウアユム,2025-05-19, 電子版限定特典付きクロの戦記 13 異世界転移した僕が最強なのはベッドの上だけのようです .epub,【電子版限定特典付き】クロの戦記 13 異世界転移した僕が最強なのはベッドの上だけのようです,サイトウアユム,ja,,ホビージャパン,B0CM38YXCL
【電子版限定特典付き】リピート・ヴァイス 2～悪役貴族は死にたくないので四天王になるのをやめました～,黒川陽継,2025-05-27, 電子版限定特典付きリピートヴァイス 2～悪役貴族は死にたくないので四天王になるのをやめました～ .epub,【電子版限定特典付き】リピート・ヴァイス 2～悪役貴族は死にたくないので四天王になるのをやめました～,黒川陽継,ja,,ホビージャパン,11aec449-4fef-4700-93fb-76b50e17c79e
【電子版限定特典付き】リピート・ヴァイス 3 ～悪役貴族は死にたくないので四天王になるのをやめました～,黒川陽継,2025-05-27, 電子版限定特典付きリピートヴァイス 3 ～悪役貴族は死にたくないので四天王になるのをやめました～ .epub,【電子版限定特典付き】リピート・ヴァイス 3 ～悪役貴族は死にたくないので四天王になるのをやめました～,黒川陽継,ja,,ホビージャパン,f7bb497a-01d9-4519-8b7e-253bf464610a
【電子版限定特典付き】リピート・ヴァイス 4～悪役貴族は死にたくないので四天王になるのをやめました～,黒川陽継,2025-05-27, 電子版限定特典付きリピートヴァイス 4～悪役貴族は死にたくないので四天王になるのをやめました～ .epub,【電子版限定特典付き】リピート・ヴァイス 4～悪役貴族は死にたくないので四天王になるのをやめました～,黒川陽継,ja,,ホビージャパン,cd7f6b0f-86ac-4f5b-9cdb-1e737079f082
【電子版限定特典付き】リピート・ヴァイス1～悪役貴族は死にたくないので四天王になるのをやめました～ (HJ文庫),黒川陽継,2025-05-27, 電子版限定特典付きリピートヴァイス1～悪役貴族は死にたくないので四天王になるのをやめました～ HJ文庫 .epub,【電子版限定特典付き】リピート・ヴァイス1～悪役貴族は死にたくないので四天王になるのをやめました～ (HJ文庫),黒川陽継,ja,,ホビージャパン,B0CTTFLCW9
【電子版限定特典付き】国家令嬢は価値なき俺を三億で 1,氷雨ユータ,2025-12-01, 電子版限定特典付き国家令嬢は価値なき俺を三億で 1 .epub,【電子版限定特典付き】国家令嬢は価値なき俺を三億で 1,氷雨ユータ,zh-CN,,ホビージャパン,urn:uuid:E63DD2B8-17C5-47A2-8A25-772513596CAA
【電子版限定特典付き】才女のお世話 10 高嶺の花だらけな名門校で、学院一のお嬢様（生活能力皆無）を陰ながらお世話することになりました,坂石遊作,2025-11-24, 電子版限定特典付き才女のお世話 10　高嶺の花だらけな名門校で学院一のお嬢様生活能力皆無を陰ながらお世話することになりました .epub,【電子版限定特典付き】才女のお世話 10 高嶺の花だらけな名門校で、学院一のお嬢様（生活能力皆無）を陰ながらお世話することになりました,坂石遊作,ja,,ホビージャパン,urn:uuid:667e229d-e880-4964-8e00-2ade4f37d62c
【電子版限定特典付き】才女のお世話 11 高嶺の花だらけな名門校で、学院一のお嬢様（生活能力皆無）を陰ながらお世話することになりました,坂石遊作,2025-11-24, 電子版限定特典付き才女のお世話 11　高嶺の花だらけな名門校で学院一のお嬢様生活能力皆無を陰ながらお世話することになりました .epub,【電子版限定特典付き】才女のお世話 11 高嶺の花だらけな名門校で、学院一のお嬢様（生活能力皆無）を陰ながらお世話することになりました,坂石遊作,zh-CN,,ホビージャパン,urn:uuid:B196389A-A0E3-4B5E-AE4B-0AD135E58968
【電子版限定特典付き】陰キャの僕に罰ゲームで告白してきたはずのギャルが、どう見ても僕にベタ惚れです 12,結石,2025-11-29, 電子版限定特典付き陰キャの僕に罰ゲームで告白してきたはずのギャルがどう見ても僕にベタ惚れです 12 .epub,【電子版限定特典付き】陰キャの僕に罰ゲームで告白してきたはずのギャルが、どう見ても僕にベタ惚れです 12,結石,zh-CN,,ホビージャパン,urn:uuid:11E20D33-EBB9-400A-B226-6E2A1BFDCABF
【電子版限定特典付き】陰キャの僕に罰ゲームで告白してきたはずのギャルが、どう見ても僕にベタ惚れです11 (HJ文庫),結石,2025-11-29, 電子版限定特典付き陰キャの僕に罰ゲームで告白してきたはずのギャルがどう見ても僕にベタ惚れです11 HJ文庫 .epub,【電子版限定特典付き】陰キャの僕に罰ゲームで告白してきたはずのギャルが、どう見ても僕にベタ惚れです11 (HJ文庫),結石,ja,,ホビージャパン,urn:asin:B0DYP3NRZQ
あと１ヶ月で転校する僕の青春ラブコメ,,2025-11-24, あと１ヶ月で転校する僕の青春ラブコメ .epub,あと１ヶ月で転校する僕の青春ラブコメ,未知作者,zh-CN,,,Id_ED10CA57-29C2-4CEE-8C45-A2EAB46475C8_
あなた様の魔術【トリック】はすでに解けております -裁定魔術師レポフスキー卿とその侍女の事件簿-,白金　透,2025-06-17, あなた様の魔術トリックはすでに解けております　-裁定魔術師レポフスキー卿とその侍女の事件簿- .epub,あなた様の魔術【トリック】はすでに解けております -裁定魔術師レポフスキー卿とその侍女の事件簿-,白金 透,zh-CN,,株式会社ＫＡＤＯＫＡＷＡ,04916235A20695300000
あの夏に捧ぐ逢いことば,長山　久竜,2025-11-27, あの夏に捧ぐ逢いことば .epub,あの夏に捧ぐ逢いことば,長山 久竜,zh-CN,,株式会社ＫＡＤＯＫＡＷＡ,urn:uuid:42818fa1-7c1a-465e-9273-c3704c40b22e
あの日の恋（×3）が終わってくれない！1 想い出の美少女たちと再会したら、恋のレースが始まりました,柚本悠斗/かがちさく,2025-12-25, あの日の恋×3が終わってくれない1 想い出の美少女たちと再会したら恋のレースが始まりました .epub,あの日の恋（×3）が終わってくれない！1 想い出の美少女たちと再会したら、恋のレースが始まりました,柚本悠斗/かがちさく,zh-CN,,,epubx_B-27651-129231473-001-001
あの日の恋（×3）が終わってくれない！② 想い出の美少女たちと再会したら、恋のレースが始まりました,柚本悠斗,2025-12-25, あの日の恋×3が終わってくれない②　想い出の美少女たちと再会したら恋のレースが始まりました .epub,あの日の恋（×3）が終わってくれない！② 想い出の美少女たちと再会したら、恋のレースが始まりました,柚本悠斗,zh-CN,,株式会社オーバーラップ,urn:uuid:6e067f34-a85f-4275-941d-3a3ce8c40f4a
あの頃イイ感じだった女子たちと同じクラスになりました 【電子特別版】,御宮　ゆう,2025-06-17, あの頃イイ感じだった女子たちと同じクラスになりました 電子特別版 .epub,あの頃イイ感じだった女子たちと同じクラスになりました 【電子特別版】,御宮 ゆう,zh-CN,,株式会社ＫＡＤＯＫＡＷＡ,04115226A18722500000
あの頃イイ感じだった女子たちと同じクラスになりました２【電子特別版】,御宮　ゆう,2025-06-17, あの頃イイ感じだった女子たちと同じクラスになりました２電子特別版 .epub,あの頃イイ感じだった女子たちと同じクラスになりました２【電子特別版】,御宮 ゆう,zh-CN,,株式会社ＫＡＤＯＫＡＷＡ,04116063A21095200000
あの頃イイ感じだった女子たちと同じクラスになりました３【電子特別版】 (角川スニーカー文庫),御宮 ゆう,2025-11-29, あの頃イイ感じだった女子たちと同じクラスになりました３電子特別版 角川スニーカー文庫 .epub,あの頃イイ感じだった女子たちと同じクラスになりました３【電子特別版】 (角川スニーカー文庫),御宮 ゆう,zh-CN,,株式会社ＫＡＤＯＫＡＷＡ,B0G2KWKX7H
いっつも塩対応な幼なじみだけど、俺に片想いしているのがバレバレでかわいい。3 (HJ文庫),六升六郎太,2025-08-20, いっつも塩対応な幼なじみだけど俺に片想いしているのがバレバレでかわいい3 HJ文庫 .epub,いっつも塩対応な幼なじみだけど、俺に片想いしているのがバレバレでかわいい。3 (HJ文庫),六升六郎太,zh-CN,,ホビージャパン,B09P87XQ7T
いっつも塩対応な幼なじみだけど、俺に片想いしているのがバレバレでかわいい。１,六升六郎太,2025-08-20, いっつも塩対応な幼なじみだけど俺に片想いしているのがバレバレでかわいい１ .epub,いっつも塩対応な幼なじみだけど、俺に片想いしているのがバレバレでかわいい。１,六升六郎太,zh-CN,,ホビージャパン,B08R9XPSSD
うちの清楚系委員長がかつて中二病アイドルだったことを俺だけが知っている。 【電子特典付き】 (講談社ラノベ文庫),三上こた,2025-08-20, うちの清楚系委員長がかつて中二病アイドルだったことを俺だけが知っている 電子特典付き 講談社ラノベ文庫 .epub,うちの清楚系委員長がかつて中二病アイドルだったことを俺だけが知っている。 【電子特典付き】 (講談社ラノベ文庫),三上こた,zh-CN,,講談社,B0D78LYW59
うちの清楚系委員長がかつて中二病アイドルだったことを俺だけが知っている。２ 【電子特典付き】,三上　こた,2025-08-20, うちの清楚系委員長がかつて中二病アイドルだったことを俺だけが知っている２　電子特典付き .epub,うちの清楚系委員長がかつて中二病アイドルだったことを俺だけが知っている。２ 【電子特典付き】,三上 こた,zh-CN,,講談社,urn:jdcn:06A0000000000914875J
おしかけお姉さん (二次元ぷち文庫),岡下誠,2025-08-05, おしかけお姉さん 二次元ぷち文庫 .epub,おしかけお姉さん (二次元ぷち文庫),岡下誠,zh-CN,,株式会社キルタイムコミュニケーション,825b4472-ffee-4bad-80bb-6fe5398050e9
お世話した王女様、ずっとくっついてくる【電子特典付き】,夏乃実,2025-12-23, お世話した王女様ずっとくっついてくる電子特典付き .epub,お世話した王女様、ずっとくっついてくる【電子特典付き】,夏乃実,zh-CN,,株式会社ＫＡＤＯＫＡＷＡ,04076173A23276000000
お前ら早く結婚しろよっ！２ そう言われてる女子の様子が変なんですけど？【電子特典付き】 (MF文庫J),優汰,2025-08-31, お前ら早く結婚しろよっ２　そう言われてる女子の様子が変なんですけど電子特典付き MF文庫J .epub,お前ら早く結婚しろよっ！２ そう言われてる女子の様子が変なんですけど？【電子特典付き】 (MF文庫J),優汰,zh-CN,,株式会社ＫＡＤＯＫＡＷＡ,urn:asin:B0FLNLXLPY
お姉さん派の俺がなぜちっちゃい君を好きになったのか？【電子特典付き】,鏡　遊,2026-01-27, お姉さん派の俺がなぜちっちゃい君を好きになったのか電子特典付き .epub,お姉さん派の俺がなぜちっちゃい君を好きになったのか？【電子特典付き】,鏡 遊,zh-CN,,株式会社ＫＡＤＯＫＡＷＡ,04685506A23624000000
お姉ちゃんは、彼女で先生で超ブラコン１ (ブレイブ文庫),みなもと十華,2026-04-09, お姉ちゃんは彼女で先生で超ブラコン１ ブレイブ文庫 .epub,お姉ちゃんは、彼女で先生で超ブラコン１ (ブレイブ文庫),みなもと十華,zh-CN,,株式会社一二三書房,B0GR7S3K1X
お隣に美人姉妹が引っ越してきたら人生が一変した,ヘイドラ,2025-05-29, お隣に美人姉妹が引っ越してきたら人生が一変した .epub,お隣に美人姉妹が引っ越してきたら人生が一変した,ヘイドラ,ja,,フランス書院,urn:uuid:c71e3ba2-5a50-4ef5-cbbc-054c34410868
きみにナイショの七角計画【電子特典付き】,かつび　圭尚,2026-02-26, きみにナイショの七角計画電子特典付き .epub,きみにナイショの七角計画【電子特典付き】,かつび 圭尚,zh-CN,,株式会社ＫＡＤＯＫＡＷＡ,urn:uuid:07d2038d-a3c0-46d4-8fbc-dbb2e049d6a9
くたばれ愛しの魔術師ども,佐藤真登,2026-02-14, くたばれ愛しの魔術師ども .epub,くたばれ愛しの魔術師ども,佐藤真登,zh-CN,,SBクリエイティブ株式会社,calibre:125
こちら、終末停滞委員会。です！--外伝・書き下ろし,,2025-06-10, こちら終末停滞委員会です--外伝書き下ろし .epub,こちら、終末停滞委員会。です！--外伝・書き下ろし,,ja,,,urn:uuid:e8f8fcf8-df76-405e-b593-be17a9089d05
この△ラブコメは幸せになる義務がある。 (電撃文庫),榛名 千紘,2025-12-07, この△ラブコメは幸せになる義務がある 電撃文庫 .epub,この△ラブコメは幸せになる義務がある。 (電撃文庫),榛名 千紘,zh-CN,,株式会社ＫＡＤＯＫＡＷＡ,4c8c31ce-c53f-4db4-b523-f6b7b2d5704c
この△ラブコメは幸せになる義務がある。２【電子特別版】 (電撃文庫),榛名 千紘,2025-12-07, この△ラブコメは幸せになる義務がある２電子特別版 電撃文庫 .epub,この△ラブコメは幸せになる義務がある。２【電子特別版】 (電撃文庫),榛名 千紘,zh-CN,,株式会社ＫＡＤＯＫＡＷＡ,B0B7R9RXV9
この△ラブコメは幸せになる義務がある。３【電子特別版】 (電撃文庫),榛名 千紘,2025-12-07, この△ラブコメは幸せになる義務がある３電子特別版 電撃文庫 .epub,この△ラブコメは幸せになる義務がある。３【電子特別版】 (電撃文庫),榛名 千紘,zh-CN,,株式会社ＫＡＤＯＫＡＷＡ,B0BN9PBFL7
この△ラブコメは幸せになる義務がある。４【電子特別版】 (電撃文庫),榛名 千紘,2025-12-07, この△ラブコメは幸せになる義務がある４電子特別版 電撃文庫 .epub,この△ラブコメは幸せになる義務がある。４【電子特別版】 (電撃文庫),榛名 千紘,zh-CN,,株式会社ＫＡＤＯＫＡＷＡ,B0C93BPXX3
このコスプレお姉さんは、僕専用らしい,衣太,2025-12-25, このコスプレお姉さんは僕専用らしい .epub,このコスプレお姉さんは、僕専用らしい,衣太,zh-CN,,株式会社ＫＡＤＯＫＡＷＡ,2849930949
このコスプレお姉さんは、僕専用らしい２,衣太,2025-12-25, このコスプレお姉さんは僕専用らしい２ .epub,このコスプレお姉さんは、僕専用らしい２,衣太,zh-CN,,株式会社ＫＡＤＯＫＡＷＡ,04076218A23527200000
この学園が催眠にかけられていると俺だけが知っている,セラ,2025-08-05, この学園が催眠にかけられていると俺だけが知っている .epub,この学園が催眠にかけられていると俺だけが知っている,セラ,zh-CN,,フランス書院,urn:uuid:4c118623-2b8c-4278-6ebf-dab6632817bd
この学園が催眠にかけられていると俺だけが知っている 消えた術師と残されたハーレム大学,セラ,2025-08-05, この学園が催眠にかけられていると俺だけが知っている　消えた術師と残されたハーレム大学 .epub,この学園が催眠にかけられていると俺だけが知っている 消えた術師と残されたハーレム大学,セラ,zh-CN,,フランス書院,urn:uuid:16ee2399-f9d7-802c-df3b-73767792fd97
この学園が催眠にかけられていると俺だけが知っている 淫らな新天地と潜入した女スパイ,セラ,2025-08-05, この学園が催眠にかけられていると俺だけが知っている　淫らな新天地と潜入した女スパイ .epub,この学園が催眠にかけられていると俺だけが知っている 淫らな新天地と潜入した女スパイ,セラ,zh-CN,,フランス書院,urn:uuid:5c3efec2-5237-bda8-57fa-693f8be4b1a4
この学園が催眠にかけられていると俺だけが知っている 耐性持ち少女と新たなる術師,セラ,2025-08-05, この学園が催眠にかけられていると俺だけが知っている　耐性持ち少女と新たなる術師 .epub,この学園が催眠にかけられていると俺だけが知っている 耐性持ち少女と新たなる術師,セラ,zh-CN,,フランス書院,urn:uuid:f030596c-5ef1-0ff0-bec1-e52fbab854a1
この水泳部は何かおかしい 僕が愛する幼馴染はセックス予約３か月待ち!?,涼しい,2025-08-05, この水泳部は何かおかしい　僕が愛する幼馴染はセックス予約３か月待ち .epub,この水泳部は何かおかしい 僕が愛する幼馴染はセックス予約３か月待ち!?,涼しい,zh-CN,,フランス書院,urn:uuid:77a02651-098e-186b-8664-0e1bcb00e6b4
これはあくまで、ままごとだから。,真代屋 秀晃,2025-08-29, これはあくまでままごとだから .epub,これはあくまで、ままごとだから。,真代屋 秀晃,zh-CN,,株式会社ＫＡＤＯＫＡＷＡ,B0CZ8KHRRH
これはあくまで、ままごとだから。２,真代屋 秀晃,2025-08-29, これはあくまでままごとだから２ .epub,これはあくまで、ままごとだから。２,真代屋 秀晃,zh-CN,,株式会社ＫＡＤＯＫＡＷＡ,B0DFFRQQ49
こんなチンポに誰がした！〜不本意寝取り系純愛ハーレム奇譚〜１巻: 黒淵麗奈が哭いた夜,ブラック木蓮,2025-08-05, こんなチンポに誰がした不本意寝取り系純愛ハーレム奇譚１巻 黒淵麗奈が哭いた夜 .epub,こんなチンポに誰がした！〜不本意寝取り系純愛ハーレム奇譚〜１巻: 黒淵麗奈が哭いた夜,ブラック木蓮,zh-CN,,,85a981dd-e44a-4e1f-9392-ccbb922a30ae
それでも、あなたは回すのか,紙木織々,2025-11-21, それでもあなたは回すのか .epub,それでも、あなたは回すのか,紙木織々,zh-CN,,新潮社,Id_447C65F8-253C-4730-9BBA-E1FDD5016C8A_
ただの後方腕組転生者、うっかり勇者に拍手を送ったら黒幕扱いされる。 (角川スニーカー文庫),森空亭,2026-02-06, ただの後方腕組転生者うっかり勇者に拍手を送ったら黒幕扱いされる 角川スニーカー文庫 .epub,ただの後方腕組転生者、うっかり勇者に拍手を送ったら黒幕扱いされる。 (角川スニーカー文庫),森空亭,zh-CN,,株式会社ＫＡＤＯＫＡＷＡ,urn:asin:B0G5WV3T8T
ちょっぴり年上でも彼女にしてくれますか？６ ～とびっきりの王子様～,望 公太,2025-08-11, ちょっぴり年上でも彼女にしてくれますか６　～とびっきりの王子様～ .epub,ちょっぴり年上でも彼女にしてくれますか？６ ～とびっきりの王子様～,望 公太,zh-CN,,SBクリエイティブ株式会社,B088NQRV93
とても都合のいいオナホ先輩,九龍城砦,2025-10-17, とても都合のいいオナホ先輩 .epub,とても都合のいいオナホ先輩,九龍城砦,zh-CN,,フランス書院,urn:uuid:6599d4e6-411f-96dd-e4a4-9590991f9f45
とても都合のいいオナホ先輩２ 九条アリス先生編,九龍城砦,2025-10-17, とても都合のいいオナホ先輩２　九条アリス先生編 .epub,とても都合のいいオナホ先輩２ 九条アリス先生編,九龍城砦,zh-CN,,フランス書院,urn:uuid:5b09a5da-6b8a-f119-5001-b36789cba4f8
とても都合のいいオナホ先輩３ 黄衣の女王ちゃん編,九龍城砦,2025-10-17, とても都合のいいオナホ先輩３　黄衣の女王ちゃん編 .epub,とても都合のいいオナホ先輩３ 黄衣の女王ちゃん編,九龍城砦,zh-CN,,フランス書院,urn:uuid:bebdbb03-42f4-0340-c08c-194810115552
とても都合のいいオナホ先輩４ 大いなる邪神編,九龍城砦,2025-10-17, とても都合のいいオナホ先輩４　大いなる邪神編 .epub,とても都合のいいオナホ先輩４ 大いなる邪神編,九龍城砦,zh-CN,,フランス書院,urn:uuid:ab3321a0-b4dc-98bd-089f-5a30547e97d2
とても都合のいいオナホ先輩５ 忘れ去られし旧神編,九龍城砦,2025-10-17, とても都合のいいオナホ先輩５ 忘れ去られし旧神編 .epub,とても都合のいいオナホ先輩５ 忘れ去られし旧神編,九龍城砦,zh-CN,,フランス書院,calibre:508
とろ蜜女教師のＨな個人授業,庵乃音人,2025-07-30, とろ蜜女教師のＨな個人授業 .epub,とろ蜜女教師のＨな個人授業,庵乃音人,zh-CN,,株式会社キルタイムコミュニケーション,B087M8TWBD
とろ蜜熟女喫茶 未亡人・人妻・女社長,庵乃音人,2025-08-05, とろ蜜熟女喫茶　未亡人人妻女社長 .epub,とろ蜜熟女喫茶 未亡人・人妻・女社長,庵乃音人,zh-CN,,株式会社キルタイムコミュニケーション,B00KLSBGLS
どうかこの手にスズランを,懺悔,2025-07-30, どうかこの手にスズランを .epub,どうかこの手にスズランを,懺悔,zh-CN,,株式会社キルタイムコミュニケーション,B07XQSGM1Z
ぼくのことバカにしていた後輩ギャルが全裸で土下座した逆転のハメ撮り48時間プレミアムパック ぼくバカ (フランス書院eブックス),ＸＰＪｂｏｘ,2025-07-01, ぼくのことバカにしていた後輩ギャルが全裸で土下座した逆転のハメ撮り48時間プレミアムパック ぼくバカ フランス書院eブックス .epub,ぼくのことバカにしていた後輩ギャルが全裸で土下座した逆転のハメ撮り48時間プレミアムパック ぼくバカ (フランス書院eブックス),ＸＰＪｂｏｘ,zh-CN,,フランス書院,B09MYZ5SRF
ぼくのことバカにしていた後輩ギャルたちがダブルで全裸土下座した週末シークレットパック,XPJbox,2025-07-01, ぼくのことバカにしていた後輩ギャルたちがダブルで全裸土下座した週末シークレットパック .epub,ぼくのことバカにしていた後輩ギャルたちがダブルで全裸土下座した週末シークレットパック,XPJbox,zh-CN,,フランス書院,urn:uuid:c19ea909-55e2-703b-b0d2-2ec07356a361
また殺されてしまったのですね、探偵様６【電子特典付き】,てにをは,2025-11-30, また殺されてしまったのですね探偵様６電子特典付き .epub,また殺されてしまったのですね、探偵様６【電子特典付き】,てにをは,zh-CN,,株式会社ＫＡＤＯＫＡＷＡ,04685444A23359000000
ままごと ～ままとないしょのえっちしましょ～「特別増量版」,橘トラ,2025-05-27, ままごと　～ままとないしょのえっちしましょ～特別増量版 .epub,ままごと ～ままとないしょのえっちしましょ～「特別増量版」,橘トラ,ja,,株式会社パラダイム,97848015302180000000
ままごと ～ままとないしょのえっちしましょ～「特別増量版」,橘トラ,2025-07-30, ままごと　～ままとないしょのえっちしましょ～特別増量版  1.epub,ままごと ～ままとないしょのえっちしましょ～「特別増量版」,橘トラ,zh-CN,,株式会社パラダイム,97848015302180000000
もっと！孕ませ！炎のおっぱい異世界おっぱいメイド学園！「特別増量版」,川原圭人,2025-09-22, もっと孕ませ炎のおっぱい異世界おっぱいメイド学園特別増量版 .epub,もっと！孕ませ！炎のおっぱい異世界おっぱいメイド学園！「特別増量版」,川原圭人,zh-CN,,株式会社パラダイム,9784801592988
もっと！孕ませ！炎のおっぱい超エロ☆アプリ学園！「特別増量版」,川原圭人,2025-09-22, もっと孕ませ炎のおっぱい超エロ☆アプリ学園特別増量版 .epub,もっと！孕ませ！炎のおっぱい超エロ☆アプリ学園！「特別増量版」,川原圭人,zh-CN,,株式会社パラダイム,9784801592865
やぁ“登校”に挑めニンゲン ～ゲーマー共は武器を片手に歪んだ校舎を踏破する～【電子特典付き】,罠和　ノワナ,2025-11-25, やぁ登校に挑めニンゲン　～ゲーマー共は武器を片手に歪んだ校舎を踏破する～電子特典付き .epub,やぁ“登校”に挑めニンゲン ～ゲーマー共は武器を片手に歪んだ校舎を踏破する～【電子特典付き】,罠和 ノワナ,zh-CN,,株式会社ＫＡＤＯＫＡＷＡ,urn:uuid:db251a8f-30ad-45b1-a4ee-3d23831876fc
やぁ“登校”に挑めニンゲン２【電子特典付き】,罠和　ノワナ,2026-02-26, やぁ登校に挑めニンゲン２電子特典付き .epub,やぁ“登校”に挑めニンゲン２【電子特典付き】,罠和 ノワナ,zh-CN,,株式会社ＫＡＤＯＫＡＷＡ,urn:uuid:c07e6332-c9ad-4cec-828d-51e40cf7ec77
やり直し悪徳領主は反省しない！ (富士見ファンタジア文庫),桜生 懐,2025-11-24, やり直し悪徳領主は反省しない 富士見ファンタジア文庫 .epub,やり直し悪徳領主は反省しない！ (富士見ファンタジア文庫),桜生 懐,zh-CN,,株式会社ＫＡＤＯＫＡＷＡ,ASIN:B0CPDRDKLW
やり直し悪徳領主は反省しない！２ (富士見ファンタジア文庫),桜生 懐,2025-11-24, やり直し悪徳領主は反省しない２ 富士見ファンタジア文庫 .epub,やり直し悪徳領主は反省しない！２ (富士見ファンタジア文庫),桜生 懐,zh-CN,,株式会社ＫＡＤＯＫＡＷＡ,46afbba2-fe9e-46a9-8c6a-e3680d13d485
やり直し悪徳領主は反省しない！３【電子特別版】,桜生　懐,2025-11-24, やり直し悪徳領主は反省しない３電子特別版 .epub,やり直し悪徳領主は反省しない！３【電子特別版】,桜生 懐,zh-CN,,株式会社ＫＡＤＯＫＡＷＡ,04075933A21575300000
わたしが恋人になれるわけないじゃん、ムリムリ！（※ムリじゃなかった!?） 8,みかみてれん,2025-09-25, わたしが恋人になれるわけないじゃんムリムリムリじゃなかった 8 .epub,わたしが恋人になれるわけないじゃん、ムリムリ！（※ムリじゃなかった!?） 8,みかみてれん,zh-CN,,株式会社 集英社,08631617017696000000
アネハメ 俺の初恋が実姉なわけがない (美少女文庫),懺悔,2025-07-28, アネハメ 俺の初恋が実姉なわけがない 美少女文庫 .epub,アネハメ 俺の初恋が実姉なわけがない (美少女文庫),懺悔,zh-CN,,フランス書院,fb30a7c8-bb81-4c85-b901-edf6cacb3c0d
イジラレ～復讐催眠～,おくとぱす,2025-07-30, イジラレ～復讐催眠～ .epub,イジラレ～復讐催眠～,おくとぱす,zh-CN,,フランス書院,B07SY7D2L3
イチャマゾ for M ドＳなメイドさんにお仕置き三昧！,愛内なの,2025-06-17, イチャマゾ for M　ドＳなメイドさんにお仕置き三昧 .epub,イチャマゾ for M ドＳなメイドさんにお仕置き三昧！,愛内なの,zh-CN,,株式会社パラダイム,B079PJTWBP
イチャマゾ!! ドＭお嬢さまとドＳメイドの挑戦状,愛内なの,2025-06-17, イチャマゾ　ドＭお嬢さまとドＳメイドの挑戦状 .epub,イチャマゾ!! ドＭお嬢さまとドＳメイドの挑戦状,愛内なの,zh-CN,,株式会社パラダイム,B01J1OKJVK
エッチすぎる悪役令嬢が選んだ新婚約者が白豚王子の俺とか本気ですか？,さささのよし,2025-07-30, エッチすぎる悪役令嬢が選んだ新婚約者が白豚王子の俺とか本気ですか .epub,エッチすぎる悪役令嬢が選んだ新婚約者が白豚王子の俺とか本気ですか？,さささのよし,zh-CN,,フランス書院,calibre:6
エッチできるＶＲＭＭＯで性奴隷にした美少女たちがリアルでも知り合いだった件,ソルティ,2025-05-19, エッチできるＶＲＭＭＯで性奴隷にした美少女たちがリアルでも知り合いだった件 .epub,エッチできるＶＲＭＭＯで性奴隷にした美少女たちがリアルでも知り合いだった件,ソルティ,ja,,フランス書院,urn:uuid:896a9454-c29b-de37-4d09-29bb1e5f3a14
エッチできるＶＲＭＭＯで性奴隷にした美少女たちがリアルでも知り合いだった件【修学旅行でゲーム＆リアルハーレム】,ソルティ,2025-05-19, エッチできるＶＲＭＭＯで性奴隷にした美少女たちがリアルでも知り合いだった件修学旅行でゲームリアルハーレム .epub,エッチできるＶＲＭＭＯで性奴隷にした美少女たちがリアルでも知り合いだった件【修学旅行でゲーム＆リアルハーレム】,ソルティ,ja,,フランス書院,urn:uuid:c993c057-f145-2cff-02c3-a5df4965463b
エッチできるＶＲＭＭＯで性奴隷にした美少女たちがリアルでも知り合いだった件【性なる夜の種付けハーレムエッチ】,ソルティ,2025-05-19, エッチできるＶＲＭＭＯで性奴隷にした美少女たちがリアルでも知り合いだった件性なる夜の種付けハーレムエッチ .epub,エッチできるＶＲＭＭＯで性奴隷にした美少女たちがリアルでも知り合いだった件【性なる夜の種付けハーレムエッチ】,ソルティ,ja,,フランス書院,urn:uuid:04993a26-c287-bc02-0be0-5f288309d110
エッチできるＶＲＭＭＯで性奴隷にした美少女たちがリアルでも知り合いだった件【性奴隷たちと夢のリアルハーレム】,ソルティ,2025-05-19, エッチできるＶＲＭＭＯで性奴隷にした美少女たちがリアルでも知り合いだった件性奴隷たちと夢のリアルハーレム .epub,エッチできるＶＲＭＭＯで性奴隷にした美少女たちがリアルでも知り合いだった件【性奴隷たちと夢のリアルハーレム】,ソルティ,ja,,フランス書院,urn:uuid:afa3e342-77b7-2b2b-d7e8-3a66d4110b4a
エッチできるＶＲＭＭＯで性奴隷にした美少女たちがリアルでも知り合いだった件【淫魔姫と初イベント】,ソルティ,2025-05-19, エッチできるＶＲＭＭＯで性奴隷にした美少女たちがリアルでも知り合いだった件淫魔姫と初イベント .epub,エッチできるＶＲＭＭＯで性奴隷にした美少女たちがリアルでも知り合いだった件【淫魔姫と初イベント】,ソルティ,ja,,フランス書院,urn:uuid:a21dc8be-ac74-56be-f6b3-d15b5fcbb999
エッチできるＶＲＭＭＯで性奴隷にした美少女たちがリアルでも知り合いだった件【祝！ 修学旅行でハーレム完成】,ソルティ,2025-05-19, エッチできるＶＲＭＭＯで性奴隷にした美少女たちがリアルでも知り合いだった件祝　修学旅行でハーレム完成 .epub,エッチできるＶＲＭＭＯで性奴隷にした美少女たちがリアルでも知り合いだった件【祝！ 修学旅行でハーレム完成】,ソルティ,ja,,フランス書院,urn:uuid:9f4c9c77-1cd6-462b-91b8-2ba2053527e3
エルフに淫紋を付ける本 エルフの里で種付けハーレム！,山口陽,2025-11-24, エルフに淫紋を付ける本　エルフの里で種付けハーレム .epub,エルフに淫紋を付ける本 エルフの里で種付けハーレム！,山口陽,zh-CN,,フランス書院,urn:uuid:edcab161-2cc2-05fb-ead1-90af85eb1545
エルフに淫紋を付ける本 シルファの快楽堕ち冒険譚,山口陽,2025-11-24, エルフに淫紋を付ける本　シルファの快楽堕ち冒険譚 .epub,エルフに淫紋を付ける本 シルファの快楽堕ち冒険譚,山口陽,zh-CN,,フランス書院,urn:uuid:ed0843a0-2b97-4909-b7e9-d5985924c4f5
エルフェンキング ～人間の男がエルフ王国を奪い、従順な淫乱雌エルフに堕として支配する国盗り物語～「特別増量版」,K-TOK,2025-08-05, エルフェンキング ～人間の男がエルフ王国を奪い従順な淫乱雌エルフに堕として支配する国盗り物語～特別増量版 .epub,エルフェンキング ～人間の男がエルフ王国を奪い、従順な淫乱雌エルフに堕として支配する国盗り物語～「特別増量版」,K-TOK,zh-CN,,株式会社パラダイム,calibre:100
エロゲの伯爵令嬢を奉仕メイド堕ちさせる悪役御曹司に転生した俺はざまぁを回避する その結果、メインヒロインが勇者学院で毎日逆夜這いに来るのだが…… (富士見ファンタジア文庫),東夷,2025-07-04, エロゲの伯爵令嬢を奉仕メイド堕ちさせる悪役御曹司に転生した俺はざまぁを回避する その結果メインヒロインが勇者学院で毎日逆夜這いに来るのだが 富士見ファンタ.epub,エロゲの伯爵令嬢を奉仕メイド堕ちさせる悪役御曹司に転生した俺はざまぁを回避する その結果、メインヒロインが勇者学院で毎日逆夜這いに来るのだが…… (富士見ファンタジア文庫),東夷,zh-CN,,株式会社ＫＡＤＯＫＡＷＡ,fa49d43f-b543-41fb-8983-04850ea857bd
エロゲの伯爵令嬢を奉仕メイド堕ちさせる悪役御曹司に転生した俺はざまぁを回避する３ その結果、堅物くっころ剣姫が毎日甘えて添い寝しに来るのだが……,東夷,2025-11-20, エロゲの伯爵令嬢を奉仕メイド堕ちさせる悪役御曹司に転生した俺はざまぁを回避する３　その結果堅物くっころ剣姫が毎日甘えて添い寝しに来るのだが .epub,エロゲの伯爵令嬢を奉仕メイド堕ちさせる悪役御曹司に転生した俺はざまぁを回避する３ その結果、堅物くっころ剣姫が毎日甘えて添い寝しに来るのだが……,東夷,zh-CN,,株式会社ＫＡＤＯＫＡＷＡ,04076174A23276100000
エロゲの鬱エンドからヒロイン達を救済したら【電子特別版】,HaLu_,2025-12-27, エロゲの鬱エンドからヒロイン達を救済したら電子特別版 .epub,エロゲの鬱エンドからヒロイン達を救済したら【電子特別版】,HaLu_,zh-CN,,KADOKAWA,book-downloader: 20161702_001
エロ漫画の悪役に転生した俺が、寝取らなくても幸せになる方法【電子特別版】,みずがめ,2025-11-24, エロ漫画の悪役に転生した俺が寝取らなくても幸せになる方法電子特別版 .epub,エロ漫画の悪役に転生した俺が、寝取らなくても幸せになる方法【電子特別版】,みずがめ,zh-CN,,株式会社ＫＡＤＯＫＡＷＡ,04115745A19861200000
エロ漫画の悪役に転生した俺が、寝取らなくても幸せになる方法２【電子特別版】,みずがめ,2025-11-24, エロ漫画の悪役に転生した俺が寝取らなくても幸せになる方法２電子特別版 .epub,エロ漫画の悪役に転生した俺が、寝取らなくても幸せになる方法２【電子特別版】,みずがめ,zh-CN,,株式会社ＫＡＤＯＫＡＷＡ,04116640A22866700000
オタクに優しいギャルを求めて三千里。１ 初めての彼女は、絶対無いと思ってたビッチでした。,孕間せん,2025-08-20, オタクに優しいギャルを求めて三千里１　初めての彼女は絶対無いと思ってたビッチでした .epub,オタクに優しいギャルを求めて三千里。１ 初めての彼女は、絶対無いと思ってたビッチでした。,孕間せん,zh-CN,,フランス書院,urn:uuid:8190e710-d244-8e0e-5e86-315c8df089b4
オタクに優しいギャルを求めて三千里。２ 今ではイチャラブセックス三昧で、孕ませおねだり妊娠懇願される毎日です。,孕間せん,2025-08-20, オタクに優しいギャルを求めて三千里２　今ではイチャラブセックス三昧で孕ませおねだり妊娠懇願される毎日です .epub,オタクに優しいギャルを求めて三千里。２ 今ではイチャラブセックス三昧で、孕ませおねだり妊娠懇願される毎日です。,孕間せん,zh-CN,,フランス書院,urn:uuid:4d414e2e-691e-bda4-7b81-9e58ab634449
カノママは初恋のひと。 母と娘のトリプルプレイ,サエキヨウスケオルタ,2025-07-28, カノママは初恋のひと　母と娘のトリプルプレイ .epub,カノママは初恋のひと。 母と娘のトリプルプレイ,サエキヨウスケオルタ,zh-CN,,フランス書院,urn:uuid:f69d8707-7afc-f6e0-7789-e664f5f52942
キメ恋！ 高嶺の華と幼なじみがキマった理由,橘 ぱん,2025-08-05, キメ恋　高嶺の華と幼なじみがキマった理由 .epub,キメ恋！ 高嶺の華と幼なじみがキマった理由,橘 ぱん,zh-CN,,フランス書院,B06XZYDHYW
キュアリープリンセス 正義の心を悪堕ち洗脳,新居佑,2025-08-05, キュアリープリンセス　正義の心を悪堕ち洗脳 .epub,キュアリープリンセス 正義の心を悪堕ち洗脳,新居佑,zh-CN,,株式会社キルタイムコミュニケーション,B00TJI1U62
ギャルの自転車を直したら懐かれた 1 (オーバーラップ文庫),生姜寧也,2025-11-29, ギャルの自転車を直したら懐かれた 1 オーバーラップ文庫 .epub,ギャルの自転車を直したら懐かれた 1 (オーバーラップ文庫),生姜寧也,zh-CN,,株式会社オーバーラップ,B0DCD9DTRV
ギャルの自転車を直したら懐かれた 2,生姜寧也,2025-11-29, ギャルの自転車を直したら懐かれた 2 .epub,ギャルの自転車を直したら懐かれた 2,生姜寧也,zh-CN,,株式会社オーバーラップ,urn:uuid:53635cf3-1c4f-4425-ba1f-937113e54acc
ギャルの自転車を直したら懐かれた 3,生姜寧也,2025-11-29, ギャルの自転車を直したら懐かれた 3 .epub,ギャルの自転車を直したら懐かれた 3,生姜寧也,zh-CN,,株式会社オーバーラップ,asin:B0G1BMJ2NL
ギャルゲー世界にニューゲームしたら、ヒロイン全員攻略された記憶があって修羅場です……２,ひつじ,2025-12-23, ギャルゲー世界にニューゲームしたらヒロイン全員攻略された記憶があって修羅場です２ .epub,ギャルゲー世界にニューゲームしたら、ヒロイン全員攻略された記憶があって修羅場です……２,ひつじ,zh-CN,,株式会社ＫＡＤＯＫＡＷＡ,04916824A23510400000
クズレス・オブリージュ 18禁ゲー世界のクズ悪役に転生してしまった俺は、原作知識の力でどうしてもモブ人生をつかみ取りたい【電子特別版】,アバタロー,2025-06-04, クズレスオブリージュ　18禁ゲー世界のクズ悪役に転生してしまった俺は原作知識の力でどうしてもモブ人生をつかみ取りたい電子特別版 .epub,クズレス・オブリージュ 18禁ゲー世界のクズ悪役に転生してしまった俺は、原作知識の力でどうしてもモブ人生をつかみ取りたい【電子特別版】,アバタロー,zh-CN,,株式会社ＫＡＤＯＫＡＷＡ,04114465A15949300000
クズレス・オブリージュ２ 18禁ゲー世界のクズ悪役に転生してしまった俺は、原作知識の力でどうしてもモブ人生をつかみ取りたい【電子特別版】,アバタロー,2025-06-04, クズレスオブリージュ２　18禁ゲー世界のクズ悪役に転生してしまった俺は原作知識の力でどうしてもモブ人生をつかみ取りたい電子特別版 .epub,クズレス・オブリージュ２ 18禁ゲー世界のクズ悪役に転生してしまった俺は、原作知識の力でどうしてもモブ人生をつかみ取りたい【電子特別版】,アバタロー,zh-CN,,株式会社ＫＡＤＯＫＡＷＡ,04114772A16867600000
クズレス・オブリージュ３ 18禁ゲー世界のクズ悪役に転生してしまった俺は、原作知識の力でどうしてもモブ人生をつかみ取りたい【電子特別版】 (角川スニーカー文庫),アバタロー,2025-06-04, クズレスオブリージュ３ 18禁ゲー世界のクズ悪役に転生してしまった俺は原作知識の力でどうしてもモブ人生をつかみ取りたい電子特別版 角川スニーカー文庫 .epub,クズレス・オブリージュ３ 18禁ゲー世界のクズ悪役に転生してしまった俺は、原作知識の力でどうしてもモブ人生をつかみ取りたい【電子特別版】 (角川スニーカー文庫),アバタロー,zh-CN,,株式会社ＫＡＤＯＫＡＷＡ,B0DQKJH899
クズレス・オブリージュ４ 18禁ゲー世界のクズ悪役に転生してしまった俺は、原作知識の力でどうしてもモブ人生をつかみ取りたい【電子特別版】,アバタロー,2025-07-22, クズレスオブリージュ４　18禁ゲー世界のクズ悪役に転生してしまった俺は原作知識の力でどうしてもモブ人生をつかみ取りたい電子特別版 .epub,クズレス・オブリージュ４ 18禁ゲー世界のクズ悪役に転生してしまった俺は、原作知識の力でどうしてもモブ人生をつかみ取りたい【電子特別版】,アバタロー,zh-CN,,株式会社ＫＡＤＯＫＡＷＡ,04116345A22045600000
クラスで2番目に可愛いボーイッシュ幼馴染を、幸せセックス漬けにして最高の未来を誓い合った話,月見ハク,2025-05-28, クラスで2番目に可愛いボーイッシュ幼馴染を幸せセックス漬けにして最高の未来を誓い合った話 .epub,クラスで2番目に可愛いボーイッシュ幼馴染を、幸せセックス漬けにして最高の未来を誓い合った話,月見ハク,ja,,フランス書院,calibre:31
クラスで２番目に可愛いボーイッシュ幼馴染と、お泊まり溺愛セックスで蕩けあい二人だけの永遠のハッピーエンドをつかみ取る話,月見ハク,2025-05-28, クラスで２番目に可愛いボーイッシュ幼馴染とお泊まり溺愛セックスで蕩けあい二人だけの永遠のハッピーエンドをつかみ取る話 .epub,クラスで２番目に可愛いボーイッシュ幼馴染と、お泊まり溺愛セックスで蕩けあい二人だけの永遠のハッピーエンドをつかみ取る話,月見ハク,ja,,フランス書院,calibre:36
クラスで２番目に可愛いボーイッシュ幼馴染を、一泊二日の温泉旅行で心底寝取って幸せセックス漬けにする話,月見ハク,2025-05-28, クラスで２番目に可愛いボーイッシュ幼馴染を一泊二日の温泉旅行で心底寝取って幸せセックス漬けにする話 .epub,クラスで２番目に可愛いボーイッシュ幼馴染を、一泊二日の温泉旅行で心底寝取って幸せセックス漬けにする話,月見ハク,ja,,フランス書院,calibre:30
クラスで２番目に可愛いボーイッシュ幼馴染を、二泊三日の修学旅行で寝取って種付けセックス漬けにする話,月見ハク,2025-05-28, クラスで２番目に可愛いボーイッシュ幼馴染を二泊三日の修学旅行で寝取って種付けセックス漬けにする話 .epub,クラスで２番目に可愛いボーイッシュ幼馴染を、二泊三日の修学旅行で寝取って種付けセックス漬けにする話,月見ハク,ja,,フランス書院,calibre:37
クラスで２番目に可愛いボーイッシュ幼馴染を、寝取り種付けセックス漬けにしてハッピーエンドにした話,月見ハク,2025-05-28, クラスで２番目に可愛いボーイッシュ幼馴染を寝取り種付けセックス漬けにしてハッピーエンドにした話 .epub,クラスで２番目に可愛いボーイッシュ幼馴染を、寝取り種付けセックス漬けにしてハッピーエンドにした話,月見ハク,ja,,フランス書院,calibre:34
クラスで２番目に可愛いボーイッシュ幼馴染を、新婚セックスで抱き潰しイチャ甘種付けをする話,月見ハク,2025-05-28, クラスで２番目に可愛いボーイッシュ幼馴染を新婚セックスで抱き潰しイチャ甘種付けをする話 .epub,クラスで２番目に可愛いボーイッシュ幼馴染を、新婚セックスで抱き潰しイチャ甘種付けをする話,月見ハク,ja,,フランス書院,calibre:32
クラスで２番目に可愛い女の子と友だちになった【電子版】7.5,たかた/日向あずり,2025-08-29, クラスで２番目に可愛い女の子と友だちになった電子版75 .epub,クラスで２番目に可愛い女の子と友だちになった【電子版】7.5,たかた/日向あずり,,,,epubx_B-29126-128540964-001-001
クラスで２番目に可愛い女の子と友だちになった【電子版】７ (角川スニーカー文庫),たかた,2025-08-29, クラスで２番目に可愛い女の子と友だちになった電子版７ 角川スニーカー文庫 .epub,クラスで２番目に可愛い女の子と友だちになった【電子版】７ (角川スニーカー文庫),たかた,ja,,株式会社ＫＡＤＯＫＡＷＡ,B0DGWW7T17
クラスで２番目に可愛い女の子と友だちになった【電子版】９,たかた,2026-04-09, クラスで２番目に可愛い女の子と友だちになった電子版９ .epub,クラスで２番目に可愛い女の子と友だちになった【電子版】９,たかた,zh-CN,,株式会社ＫＡＤＯＫＡＷＡ,04117277A24460400000
クラスメイトのギャルが監禁されたと言い張って、俺の部屋から帰ってくれない。,マサイ,2025-11-08, クラスメイトのギャルが監禁されたと言い張って俺の部屋から帰ってくれない .epub,クラスメイトのギャルが監禁されたと言い張って、俺の部屋から帰ってくれない。,マサイ,zh-CN,,フランス書院,urn:uuid:9ccaaa4b-cde1-16ef-13c8-495d3e4e2a9d
クーデレすぎる未来の嫁の面倒な7日間,桐刻,2025-06-17, クーデレすぎる未来の嫁の面倒な7日間 .epub,クーデレすぎる未来の嫁の面倒な7日間,桐刻,zh-CN,,エンターブレイン,B00H4YI9F8
クーデレすぎる未来の嫁の面倒な7日間 番外編01,桐刻,2025-06-17, クーデレすぎる未来の嫁の面倒な7日間 番外編01 .epub,クーデレすぎる未来の嫁の面倒な7日間 番外編01,桐刻,zh-CN,,株式会社ＫＡＤＯＫＡＷＡ,asin:B09FDKY3SY
クーデレすぎる未来の嫁の面倒な7日間 番外編02,桐刻,2025-06-17, クーデレすぎる未来の嫁の面倒な7日間 番外編02 .epub,クーデレすぎる未来の嫁の面倒な7日間 番外編02,桐刻,zh-CN,,株式会社ＫＡＤＯＫＡＷＡ,asin:B09RQD4S11
クーデレすぎる未来の嫁の面倒な7日間 番外編03,桐刻,2025-06-17, クーデレすぎる未来の嫁の面倒な7日間 番外編03 .epub,クーデレすぎる未来の嫁の面倒な7日間 番外編03,桐刻,zh-CN,,株式会社ＫＡＤＯＫＡＷＡ,asin:B0BLGX4WTJ
クーデレすぎる未来の嫁の面倒な7日間 番外編04,桐刻,2025-06-17, クーデレすぎる未来の嫁の面倒な7日間 番外編04 .epub,クーデレすぎる未来の嫁の面倒な7日間 番外編04,桐刻,zh-CN,,株式会社ＫＡＤＯＫＡＷＡ,asin:B0CLTTMQN2
クーデレすぎる未来の嫁の面倒な7日間 番外編05,桐刻,2025-06-17, クーデレすぎる未来の嫁の面倒な7日間 番外編05 .epub,クーデレすぎる未来の嫁の面倒な7日間 番外編05,桐刻,zh-CN,,株式会社ＫＡＤＯＫＡＷＡ,asin:B0DFW6C57V
クーデレすぎる未来の嫁の面倒な７日間(10),桐刻,2025-06-17, クーデレすぎる未来の嫁の面倒な７日間10 .epub,クーデレすぎる未来の嫁の面倒な７日間(10),桐刻,zh-CN,,株式会社ＫＡＤＯＫＡＷＡ,B08C9PDJKF
クーデレすぎる未来の嫁の面倒な７日間(11) (オシリス文庫),桐刻,2025-06-17, クーデレすぎる未来の嫁の面倒な７日間11 オシリス文庫 .epub,クーデレすぎる未来の嫁の面倒な７日間(11) (オシリス文庫),桐刻,zh-CN,,株式会社ＫＡＤＯＫＡＷＡ,asin:B08M9NKQP4
クーデレすぎる未来の嫁の面倒な７日間(12) (オシリス文庫),桐刻,2025-06-17, クーデレすぎる未来の嫁の面倒な７日間12 オシリス文庫 .epub,クーデレすぎる未来の嫁の面倒な７日間(12) (オシリス文庫),桐刻,zh-CN,,株式会社ＫＡＤＯＫＡＷＡ,asin:B093WCL5N2
クーデレすぎる未来の嫁の面倒な７日間(2),桐刻,2025-06-17, クーデレすぎる未来の嫁の面倒な７日間2 .epub,クーデレすぎる未来の嫁の面倒な７日間(2),桐刻,zh-CN,,エンターブレイン,B017AO909U
クーデレすぎる未来の嫁の面倒な７日間(3),桐刻,2025-06-17, クーデレすぎる未来の嫁の面倒な７日間3 .epub,クーデレすぎる未来の嫁の面倒な７日間(3),桐刻,zh-CN,,エンターブレイン,B01FCT0YRM
クーデレすぎる未来の嫁の面倒な７日間(4),桐刻,2025-06-17, クーデレすぎる未来の嫁の面倒な７日間4 .epub,クーデレすぎる未来の嫁の面倒な７日間(4),桐刻,zh-CN,,エンターブレイン,B072KGKMZ5
クーデレすぎる未来の嫁の面倒な７日間(5),桐刻,2025-06-17, クーデレすぎる未来の嫁の面倒な７日間5 .epub,クーデレすぎる未来の嫁の面倒な７日間(5),桐刻,zh-CN,,エンターブレイン,B079S1R4SZ
クーデレすぎる未来の嫁の面倒な７日間(6),桐刻,2025-06-17, クーデレすぎる未来の嫁の面倒な７日間6 .epub,クーデレすぎる未来の嫁の面倒な７日間(6),桐刻,zh-CN,,エンターブレイン,B07G4Y8YFT
クーデレすぎる未来の嫁の面倒な７日間(7),桐刻,2025-06-17, クーデレすぎる未来の嫁の面倒な７日間7 .epub,クーデレすぎる未来の嫁の面倒な７日間(7),桐刻,zh-CN,,株式会社ＫＡＤＯＫＡＷＡ,B07PJGHJ8X
クーデレすぎる未来の嫁の面倒な７日間(8),桐刻,2025-06-17, クーデレすぎる未来の嫁の面倒な７日間8 .epub,クーデレすぎる未来の嫁の面倒な７日間(8),桐刻,zh-CN,,株式会社ＫＡＤＯＫＡＷＡ,B07YS3VDHF
クーデレすぎる未来の嫁の面倒な７日間(9),桐刻,2025-06-17, クーデレすぎる未来の嫁の面倒な７日間9 .epub,クーデレすぎる未来の嫁の面倒な７日間(9),桐刻,zh-CN,,株式会社ＫＡＤＯＫＡＷＡ,B085NBXHTL
クールでエロい生徒会長 ツンドラ先輩の恋人になりました。,箕崎 准,2025-05-19, クールでエロい生徒会長　ツンドラ先輩の恋人になりました .epub,クールでエロい生徒会長 ツンドラ先輩の恋人になりました。,箕崎 准,ja,,フランス書院,B084RQSNKD
コンビニで出会ったエロい女の子と爛れきった関係になりました。(1),高橋 徹,2025-07-26, コンビニで出会ったエロい女の子と爛れきった関係になりました1 .epub,コンビニで出会ったエロい女の子と爛れきった関係になりました。(1),高橋 徹,ja,,エンターブレイン,B07DNMQ4C5
コンビニで出会ったエロい女の子と爛れきった関係になりました。(2),高橋 徹,2025-07-26, コンビニで出会ったエロい女の子と爛れきった関係になりました2 .epub,コンビニで出会ったエロい女の子と爛れきった関係になりました。(2),高橋 徹,ja,,エンターブレイン,B07G6ZC3B8
コンビニで出会ったエロい女の子と爛れきった関係になりました。(3),高橋 徹,2025-07-26, コンビニで出会ったエロい女の子と爛れきった関係になりました3 .epub,コンビニで出会ったエロい女の子と爛れきった関係になりました。(3),高橋 徹,ja,,株式会社ＫＡＤＯＫＡＷＡ,B07L56KZF1
コンビニで出会ったエロい女の子と爛れきった関係になりました。(4),高橋 徹,2025-07-26, コンビニで出会ったエロい女の子と爛れきった関係になりました4 .epub,コンビニで出会ったエロい女の子と爛れきった関係になりました。(4),高橋 徹,ja,,株式会社ＫＡＤＯＫＡＷＡ,B07NHHZW6Z
コンビニで出会ったエロい女の子と爛れきった関係になりました。(5),高橋 徹,2025-07-26, コンビニで出会ったエロい女の子と爛れきった関係になりました5 .epub,コンビニで出会ったエロい女の子と爛れきった関係になりました。(5),高橋 徹,ja,,株式会社ＫＡＤＯＫＡＷＡ,B07RW2FP21
コンビニで出会ったエロい女の子と爛れきった関係になりました。(6),高橋 徹,2025-07-26, コンビニで出会ったエロい女の子と爛れきった関係になりました6 .epub,コンビニで出会ったエロい女の子と爛れきった関係になりました。(6),高橋 徹,ja,,株式会社ＫＡＤＯＫＡＷＡ,B07W4T7SV1
コンビニで出会ったエロい女の子と爛れきった関係になりました。(7),高橋 徹,2025-07-26, コンビニで出会ったエロい女の子と爛れきった関係になりました7 .epub,コンビニで出会ったエロい女の子と爛れきった関係になりました。(7),高橋 徹,ja,,株式会社ＫＡＤＯＫＡＷＡ,B081985TQM
コンビニで出会ったエロい女の子と爛れきった関係になりました。(8),高橋 徹,2025-07-26, コンビニで出会ったエロい女の子と爛れきった関係になりました8 .epub,コンビニで出会ったエロい女の子と爛れきった関係になりました。(8),高橋 徹,ja,,株式会社ＫＡＤＯＫＡＷＡ,B085Q4ZHNX
サンバカ!!!,助六　稲荷,2025-10-04, サンバカ .epub,サンバカ!!!,助六 稲荷,zh-CN,,株式会社ＫＡＤＯＫＡＷＡ,urn:uuid:f436b333-d55d-44ea-9418-63224d3a6f9c
サンバカ２!!!【電子特別版】,助六　稲荷,2025-10-04, サンバカ２電子特別版 .epub,サンバカ２!!!【電子特別版】,助六 稲荷,zh-CN,,株式会社ＫＡＤＯＫＡＷＡ,urn:uuid:d7672c67-b32c-45e2-bd74-7238725d6e37
サンバカ３!!!,助六　稲荷,2026-02-10, サンバカ３ .epub,サンバカ３!!!,助六 稲荷,zh-CN,,株式会社ＫＡＤＯＫＡＷＡ,urn:uuid:8d67eed9-a122-4b88-88f0-d88e2205e5a3
シン・トモハメ【電子限定特典付き】 (DIVERSE NOVEL),懺悔,2025-08-20, シントモハメ電子限定特典付き DIVERSE NOVEL .epub,シン・トモハメ【電子限定特典付き】 (DIVERSE NOVEL),懺悔,zh-CN,,株式会社メディアソフト,urn:asin:B0BZRD8L58
スズカノ クールな恋人がチャラ男に狙われて,懺悔,2025-08-20, スズカノ　クールな恋人がチャラ男に狙われて .epub,スズカノ クールな恋人がチャラ男に狙われて,懺悔,zh-CN,,フランス書院,urn:uuid:15f9ddab-a85f-0263-fc1e-e046febda10f
スパイ教室 短編集01 花嫁ロワイヤル,竹町,2025-11-24, スパイ教室 短編集01　花嫁ロワイヤル .epub,スパイ教室 短編集01 花嫁ロワイヤル,竹町,ja,,株式会社ＫＡＤＯＫＡＷＡ,B08Y5LT91B
スパイ教室 短編集02 私を愛したスパイ先生,竹町,2025-11-24, スパイ教室 短編集02　私を愛したスパイ先生 .epub,スパイ教室 短編集02 私を愛したスパイ先生,竹町,ja,,株式会社ＫＡＤＯＫＡＷＡ,B09MY3CLNG
スパイ教室12 《万愚節》のエルナ,竹町,2025-11-24, スパイ教室12 万愚節のエルナ .epub,スパイ教室12 《万愚節》のエルナ,竹町,ja,,株式会社ＫＡＤＯＫＡＷＡ,calibre:549
スーパーリッチなお嬢様姉妹が貧困俺に全裸で土下座した逆転のハメ撮り７２時間コンプリートパック (美少女文庫),ＸＰＪｂｏｘ,2025-08-20, スーパーリッチなお嬢様姉妹が貧困俺に全裸で土下座した逆転のハメ撮り７２時間コンプリートパック 美少女文庫 .epub,スーパーリッチなお嬢様姉妹が貧困俺に全裸で土下座した逆転のハメ撮り７２時間コンプリートパック (美少女文庫),ＸＰＪｂｏｘ,zh-CN,,フランス書院,01440479-e818-4fcd-b855-c146ec4a4364
セイクリッドオーダー ～淫肉の杯は今宵も乾く～ (二次元ぷち文庫),神楽陽子,2025-08-05, セイクリッドオーダー ～淫肉の杯は今宵も乾く～ 二次元ぷち文庫 .epub,セイクリッドオーダー ～淫肉の杯は今宵も乾く～ (二次元ぷち文庫),神楽陽子,zh-CN,,株式会社キルタイムコミュニケーション,42b40eb4-ab18-48cd-a606-cdef137b9ac6
セフレから始まるラブコメ ヒエラルキー頂点の超美形ギャルがなぜか初対面の俺にデレデレしてくる (フランス書院eブックス),鵠,2025-12-23, セフレから始まるラブコメ ヒエラルキー頂点の超美形ギャルがなぜか初対面の俺にデレデレしてくる フランス書院eブックス .epub,セフレから始まるラブコメ ヒエラルキー頂点の超美形ギャルがなぜか初対面の俺にデレデレしてくる (フランス書院eブックス),鵠,zh-CN,,フランス書院,B0DP3YG7M6
セフレから始まるラブコメ２ ヒエラルキー頂点の超美形ギャルがなぜか初対面の俺にデレデレしてくる,鵠,2025-12-23, セフレから始まるラブコメ２　ヒエラルキー頂点の超美形ギャルがなぜか初対面の俺にデレデレしてくる .epub,セフレから始まるラブコメ２ ヒエラルキー頂点の超美形ギャルがなぜか初対面の俺にデレデレしてくる,鵠,zh-CN,,フランス書院,urn:uuid:09eff6f6-8608-0492-b0a2-6c3c6e3af632
セフレから始まるラブコメ３ ヒエラルキー頂点の超美形ギャルがなぜか初対面の俺にデレデレしてくる,鵠,2025-12-23, セフレから始まるラブコメ３　ヒエラルキー頂点の超美形ギャルがなぜか初対面の俺にデレデレしてくる .epub,セフレから始まるラブコメ３ ヒエラルキー頂点の超美形ギャルがなぜか初対面の俺にデレデレしてくる,鵠,zh-CN,,フランス書院,urn:uuid:31f00fd1-3da4-8a30-5f26-f84ce0053cf1
セフレから始まるラブコメ４ ヒエラルキー頂点の超美形ギャルがなぜか初対面の俺にデレデレしてくる,鵠,2025-12-23, セフレから始まるラブコメ４　ヒエラルキー頂点の超美形ギャルがなぜか初対面の俺にデレデレしてくる .epub,セフレから始まるラブコメ４ ヒエラルキー頂点の超美形ギャルがなぜか初対面の俺にデレデレしてくる,鵠,zh-CN,,フランス書院,urn:uuid:38a8a1cf-aa6b-5972-ada9-ea356a6facc4
センセイハメ こちら少子化防止委員会の者ですが～堅物女教師・紗英～,懺悔,2025-12-23, センセイハメ こちら少子化防止委員会の者ですが～堅物女教師紗英～ .epub,センセイハメ こちら少子化防止委員会の者ですが～堅物女教師・紗英～,懺悔,zh-CN,,フランス書院,d5a4533c-e162-493c-9396-9e871feaf3a5
ゼルトリーク戦記 追放された皇子が美女たちを娶り帝国を統一するまで（ノベル） ： 1 【電子書籍限定特典SS付き】 (モンスター文庫),ネコミコズッキーニ,2025-08-20, ゼルトリーク戦記 追放された皇子が美女たちを娶り帝国を統一するまでノベル 1 電子書籍限定特典SS付き モンスター文庫 .epub,ゼルトリーク戦記 追放された皇子が美女たちを娶り帝国を統一するまで（ノベル） ： 1 【電子書籍限定特典SS付き】 (モンスター文庫),ネコミコズッキーニ,zh-CN,,双葉社,mobi-asin:B0CW1FVTHQ
ソシャゲ転生した俺は★１ヒロインを推し続ける。,ナナシまる,2026-03-06, ソシャゲ転生した俺は★１ヒロインを推し続ける .epub,ソシャゲ転生した俺は★１ヒロインを推し続ける。,ナナシまる,zh-CN,,株式会社ＫＡＤＯＫＡＷＡ,urn:uuid:5eadce6f-df04-419d-8c59-a701e805f0db
ソープ行ったら教え子のお嬢様にご奉仕されました (ぷちぱら文庫Creative),愛内なの,2025-08-05, ソープ行ったら教え子のお嬢様にご奉仕されました ぷちぱら文庫Creative .epub,ソープ行ったら教え子のお嬢様にご奉仕されました (ぷちぱら文庫Creative),愛内なの,zh-CN,,株式会社パラダイム,B09Y2K9NC5
タイツの黒髪同級生・阿津木ダイヤがそのおみ足でグイグイ迫ってくる,みかど鉄狼,2025-07-26, タイツの黒髪同級生阿津木ダイヤがそのおみ足でグイグイ迫ってくる .epub,タイツの黒髪同級生・阿津木ダイヤがそのおみ足でグイグイ迫ってくる,みかど鉄狼,zh-CN,,フランス書院,urn:uuid:770922a6-5a9c-434a-89ed-15cf4ecbf9d6
ダンジョンに出会いを求めるのは間違っているだろうか ファミリアクロニクル ｅｐｉｓｏｄｅアスフィ,大森藤ノ,2025-10-17, ダンジョンに出会いを求めるのは間違っているだろうか　ファミリアクロニクル　ｅｐｉｓｏｄｅアスフィ .epub,ダンジョンに出会いを求めるのは間違っているだろうか ファミリアクロニクル ｅｐｉｓｏｄｅアスフィ,大森藤ノ,zh-CN,,SBクリエイティブ株式会社,urn:uuid:57f6fd38-c79d-4cff-aaac-603751f05e22
ダンジョンに出会いを求めるのは間違っているだろうか ファミリアクロニクル ｅｐｉｓｏｄｅフレイヤ,大森藤ノ,2025-10-17, ダンジョンに出会いを求めるのは間違っているだろうか　ファミリアクロニクル　ｅｐｉｓｏｄｅフレイヤ .epub,ダンジョンに出会いを求めるのは間違っているだろうか ファミリアクロニクル ｅｐｉｓｏｄｅフレイヤ,大森藤ノ,zh-CN,,SBクリエイティブ株式会社,urn:uuid:ce2694cb-edef-4c36-813b-4039f5dce439
ダンジョンに出会いを求めるのは間違っているだろうか ファミリアクロニクル ｅｐｉｓｏｄｅリュー,大森藤ノ,2025-10-17, ダンジョンに出会いを求めるのは間違っているだろうか　ファミリアクロニクル　ｅｐｉｓｏｄｅリュー .epub,ダンジョンに出会いを求めるのは間違っているだろうか ファミリアクロニクル ｅｐｉｓｏｄｅリュー,大森藤ノ,zh-CN,,SBクリエイティブ株式会社,urn:uuid:e61266d6-558e-40e1-a3e8-5bb99fee13d1
ダンジョンに出会いを求めるのは間違っているだろうか ファミリアクロニクル ｅｐｉｓｏｄｅリュー２,大森藤ノ,2025-10-17, ダンジョンに出会いを求めるのは間違っているだろうか　ファミリアクロニクル　ｅｐｉｓｏｄｅリュー２ .epub,ダンジョンに出会いを求めるのは間違っているだろうか ファミリアクロニクル ｅｐｉｓｏｄｅリュー２,大森藤ノ,zh-CN,,SBクリエイティブ株式会社,urn:uuid:5eae58a1-ffa7-4486-b255-c750c07aa537
ダンジョンに出会いを求めるのは間違っているだろうか外伝 ソード・オラトリア１５ (GA文庫),大森 藤ノ,2025-05-19, ダンジョンに出会いを求めるのは間違っているだろうか外伝 ソードオラトリア１５ GA文庫 .epub,ダンジョンに出会いを求めるのは間違っているだろうか外伝 ソード・オラトリア１５ (GA文庫),大森 藤ノ,ja,,SBクリエイティブ株式会社,B0DJQKQXLG
ツッコミ待ちの町野さん,にちょぴん,2025-10-25, ツッコミ待ちの町野さん .epub,ツッコミ待ちの町野さん,にちょぴん,zh-CN,,株式会社ＫＡＤＯＫＡＷＡ,B0DTXWMLL5
ツンでＭで失禁で、ちっちゃくて可愛いビンカン彼女をイカせたい,遠野渚,2025-10-17, ツンでＭで失禁でちっちゃくて可愛いビンカン彼女をイカせたい .epub,ツンでＭで失禁で、ちっちゃくて可愛いビンカン彼女をイカせたい,遠野渚,zh-CN,,フランス書院,urn:uuid:ed0843a0-2b97-4909-b7e9-d5985924c4f5
ツンツンお嬢様は僕専用の性処理道具！,上田ながの,2025-07-30, ツンツンお嬢様は僕専用の性処理道具 .epub,ツンツンお嬢様は僕専用の性処理道具！,上田ながの,zh-CN,,株式会社キルタイムコミュニケーション,B00HKDV0B8
ツンデレ女子が幼馴染の鈍感男子に「ざまぁ」されていたので、寝取って教え込んであげた話【フルカラー挿絵付】,タイフーンの目,2025-07-28, ツンデレ女子が幼馴染の鈍感男子にざまぁされていたので寝取って教え込んであげた話フルカラー挿絵付 .epub,ツンデレ女子が幼馴染の鈍感男子に「ざまぁ」されていたので、寝取って教え込んであげた話【フルカラー挿絵付】,タイフーンの目,zh-CN,,フランス書院,urn:uuid:b5653936-09e8-40c1-07a2-c1029c95c450
デートレッスンは若叔母と 年上お姉様と後輩に挟まれて,巨道空二,2025-05-19, デートレッスンは若叔母と　年上お姉様と後輩に挟まれて .epub,デートレッスンは若叔母と 年上お姉様と後輩に挟まれて,巨道空二,ja,,株式会社キルタイムコミュニケーション,B00NGH9J1A
トリック・オア・デリート 不可解01：世界に殺された少女アリシア,ひなちほこ,2025-12-12, トリックオアデリート　不可解01世界に殺された少女アリシア .epub,トリック・オア・デリート 不可解01：世界に殺された少女アリシア,ひなちほこ,zh-CN,,KADOKAWA,book-downloader: 20158083_001
ド屑_3,なきそ,2025-11-30, ド屑_3 .epub,ド屑_3,なきそ,zh-CN,,,
ド田舎に引っ越してきたリーマンが、世話焼き優等生を押し倒して自分専用のメスに調教した話,黄金の黒山羊,2025-05-19, ド田舎に引っ越してきたリーマンが世話焼き優等生を押し倒して自分専用のメスに調教した話 .epub,ド田舎に引っ越してきたリーマンが、世話焼き優等生を押し倒して自分専用のメスに調教した話,黄金の黒山羊,ja,,フランス書院,urn:uuid:c72b32ef-38cb-c93b-2520-053b39066fa2
ドＳな生徒会長が土下座で種付け懇願,鷹羽 シン,2025-08-05, ドＳな生徒会長が土下座で種付け懇願 .epub,ドＳな生徒会長が土下座で種付け懇願,鷹羽 シン,zh-CN,,フランス書院,B084JNQTCX
ネット界最強のAVtuverは俺の義母!? ～一晩で100万円稼ぐドスケベボディを快楽堕ち！～,亜衣まい,2025-12-23, ネット界最強のAVtuverは俺の義母 ～一晩で100万円稼ぐドスケベボディを快楽堕ち～ .epub,ネット界最強のAVtuverは俺の義母!? ～一晩で100万円稼ぐドスケベボディを快楽堕ち！～,亜衣まい,zh-CN,,株式会社パラダイム,calibre:652
ネトゲの嫁は女の子じゃないと思った? Lv.23,聴猫 芝居,2026-02-21, ネトゲの嫁は女の子じゃないと思った Lv23 .epub,ネトゲの嫁は女の子じゃないと思った? Lv.23,聴猫 芝居,ja,,株式会社ＫＡＤＯＫＡＷＡ,B0CP249YRH
ネトゲの嫁は女の子じゃないと思った? Lv.24 DLC(1),聴猫 芝居,2026-02-21, ネトゲの嫁は女の子じゃないと思った Lv24 DLC1 .epub,ネトゲの嫁は女の子じゃないと思った? Lv.24 DLC(1),聴猫 芝居,zh-CN,,株式会社ＫＡＤＯＫＡＷＡ,asin:B0GJWJ5XMD
ネトゲの嫁は女の子じゃないと思った？Lv.22,聴猫 芝居,2026-02-21, ネトゲの嫁は女の子じゃないと思ったLv22 .epub,ネトゲの嫁は女の子じゃないと思った？Lv.22,聴猫 芝居,ja,,株式会社ＫＡＤＯＫＡＷＡ,B0CLXRP8XY
ハウリング・ブレイズ 葬焔の剣士と不死の魔女,志瑞祐,2025-09-25, ハウリングブレイズ　葬焔の剣士と不死の魔女 .epub,ハウリング・ブレイズ 葬焔の剣士と不死の魔女,志瑞祐,zh-CN,,株式会社ＫＡＤＯＫＡＷＡ,urn:uuid:cbdbb53b-f201-4653-837d-559a622067ab
ハツハメ 内定と引き替えに恋人の父に捧げる晴れ着姿,石川檸檬,2025-08-05, ハツハメ 内定と引き替えに恋人の父に捧げる晴れ着姿 .epub,ハツハメ 内定と引き替えに恋人の父に捧げる晴れ着姿,石川檸檬,zh-CN,,フランス書院,calibre:148
ハハハメ 同級生より綺麗なギャルママに生ハメたい,懺悔,2025-12-23, ハハハメ　同級生より綺麗なギャルママに生ハメたい .epub,ハハハメ 同級生より綺麗なギャルママに生ハメたい,懺悔,zh-CN,,フランス書院,urn:uuid:ed0843a0-2b97-4909-b7e9-d5985924c4f5
ハブられルーン使いの異世界冒険譚 (GCN文庫),黄金の黒山羊,2025-05-19, ハブられルーン使いの異世界冒険譚 GCN文庫 .epub,ハブられルーン使いの異世界冒険譚 (GCN文庫),黄金の黒山羊,ja,,株式会社マイクロマガジン社,07022092-6c28-41f0-9ae5-7355dab2e909
ハブられルーン使いの異世界冒険譚 2 (GCN文庫),黄金の黒山羊,2025-05-19, ハブられルーン使いの異世界冒険譚 2 GCN文庫 .epub,ハブられルーン使いの異世界冒険譚 2 (GCN文庫),黄金の黒山羊,ja,,株式会社マイクロマガジン社,2cd47ffc-b2b3-4d10-878e-6144f6bd9ea5
ハメ撮りハーレムはビッチなギャルと！ 《ギャル孕メチャンネル》にて子作りエッチ生配信,孕間せん,2025-08-20, ハメ撮りハーレムはビッチなギャルと ギャル孕メチャンネルにて子作りエッチ生配信 .epub,ハメ撮りハーレムはビッチなギャルと！ 《ギャル孕メチャンネル》にて子作りエッチ生配信,孕間せん,zh-CN,,フランス書院,urn:uuid:b3ea4dce-4b42-b01c-1048-13cdb5d4df37
ハメ撮りハーレムはビッチなギャルと！ 《ギャル孕メチャンネル》全員妊娠！,孕間せん,2025-08-20, ハメ撮りハーレムはビッチなギャルと　ギャル孕メチャンネル全員妊娠 .epub,ハメ撮りハーレムはビッチなギャルと！ 《ギャル孕メチャンネル》全員妊娠！,孕間せん,zh-CN,,フランス書院,urn:uuid:4ddaf3bd-6b49-dce7-7f94-8457f3e7c7a8
ハメ撮りハーレムはビッチなギャルと！ イチャラブ交尾を心がけたら全員孕みたがりのボテ腹彼女に,孕間せん,2025-08-20, ハメ撮りハーレムはビッチなギャルと　イチャラブ交尾を心がけたら全員孕みたがりのボテ腹彼女に .epub,ハメ撮りハーレムはビッチなギャルと！ イチャラブ交尾を心がけたら全員孕みたがりのボテ腹彼女に,孕間せん,zh-CN,,フランス書院,urn:uuid:6c882070-10a8-adb4-87ab-7691b4ada958
ハメ撮りハーレムはビッチなギャルと！ 狂犬ギャル、地雷ギャルも加わり誓いのボテ腹結婚式,孕間せん,2025-08-20, ハメ撮りハーレムはビッチなギャルと　狂犬ギャル地雷ギャルも加わり誓いのボテ腹結婚式 .epub,ハメ撮りハーレムはビッチなギャルと！ 狂犬ギャル、地雷ギャルも加わり誓いのボテ腹結婚式,孕間せん,zh-CN,,フランス書院,urn:uuid:d1d4f4fc-96a3-c504-eb30-f7fd9f0a4ddb
ハメ撮りハーレムはビッチなギャルと！ 竿役に採用されて始まるギャルハメ配信生活,孕間せん,2025-08-20, ハメ撮りハーレムはビッチなギャルと　竿役に採用されて始まるギャルハメ配信生活 .epub,ハメ撮りハーレムはビッチなギャルと！ 竿役に採用されて始まるギャルハメ配信生活,孕間せん,zh-CN,,フランス書院,urn:uuid:85fe8c9d-3cc7-5929-1d33-699f65c01c1d
バケモノのきみに告ぐ、,柳之助,2025-10-17, バケモノのきみに告ぐ .epub,バケモノのきみに告ぐ、,柳之助,zh-CN,,株式会社ＫＡＤＯＫＡＷＡ,B0D2KZF1SV
バケモノのきみに告ぐ、２,柳之助,2025-10-17, バケモノのきみに告ぐ２ .epub,バケモノのきみに告ぐ、２,柳之助,zh-CN,,株式会社ＫＡＤＯＫＡＷＡ,B0DJ25TNGJ
バケモノのきみに告ぐ、３,柳之助,2025-10-17, バケモノのきみに告ぐ３ .epub,バケモノのきみに告ぐ、３,柳之助,zh-CN,,株式会社ＫＡＤＯＫＡＷＡ,B0DXZ61PFV
バケモノのきみに告ぐ、４,柳之助,2025-10-17, バケモノのきみに告ぐ４ .epub,バケモノのきみに告ぐ、４,柳之助,zh-CN,,株式会社ＫＡＤＯＫＡＷＡ,urn:uuid:b2568549-c5c4-471a-a579-02d1e418880d
ヒトヅマハメ こちら少子化防止委員会の者ですが～じゃじゃ馬グラマラス・茜～ (フランス書院eブックス),懺悔,2025-08-20, ヒトヅマハメ こちら少子化防止委員会の者ですが～じゃじゃ馬グラマラス茜～ フランス書院eブックス .epub,ヒトヅマハメ こちら少子化防止委員会の者ですが～じゃじゃ馬グラマラス・茜～ (フランス書院eブックス),懺悔,zh-CN,,フランス書院,B09VS112D3
ヒロインが最後に死ぬラブコメ～夢の彼女編～ １,神岡鳥乃,2025-10-31, ヒロインが最後に死ぬラブコメ～夢の彼女編～ １ .epub,ヒロインが最後に死ぬラブコメ～夢の彼女編～ １,神岡鳥乃,zh-CN,,株式会社主婦と生活社,urn:uuid:6ab741f1-54ba-4656-b89b-684a0b33fab9
ビッチのフリをするお嬢さまの処女をおいしくいただきました♪,愛内なの,2025-12-23, ビッチのフリをするお嬢さまの処女をおいしくいただきました♪ .epub,ビッチのフリをするお嬢さまの処女をおいしくいただきました♪,愛内なの,zh-CN,,パラダイム,calibre:66
ブラックギルドを追放された神級魔法使い、奴隷に愛され大逆転！ 〜鍛錬はベッドの上で過激に!?〜,赤川ミカミ,2025-08-05, ブラックギルドを追放された神級魔法使い奴隷に愛され大逆転　鍛錬はベッドの上で過激に .epub,ブラックギルドを追放された神級魔法使い、奴隷に愛され大逆転！ 〜鍛錬はベッドの上で過激に!?〜,赤川ミカミ,zh-CN,,株式会社パラダイム,B094Y3W3DW
ブルーロア・プラネット３ 遺された黄金 上,うつみいっ筆,2025-11-08, ブルーロアプラネット３ 遺された黄金 上 .epub,ブルーロア・プラネット３ 遺された黄金 上,うつみいっ筆,zh-CN,,,calibre:164
プリンセスハートリンク ～剣姫たちの艶舞～ Side オギン★バラ「特別増量版」,神崎美宙,2025-08-05, プリンセスハートリンク　～剣姫たちの艶舞～　Side オギン★バラ特別増量版 .epub,プリンセスハートリンク ～剣姫たちの艶舞～ Side オギン★バラ「特別増量版」,神崎美宙,zh-CN,,株式会社パラダイム,9784801592445
ボッチの僕でも、クズのヤリチンになれるってホントですか？,黄金の黒山羊,2025-05-19, ボッチの僕でもクズのヤリチンになれるってホントですか .epub,ボッチの僕でも、クズのヤリチンになれるってホントですか？,黄金の黒山羊,ja,,フランス書院,calibre:144
ボッチの僕でも、クズのヤリチンになれるってホントですか？ 水泳部の双子姉妹を奪っちゃえ！,黄金の黒山羊,2025-05-19, ボッチの僕でもクズのヤリチンになれるってホントですか 水泳部の双子姉妹を奪っちゃえ .epub,ボッチの僕でも、クズのヤリチンになれるってホントですか？ 水泳部の双子姉妹を奪っちゃえ！,黄金の黒山羊,ja,,フランス書院,calibre:147
ボッチの僕でも、クズのヤリチンになれるってホントですか？ 水泳部双子姉妹を寝取る最高の夏休み！,黄金の黒山羊,2025-05-19, ボッチの僕でもクズのヤリチンになれるってホントですか 水泳部双子姉妹を寝取る最高の夏休み .epub,ボッチの僕でも、クズのヤリチンになれるってホントですか？ 水泳部双子姉妹を寝取る最高の夏休み！,黄金の黒山羊,ja,,フランス書院,calibre:149
ボッチの僕でも、クズのヤリチンになれるってホントですか？ 金髪ハーフ姉妹とテニス部生ハメ合宿！,黄金の黒山羊,2025-05-19, ボッチの僕でもクズのヤリチンになれるってホントですか 金髪ハーフ姉妹とテニス部生ハメ合宿 .epub,ボッチの僕でも、クズのヤリチンになれるってホントですか？ 金髪ハーフ姉妹とテニス部生ハメ合宿！,黄金の黒山羊,ja,,フランス書院,calibre:145
ボッチの僕でも、クズのヤリチンになれるってホントですか？ 先生とラブホ！＆テニス部と乱交！,黄金の黒山羊,2025-05-19, ボッチの僕でもクズのヤリチンになれるってホントですか　先生とラブホテニス部と乱交 .epub,ボッチの僕でも、クズのヤリチンになれるってホントですか？ 先生とラブホ！＆テニス部と乱交！,黄金の黒山羊,ja,,フランス書院,urn:uuid:e579f633-035f-8eca-69d7-657616797352
ボッチの僕でも、クズのヤリチンになれるってホントですか？ 可愛すぎる陸上部女子を寝取りエッチ！,黄金の黒山羊,2025-05-19, ボッチの僕でもクズのヤリチンになれるってホントですか　可愛すぎる陸上部女子を寝取りエッチ .epub,ボッチの僕でも、クズのヤリチンになれるってホントですか？ 可愛すぎる陸上部女子を寝取りエッチ！,黄金の黒山羊,ja,,フランス書院,urn:uuid:d5533d1f-654d-ffbd-acf7-1a746f428ae5
マジカル★エクスプローラー エロゲの友人キャラに転生したけど、ゲーム知識使って自由に生きる10【電子特別版】,入栖,2025-05-19, マジカル★エクスプローラー　エロゲの友人キャラに転生したけどゲーム知識使って自由に生きる10電子特別版 .epub,マジカル★エクスプローラー エロゲの友人キャラに転生したけど、ゲーム知識使って自由に生きる10【電子特別版】,入栖,ja,,株式会社ＫＡＤＯＫＡＷＡ,04114699A16591800000
マジカル★エクスプローラー エロゲの友人キャラに転生したけど、ゲーム知識使って自由に生きる11【電子特別版】,入栖,2025-05-19, マジカル★エクスプローラー　エロゲの友人キャラに転生したけどゲーム知識使って自由に生きる11電子特別版 .epub,マジカル★エクスプローラー エロゲの友人キャラに転生したけど、ゲーム知識使って自由に生きる11【電子特別版】,入栖,ja,,株式会社ＫＡＤＯＫＡＷＡ,04115318A18996700000
マジカル★エクスプローラー エロゲの友人キャラに転生したけど、ゲーム知識使って自由に生きる7,入栖,2025-05-19, マジカル★エクスプローラー　エロゲの友人キャラに転生したけどゲーム知識使って自由に生きる7 .epub,マジカル★エクスプローラー エロゲの友人キャラに転生したけど、ゲーム知識使って自由に生きる7,入栖,ja,,株式会社ＫＡＤＯＫＡＷＡ,B0BB1HKHSG
マジカル★エクスプローラー エロゲの友人キャラに転生したけど、ゲーム知識使って自由に生きる8,入栖,2025-05-19, マジカル★エクスプローラー　エロゲの友人キャラに転生したけどゲーム知識使って自由に生きる8 .epub,マジカル★エクスプローラー エロゲの友人キャラに転生したけど、ゲーム知識使って自由に生きる8,入栖,ja,,株式会社ＫＡＤＯＫＡＷＡ,04112668A11882300000
マジカル★エクスプローラー エロゲの友人キャラに転生したけど、ゲーム知識使って自由に生きる9,入栖,2025-05-19, マジカル★エクスプローラー　エロゲの友人キャラに転生したけどゲーム知識使って自由に生きる9 .epub,マジカル★エクスプローラー エロゲの友人キャラに転生したけど、ゲーム知識使って自由に生きる9,入栖,ja,,株式会社ＫＡＤＯＫＡＷＡ,04114181A15225800000
ママ×カノ ～教え子のお母さんがエッチな先生で、娘の世話を焼いたら駄目ですか？～「特別増量版」,志方孝志,2025-05-27, ママ×カノ　～教え子のお母さんがエッチな先生で娘の世話を焼いたら駄目ですか～特別増量版 .epub,ママ×カノ ～教え子のお母さんがエッチな先生で、娘の世話を焼いたら駄目ですか？～「特別増量版」,志方孝志,ja,,株式会社パラダイム,9784801593725
ママ×カノ ～教え子のお母さんがエッチな先生で、娘の世話を焼いたら駄目ですか？～「特別増量版」,志方孝志,2025-07-12, ママ×カノ　～教え子のお母さんがエッチな先生で娘の世話を焼いたら駄目ですか～特別増量版  1.epub,ママ×カノ ～教え子のお母さんがエッチな先生で、娘の世話を焼いたら駄目ですか？～「特別増量版」,志方孝志,zh-CN,,株式会社パラダイム,9784801593725
ママは対魔忍 乱れ堕ちる熟くノ一,新居佑,2025-08-05, ママは対魔忍　乱れ堕ちる熟くノ一 .epub,ママは対魔忍 乱れ堕ちる熟くノ一,新居佑,zh-CN,,株式会社キルタイムコミュニケーション,79921481KTC2DN000352
メイドやります！ 年上お姉さんとツンツン幼なじみ,青橋 由高,2025-06-17, メイドやります　年上お姉さんとツンツン幼なじみ .epub,メイドやります！ 年上お姉さんとツンツン幼なじみ,青橋 由高,zh-CN,,フランス書院,B06Y1J8PXP
メインヒロインより可愛いモブの田中さん 1,3pu,2026-02-26, メインヒロインより可愛いモブの田中さん 1 .epub,メインヒロインより可愛いモブの田中さん 1,3pu,zh-CN,,株式会社オーバーラップ,calibre:127
ユーカリの花を求めて (リアルドリーム文庫),懺悔,2025-08-20, ユーカリの花を求めて リアルドリーム文庫 .epub,ユーカリの花を求めて (リアルドリーム文庫),懺悔,zh-CN,,株式会社キルタイムコミュニケーション,5ab3a03f-bd1d-4d16-a28e-1c6e5a05caaa
リビルドワールドIII〈上〉 埋もれた遺跡,ナフセ,2026-01-27, リビルドワールドIII上　埋もれた遺跡 .epub,リビルドワールドIII〈上〉 埋もれた遺跡,ナフセ,zh-CN,,株式会社ＫＡＤＯＫＡＷＡ,04913069A09225600000
リビルドワールドIII〈下〉 賞金首討伐の誘い,ナフセ,2026-01-27, リビルドワールドIII下　賞金首討伐の誘い .epub,リビルドワールドIII〈下〉 賞金首討伐の誘い,ナフセ,zh-CN,,株式会社ＫＡＤＯＫＡＷＡ,04913070A09225700000
リビルドワールドII〈上〉 旧領域接続者,ナフセ,2026-01-27, リビルドワールドII上　旧領域接続者 .epub,リビルドワールドII〈上〉 旧領域接続者,ナフセ,zh-CN,,株式会社ＫＡＤＯＫＡＷＡ,04912730A08854500000
リビルドワールドII〈下〉 死後報復依頼プログラム,ナフセ,2026-01-27, リビルドワールドII下　死後報復依頼プログラム .epub,リビルドワールドII〈下〉 死後報復依頼プログラム,ナフセ,zh-CN,,株式会社ＫＡＤＯＫＡＷＡ,04912731A08854600000
リビルドワールドIV 現世界と旧世界の闘争,ナフセ,2026-01-27, リビルドワールドIV　現世界と旧世界の闘争 .epub,リビルドワールドIV 現世界と旧世界の闘争,ナフセ,zh-CN,,株式会社ＫＡＤＯＫＡＷＡ,04913490A09765000000
リビルドワールドIX〈上〉 生死の均衡 (電撃の新文芸),ナフセ,2026-04-09, リビルドワールドIX上 生死の均衡 電撃の新文芸 .epub,リビルドワールドIX〈上〉 生死の均衡 (電撃の新文芸),ナフセ,zh-CN,,株式会社ＫＡＤＯＫＡＷＡ,e8eb9e3e-64ed-4836-bea6-3c3790cebd57
リビルドワールドI〈下〉 無理無茶無謀,ナフセ,2026-01-27, リビルドワールドI下　無理無茶無謀 .epub,リビルドワールドI〈下〉 無理無茶無謀,ナフセ,zh-CN,,株式会社ＫＡＤＯＫＡＷＡ,04912519A08470700000
リビルドワールドI＜上＞ 誘う亡霊,ナフセ,2026-01-27, リビルドワールドI＜上＞　誘う亡霊 .epub,リビルドワールドI＜上＞ 誘う亡霊,ナフセ,zh-CN,,株式会社ＫＡＤＯＫＡＷＡ,04912394A08362300000
リビルドワールドVII 超人 (電撃の新文芸),ナフセ,2026-01-27, リビルドワールドVII 超人 電撃の新文芸 .epub,リビルドワールドVII 超人 (電撃の新文芸),ナフセ,zh-CN,,株式会社ＫＡＤＯＫＡＷＡ,B0BQXCRM3W
リビルドワールドVIII〈上〉 第３奥部 (電撃の新文芸),ナフセ,2026-01-27, リビルドワールドVIII上 第３奥部 電撃の新文芸 .epub,リビルドワールドVIII〈上〉 第３奥部 (電撃の新文芸),ナフセ,zh-CN,,株式会社ＫＡＤＯＫＡＷＡ,cf968b9a-b2ad-427e-a9c1-03a481394dbf
リビルドワールドVIII〈下〉 偽アキラ (電撃の新文芸),わいっしゅ,2026-01-27, リビルドワールドVIII下　偽アキラ 電撃の新文芸 .epub,リビルドワールドVIII〈下〉 偽アキラ (電撃の新文芸),わいっしゅ,zh-CN,,株式会社ＫＡＤＯＫＡＷＡ,urn:asin:B0CW1MKNTT
リビルドワールドVI〈上〉 統治系管理人格,ナフセ,2026-01-27, リビルドワールドVI上　統治系管理人格 .epub,リビルドワールドVI〈上〉 統治系管理人格,ナフセ,zh-CN,,株式会社ＫＡＤＯＫＡＷＡ,B09TSSRKTQ
リビルドワールドVI〈下〉 望みの果て (電撃の新文芸),ナフセ,2026-01-27, リビルドワールドVI下 望みの果て 電撃の新文芸 .epub,リビルドワールドVI〈下〉 望みの果て (電撃の新文芸),ナフセ,zh-CN,,株式会社ＫＡＤＯＫＡＷＡ,B09WZNKW9L
リビルドワールドV 大規模抗争,ナフセ,2026-01-27, リビルドワールドV　大規模抗争 .epub,リビルドワールドV 大規模抗争,ナフセ,zh-CN,,株式会社ＫＡＤＯＫＡＷＡ,04913738A10015900000
レイの世界 ―Re:I― １ Another World Tour,時雨沢 恵一,2025-12-07, レイの世界 ReI １ Another World Tour .epub,レイの世界 ―Re:I― １ Another World Tour,時雨沢 恵一,zh-CN,,株式会社ドワンゴ,calibre:12197
レイの世界 ―Re:I― ２ Another World Tour,時雨沢 恵一,2025-12-07, レイの世界 ReI ２ Another World Tour .epub,レイの世界 ―Re:I― ２ Another World Tour,時雨沢 恵一,zh-CN,,株式会社ドワンゴ,calibre:12198
レイの世界 ―Re:I― ３ Another World Tour,時雨沢　恵一,2025-12-07, レイの世界 ReI ３ Another World Tour .epub,レイの世界 ―Re:I― ３ Another World Tour,時雨沢 恵一,zh-CN,,株式会社ドワンゴ,04893113A16564500000
一般人の俺を芸能科女子達が逃がしてくれない件。２,膳所々,2025-11-03, 一般人の俺を芸能科女子達が逃がしてくれない件２ .epub,一般人の俺を芸能科女子達が逃がしてくれない件。２,膳所々,zh-CN,,株式会社ＫＡＤＯＫＡＷＡ,04116568A22620400000
三美姫の牝豚 ～姦獄の城～「特別増量版」,kattern,2025-08-05, 三美姫の牝豚 ～姦獄の城～特別増量版 .epub,三美姫の牝豚 ～姦獄の城～「特別増量版」,kattern,zh-CN,,株式会社パラダイム,9784801594241
不死探偵・冷堂紅葉 ０１．君とのキスは密室で【電子イラスト特典付き】,零 雫,2025-10-17, 不死探偵冷堂紅葉　０１君とのキスは密室で電子イラスト特典付き .epub,不死探偵・冷堂紅葉 ０１．君とのキスは密室で【電子イラスト特典付き】,零 雫,zh-CN,,SBクリエイティブ株式会社,B0C69HDMJK
不死探偵・冷堂紅葉 ０２．君に遺す『希望』,零雫,2025-10-17, 不死探偵冷堂紅葉　０２君に遺す希望 .epub,不死探偵・冷堂紅葉 ０２．君に遺す『希望』,零雫,zh-CN,,SBクリエイティブ株式会社,urn:uuid:14d4cdab-58b3-4d0e-8b42-e33266bddafd
不死探偵・冷堂紅葉 ０３．君への挑戦状,零雫,2025-10-17, 不死探偵冷堂紅葉　０３君への挑戦状 .epub,不死探偵・冷堂紅葉 ０３．君への挑戦状,零雫,zh-CN,,SBクリエイティブ株式会社,urn:uuid:cc33d803-f083-4bba-8310-d2da8a966540
世界の終わりに君は花咲く,成東　志樹,2025-10-17, 世界の終わりに君は花咲く .epub,世界の終わりに君は花咲く,成東 志樹,zh-CN,,株式会社ＫＡＤＯＫＡＷＡ,urn:uuid:84748362-ba8f-4f17-8050-39a68fd75a9f
九課慰安係 case4 ～完全無欠たる有栖川～ (フランス書院eブックス),懺悔,2025-06-24, 九課慰安係 case4 ～完全無欠たる有栖川～ フランス書院eブックス .epub,九課慰安係 case4 ～完全無欠たる有栖川～ (フランス書院eブックス),懺悔,zh-CN,,フランス書院,d40a4c56-c89d-4d3d-8279-8570e90f4cf9
九課慰安係 case２ ～閃烈なる赤月～,懺悔,2025-06-24, 九課慰安係 case２　～閃烈なる赤月～ .epub,九課慰安係 case２ ～閃烈なる赤月～,懺悔,zh-CN,,フランス書院,urn:uuid:7b669ce1-9260-71d5-f2d7-a246758cffda
九課慰安係 case３ ～城壁の如き瀬野～,懺悔,2025-06-24, 九課慰安係 case３　～城壁の如き瀬野～ .epub,九課慰安係 case３ ～城壁の如き瀬野～,懺悔,zh-CN,,フランス書院,urn:uuid:5cdb5295-d3f3-5493-9d5c-8c1831da90fc
九課慰安係 ～機械仕掛けの響～,懺悔,2025-06-24, 九課慰安係　～機械仕掛けの響～ .epub,九課慰安係 ～機械仕掛けの響～,懺悔,zh-CN,,フランス書院,urn:uuid:71e508f2-c2bc-33c7-afec-5f87d8422ed4
二ノ宮さんは三千円,懺悔,2025-08-20, 二ノ宮さんは三千円 .epub,二ノ宮さんは三千円,懺悔,zh-CN,,フランス書院,urn:uuid:7de2be3c-f41d-642b-5bfc-5384079aeed7
二人暮らしなら妹とするのも当たり前だよね。,月見ハク,2025-05-23, 二人暮らしなら妹とするのも当たり前だよね .epub,二人暮らしなら妹とするのも当たり前だよね。,月見ハク,ja,,フランス書院,urn:uuid:92606311-4796-8921-326b-d09bf3e0e791
人妻参謀玉鋼出雲～富士山大陵辱作戦～,上田ながの,2025-07-30, 人妻参謀玉鋼出雲～富士山大陵辱作戦～ .epub,人妻参謀玉鋼出雲～富士山大陵辱作戦～,上田ながの,zh-CN,,株式会社キルタイムコミュニケーション,B076KDGHYY
人妻学園 ～営み指導で調教ッ!? ハメ堕ちする清純妻～「特別増量版」,たなかつ,2025-08-05, 人妻学園　～営み指導で調教ッ　ハメ堕ちする清純妻～特別増量版 .epub,人妻学園 ～営み指導で調教ッ!? ハメ堕ちする清純妻～「特別増量版」,たなかつ,zh-CN,,株式会社パラダイム,9784801593688
人気配信者たちのマネージャーになったら、全員元カノだった,柊咲,2025-11-24, 人気配信者たちのマネージャーになったら全員元カノだった .epub,人気配信者たちのマネージャーになったら、全員元カノだった,柊咲,zh-CN,,株式会社マイクロマガジン社,urn:isbn:9784867167014
人気配信者たちのマネージャーになったら、全員元カノだった 2,柊咲,2025-11-24, 人気配信者たちのマネージャーになったら全員元カノだった 2 .epub,人気配信者たちのマネージャーになったら、全員元カノだった 2,柊咲,zh-CN,,株式会社マイクロマガジン社,urn:isbn:9784867167137
人気配信者たちのマネージャーになったら、全員元カノだった 3【FANZA限定版】,柊咲,2025-11-24, 人気配信者たちのマネージャーになったら全員元カノだった 3FANZA限定版 .epub,人気配信者たちのマネージャーになったら、全員元カノだった 3【FANZA限定版】,柊咲,zh-CN,,株式会社マイクロマガジン社,urn:isbn:9784867168547
人類滅亡寸前ゲーム世界で自分を犠牲に敵を倒してたら、みんなが病んでいた 1,雨雲ばいう,2025-12-01, 人類滅亡寸前ゲーム世界で自分を犠牲に敵を倒してたらみんなが病んでいた 1 .epub,人類滅亡寸前ゲーム世界で自分を犠牲に敵を倒してたら、みんなが病んでいた 1,雨雲ばいう,zh-CN,,株式会社オーバーラップ,urn:uuid:530d031e-ffa3-4d79-8d57-12d4a927c689
今はセフレでいいから２,佐間野隆紀,2025-10-04, 今はセフレでいいから２ .epub,今はセフレでいいから２,佐間野隆紀,zh-CN,,フランス書院,book-downloader: 1937181_002
今はセフレでいいから３ (フランス書院eブックス),佐間野 隆紀,2025-11-24, 今はセフレでいいから３ フランス書院eブックス .epub,今はセフレでいいから３ (フランス書院eブックス),佐間野 隆紀,zh-CN,,フランス書院,f13a687d-a797-4c48-8e08-69f9ed959013
今日も女勇者がヤラレに来る 1,ロマンシング滋賀,2025-08-10, 今日も女勇者がヤラレに来る 1 .epub,今日も女勇者がヤラレに来る 1,ロマンシング滋賀,zh-CN,,株式会社ＫＡＤＯＫＡＷＡ,calibre:641
今日も女勇者がヤラレに来る 2,ロマンシング滋賀,2025-08-10, 今日も女勇者がヤラレに来る 2 .epub,今日も女勇者がヤラレに来る 2,ロマンシング滋賀,zh-CN,,株式会社ＫＡＤＯＫＡＷＡ,calibre:639
今日も女勇者がヤラレに来る 3,ロマンシング滋賀,2025-08-10, 今日も女勇者がヤラレに来る 3 .epub,今日も女勇者がヤラレに来る 3,ロマンシング滋賀,zh-CN,,株式会社ＫＡＤＯＫＡＷＡ,calibre:643
令嬢・綾小路スミレはＡＶ出演でお家再建致します (フランス書院eブックス),懺悔,2025-08-20, 令嬢綾小路スミレはＡＶ出演でお家再建致します フランス書院eブックス .epub,令嬢・綾小路スミレはＡＶ出演でお家再建致します (フランス書院eブックス),懺悔,zh-CN,,三笠書房,12cef64f-1293-4b7a-9a05-a22c32c5315e
令嬢教師静香の淫獄,りゅうき夕海,2025-11-09, 令嬢教師静香の淫獄 .epub,令嬢教師静香の淫獄,りゅうき夕海,zh-CN,,株式会社キルタイムコミュニケーション,calibre:343
仲間を守って死んだら二十年後の同じ世界に生まれ変わった件……でも俺、転生二回目なんだけど？ (GA文庫),みょん,2026-04-09, 仲間を守って死んだら二十年後の同じ世界に生まれ変わった件でも俺転生二回目なんだけど GA文庫 .epub,仲間を守って死んだら二十年後の同じ世界に生まれ変わった件……でも俺、転生二回目なんだけど？ (GA文庫),みょん,zh-CN,,SBクリエイティブ株式会社,urn:asin:B0FD32Y6DC
低レベルすぎて追放されたけど最強スキル発動で無双ハーレム！,愛内なの,2025-07-26, 低レベルすぎて追放されたけど最強スキル発動で無双ハーレム .epub,低レベルすぎて追放されたけど最強スキル発動で無双ハーレム！,愛内なの,ja,,株式会社パラダイム,B07XFZZDWH
何も知らない黒髪聖女は悪徳司教に抱き潰される,月見ハク,2025-05-28, 何も知らない黒髪聖女は悪徳司教に抱き潰される .epub,何も知らない黒髪聖女は悪徳司教に抱き潰される,月見ハク,ja,,フランス書院,urn:uuid:83a6e6b4-4743-2558-b145-d19f5777547f
何も知らない黒髪聖女は悪徳司教に抱き潰される２ (フランス書院eブックス),月見 ハク,2025-07-03, 何も知らない黒髪聖女は悪徳司教に抱き潰される２ フランス書院eブックス .epub,何も知らない黒髪聖女は悪徳司教に抱き潰される２ (フランス書院eブックス),月見 ハク,zh-CN,,フランス書院,abf9edc0-2e9f-41f4-98d9-a10308708958
何も知らない黒髪聖女は悪徳司教に抱き潰される３ (フランス書院eブックス),月見 ハク,2025-07-03, 何も知らない黒髪聖女は悪徳司教に抱き潰される３ フランス書院eブックス .epub,何も知らない黒髪聖女は悪徳司教に抱き潰される３ (フランス書院eブックス),月見 ハク,zh-CN,,フランス書院,91f1eac6-ac5e-4c91-81eb-846a19b6d400
何も知らない黒髪聖女は悪徳司教に抱き潰される４ (フランス書院eブックス),月見 ハク,2025-07-03, 何も知らない黒髪聖女は悪徳司教に抱き潰される４ フランス書院eブックス .epub,何も知らない黒髪聖女は悪徳司教に抱き潰される４ (フランス書院eブックス),月見 ハク,zh-CN,,フランス書院,51892e23-e0c9-43d0-8902-b9be11e974ad
何度、時を戻しても俺の彼女がチャラ男にＮＴＲれてしまうんだが!? ～完璧美少女・凛花 繰り返し堕ちる７日間～,逢川かえで,2025-07-30, 何度時を戻しても俺の彼女がチャラ男にＮＴＲれてしまうんだが　～完璧美少女凛花　繰り返し堕ちる７日間～ .epub,何度、時を戻しても俺の彼女がチャラ男にＮＴＲれてしまうんだが!? ～完璧美少女・凛花 繰り返し堕ちる７日間～,逢川かえで,zh-CN,,フランス書院,urn:uuid:e12d7bc5-d2e2-8c9e-422e-e91560be8fe7
依存したがる彼女は僕の部屋に入り浸る【電子特別版】 (角川スニーカー文庫),萬屋 久兵衛,2025-07-03, 依存したがる彼女は僕の部屋に入り浸る電子特別版 角川スニーカー文庫 .epub,依存したがる彼女は僕の部屋に入り浸る【電子特別版】 (角川スニーカー文庫),萬屋 久兵衛,zh-CN,,株式会社ＫＡＤＯＫＡＷＡ,B0CLCJ38WP
依存したがる彼女は僕の部屋に入り浸る２,萬屋　久兵衛,2025-07-03, 依存したがる彼女は僕の部屋に入り浸る２ .epub,依存したがる彼女は僕の部屋に入り浸る２,萬屋 久兵衛,zh-CN,,株式会社ＫＡＤＯＫＡＷＡ,04114591A16368900000
侵・性奴会～美人会長と爆乳書記の調教日報～「特別増量版」,由又かつお,2025-08-05, 侵性奴会～美人会長と爆乳書記の調教日報～特別増量版 .epub,侵・性奴会～美人会長と爆乳書記の調教日報～「特別増量版」,由又かつお,zh-CN,,株式会社パラダイム,9784801593831
侵蝕 ～清楚美女の異常性欲解放と生意気ギャルにわからせ躾～「特別増量版」,田中珠,2025-08-05, 侵蝕 ～清楚美女の異常性欲解放と生意気ギャルにわからせ躾～特別増量版 .epub,侵蝕 ～清楚美女の異常性欲解放と生意気ギャルにわからせ躾～「特別増量版」,田中珠,zh-CN,,株式会社パラダイム,9784801593930
修学旅行で一軍女子たちとハーレムを作りました,原野イアン,2025-05-29, 修学旅行で一軍女子たちとハーレムを作りました .epub,修学旅行で一軍女子たちとハーレムを作りました,原野イアン,ja,,フランス書院,urn:uuid:139d4238-e91e-4e50-4547-1bc8b640eb2f
修学旅行で一軍女子たちとハーレムを作りました２【修学旅行なう＆After編】,原野イアン,2025-05-29, 修学旅行で一軍女子たちとハーレムを作りました２修学旅行なうAfter編 .epub,修学旅行で一軍女子たちとハーレムを作りました２【修学旅行なう＆After編】,原野イアン,ja,,フランス書院,urn:uuid:ecee81d7-061c-5ffa-e71e-ab819a0b16bb
修学旅行で一軍女子たちとハーレムを作りました３【追憶編】,原野イアン,2025-05-29, 修学旅行で一軍女子たちとハーレムを作りました３追憶編 .epub,修学旅行で一軍女子たちとハーレムを作りました３【追憶編】,原野イアン,ja,,フランス書院,urn:uuid:36cb5eaf-b90f-b3d8-d472-49c3eb9c3e92
俺とアイツは友達じゃない。,斎藤ニコ/みすみ,2025-12-25, 俺とアイツは友達じゃない .epub,俺とアイツは友達じゃない。,斎藤ニコ/みすみ,zh-CN,,,epubx_B-27537-128494556-001-001
俺とアイツは友達じゃない。 2,斎藤ニコ/みすみ,2025-12-25, 俺とアイツは友達じゃない 2 .epub,俺とアイツは友達じゃない。 2,斎藤ニコ/みすみ,zh-CN,,,epubx_B-27537-130094823-001-001
俺にトラウマを与えた女子達がチラチラ見てくるけど、残念ですが手遅れです 6,御堂ユラギ,2025-10-31, 俺にトラウマを与えた女子達がチラチラ見てくるけど残念ですが手遅れです 6 .epub,俺にトラウマを与えた女子達がチラチラ見てくるけど、残念ですが手遅れです 6,御堂ユラギ,zh-CN,,株式会社オーバーラップ,cd3179ae-0202-4c7e-b007-0642494e6d65
俺に甘えてくるヤンデレ義妹が元カノの妹だった (フランス書院eブックス),いばらきの,2025-07-30, 俺に甘えてくるヤンデレ義妹が元カノの妹だった フランス書院eブックス .epub,俺に甘えてくるヤンデレ義妹が元カノの妹だった (フランス書院eブックス),いばらきの,zh-CN,,フランス書院,B09ZB6G8F6
俺に甘えてくるヤンデレ義妹が元カノの妹だった【ハッピーエンド】,いばらきの,2025-07-30, 俺に甘えてくるヤンデレ義妹が元カノの妹だったハッピーエンド .epub,俺に甘えてくるヤンデレ義妹が元カノの妹だった【ハッピーエンド】,いばらきの,zh-CN,,フランス書院,urn:uuid:3c79d761-0ef6-e170-a1ae-ac73f4cd4bf6
俺のスマホに心の声が漏れちゃう残念美少女たちが可愛すぎる 1,美月 麗,2025-12-01, 俺のスマホに心の声が漏れちゃう残念美少女たちが可愛すぎる 1 .epub,俺のスマホに心の声が漏れちゃう残念美少女たちが可愛すぎる 1,美月 麗,zh-CN,,株式会社オーバーラップ,urn:uuid:bbf1be33-e6f4-4b62-91de-1afff45d196c
俺の一番になりたい3人の清楚なカノジョ ※みんな激重になった【電子特典付き】,及川　輝新,2026-04-09, 俺の一番になりたい3人の清楚なカノジョ　みんな激重になった電子特典付き .epub,俺の一番になりたい3人の清楚なカノジョ ※みんな激重になった【電子特典付き】,及川 輝新,zh-CN,,株式会社ＫＡＤＯＫＡＷＡ,04685825A24461800000
俺の先輩の悪役令嬢が、エッチな呪いをかけられていたのだが,さささのよし,2025-07-30, 俺の先輩の悪役令嬢がエッチな呪いをかけられていたのだが .epub,俺の先輩の悪役令嬢が、エッチな呪いをかけられていたのだが,さささのよし,zh-CN,,フランス書院,calibre:5
俺の妹が超天才美少女催眠術師なわけがない１ 学園一の美少女堕としとツンデレLOVE,XPJbox,2025-07-01, 俺の妹が超天才美少女催眠術師なわけがない１　学園一の美少女堕としとツンデレLOVE .epub,俺の妹が超天才美少女催眠術師なわけがない１ 学園一の美少女堕としとツンデレLOVE,XPJbox,zh-CN,,フランス書院,urn:uuid:0298cd1f-b72e-83b1-eed6-1e2cc171c2de
俺の妹が超天才美少女催眠術師なわけがない２ 国民的アイドル堕としと真の恋人,XPJbox,2025-07-01, 俺の妹が超天才美少女催眠術師なわけがない２　国民的アイドル堕としと真の恋人 .epub,俺の妹が超天才美少女催眠術師なわけがない２ 国民的アイドル堕としと真の恋人,XPJbox,zh-CN,,フランス書院,urn:uuid:bbf3817d-e86c-9d4e-8d56-aedeef59fdd6
俺の担任で女教師が性癖合いすぎだったので、従順メス犬にして孕ませデキ婚した話。,孕間せん,2025-07-01, 俺の担任で女教師が性癖合いすぎだったので従順メス犬にして孕ませデキ婚した話 .epub,俺の担任で女教師が性癖合いすぎだったので、従順メス犬にして孕ませデキ婚した話。,孕間せん,zh-CN,,フランス書院,urn:uuid:c93d1ad9-6da2-5ee0-edac-19055e3e299a
俺の担任で女教師が性癖合いすぎだったので、従順メス犬にして孕ませデキ婚した話。【教育実習生編】,孕間せん,2025-07-01, 俺の担任で女教師が性癖合いすぎだったので従順メス犬にして孕ませデキ婚した話教育実習生編 .epub,俺の担任で女教師が性癖合いすぎだったので、従順メス犬にして孕ませデキ婚した話。【教育実習生編】,孕間せん,zh-CN,,フランス書院,urn:uuid:02249981-61dd-9e75-cc37-71321b9b4616
俺の担任で女教師が性癖合いすぎだったので、従順メス犬にして孕ませデキ婚した話。【水泳部顧問編】,孕間せん,2025-07-01, 俺の担任で女教師が性癖合いすぎだったので従順メス犬にして孕ませデキ婚した話水泳部顧問編 .epub,俺の担任で女教師が性癖合いすぎだったので、従順メス犬にして孕ませデキ婚した話。【水泳部顧問編】,孕間せん,zh-CN,,フランス書院,urn:uuid:61c9e82e-80fa-a17d-16cb-1fb640360e32
俺の母さんは最強の魔法少女です,愛坂　タカト,2026-02-10, 俺の母さんは最強の魔法少女です .epub,俺の母さんは最強の魔法少女です,愛坂 タカト,zh-CN,,株式会社ＫＡＤＯＫＡＷＡ,04916769A23201800000
俺は義妹に嘘をつく 2 ～血の繋がらない妹を俺が引き取ることにした～,城野白,2025-05-23, 俺は義妹に嘘をつく 2 ～血の繋がらない妹を俺が引き取ることにした～ .epub,俺は義妹に嘘をつく 2 ～血の繋がらない妹を俺が引き取ることにした～,城野白,ja,,株式会社 集英社,08631557016180000000
俺は義妹に嘘をつく 2 ～血の繋がらない妹を俺が引き取ることにした～,城野白,2025-10-31, 俺は義妹に嘘をつく 2 ～血の繋がらない妹を俺が引き取ることにした～  1.epub,俺は義妹に嘘をつく 2 ～血の繋がらない妹を俺が引き取ることにした～,城野白,zh-CN,,株式会社 集英社,08631557016180000000
俺は義妹に嘘をつく ～血の繋がらない妹を俺が引き取ることにした～,城野白,2025-05-23, 俺は義妹に嘘をつく ～血の繋がらない妹を俺が引き取ることにした～ .epub,俺は義妹に嘘をつく ～血の繋がらない妹を俺が引き取ることにした～,城野白,ja,,株式会社 集英社,B0CPLN5LNB
俺は義妹に嘘をつく ～血の繋がらない妹を俺が引き取ることにした～,城野白,2025-10-31, 俺は義妹に嘘をつく ～血の繋がらない妹を俺が引き取ることにした～  1.epub,俺は義妹に嘘をつく ～血の繋がらない妹を俺が引き取ることにした～,城野白,zh-CN,,株式会社 集英社,B0CPLN5LNB
俺を好きなのはお前だけかよ(13),駱駝,2025-05-19, 俺を好きなのはお前だけかよ13 .epub,俺を好きなのはお前だけかよ(13),駱駝,ja,,株式会社ＫＡＤＯＫＡＷＡ,04912908A09018400000
俺を好きなのはお前だけかよ(17),駱駝,2025-05-19, 俺を好きなのはお前だけかよ17 .epub,俺を好きなのはお前だけかよ(17),駱駝,ja,,株式会社ＫＡＤＯＫＡＷＡ,B09NVB6RG3
俺を欲しがる二人の母,はやさかうたね,2025-08-05, 俺を欲しがる二人の母 .epub,俺を欲しがる二人の母,はやさかうたね,zh-CN,,株式会社パラダイム,9784801516250
俺を罠にハメて笑い者にした巨乳美少女が俺以外誰からも認識されなくなって助けを求めてきたから、復讐がてら肉の便所にしようと思う,ロボルカン,2025-07-30, 俺を罠にハメて笑い者にした巨乳美少女が俺以外誰からも認識されなくなって助けを求めてきたから復讐がてら肉の便所にしようと思う .epub,俺を罠にハメて笑い者にした巨乳美少女が俺以外誰からも認識されなくなって助けを求めてきたから、復讐がてら肉の便所にしようと思う,ロボルカン,zh-CN,,フランス書院,urn:uuid:e1bbc451-5a15-9993-8e2d-2a5514d58c47
俺を罠にハメて笑い者にした巨乳美少女が俺以外誰からも認識されなくなって助けを求めてきたから、復讐がてら肉の便所にしようと思う【失楽園】,ロボルカン,2025-07-30, 俺を罠にハメて笑い者にした巨乳美少女が俺以外誰からも認識されなくなって助けを求めてきたから復讐がてら肉の便所にしようと思う失楽園 .epub,俺を罠にハメて笑い者にした巨乳美少女が俺以外誰からも認識されなくなって助けを求めてきたから、復讐がてら肉の便所にしようと思う【失楽園】,ロボルカン,zh-CN,,フランス書院,urn:uuid:e4dd6b55-8835-fa21-31f2-7bfd30c74e21
俺以外の男がほぼ全員女性アレルギーで、セックスすると死ぬ世界に迷いこんでしまった【JD逆ナン編】,愛夢かみん,2025-07-30, 俺以外の男がほぼ全員女性アレルギーでセックスすると死ぬ世界に迷いこんでしまったJD逆ナン編 .epub,俺以外の男がほぼ全員女性アレルギーで、セックスすると死ぬ世界に迷いこんでしまった【JD逆ナン編】,愛夢かみん,zh-CN,,フランス書院,urn:uuid:154459f6-c389-c72e-3a51-9916f6b093e4
俺以外の男がほぼ全員女性アレルギーで、セックスすると死ぬ世界に迷いこんでしまった【エッチな母娘編】,愛夢かみん,2025-07-30, 俺以外の男がほぼ全員女性アレルギーでセックスすると死ぬ世界に迷いこんでしまったエッチな母娘編 .epub,俺以外の男がほぼ全員女性アレルギーで、セックスすると死ぬ世界に迷いこんでしまった【エッチな母娘編】,愛夢かみん,zh-CN,,フランス書院,urn:uuid:88693e03-b506-69a8-167f-33b416882864
俺以外の男がほぼ全員女性アレルギーで、セックスすると死ぬ世界に迷いこんでしまった【ヤリチン無双編】,愛夢かみん,2025-07-30, 俺以外の男がほぼ全員女性アレルギーでセックスすると死ぬ世界に迷いこんでしまったヤリチン無双編 .epub,俺以外の男がほぼ全員女性アレルギーで、セックスすると死ぬ世界に迷いこんでしまった【ヤリチン無双編】,愛夢かみん,zh-CN,,フランス書院,urn:uuid:00d11e9a-461c-ea49-f8d2-aa84fa1b1fdb
催眠カノジョ 高梨伊織催眠記録,上田ながの,2025-07-30, 催眠カノジョ　高梨伊織催眠記録 .epub,催眠カノジョ 高梨伊織催眠記録,上田ながの,zh-CN,,株式会社キルタイムコミュニケーション,B08QHKTZZL
催眠カレシ ～練習エッチで寝取られるトップカースト美少女～,大角やぎ,2025-07-30, 催眠カレシ　～練習エッチで寝取られるトップカースト美少女～ .epub,催眠カレシ ～練習エッチで寝取られるトップカースト美少女～,大角やぎ,zh-CN,,株式会社キルタイムコミュニケーション,B08G88Z4JD
催眠奪女 ～僕と女教師と後輩姉妹の放課後Ｈ活動～「特別増量版」,Fuzisawa,2025-08-05, 催眠奪女　～僕と女教師と後輩姉妹の放課後Ｈ活動～特別増量版 .epub,催眠奪女 ～僕と女教師と後輩姉妹の放課後Ｈ活動～「特別増量版」,Fuzisawa,zh-CN,,株式会社パラダイム,9784801593527
催眠奪女 ～僕と架純先輩の放課後寝取りＨ活動～「特別増量版」,黒瀧糸由,2025-08-05, 催眠奪女　～僕と架純先輩の放課後寝取りＨ活動～特別増量版 .epub,催眠奪女 ～僕と架純先輩の放課後寝取りＨ活動～「特別増量版」,黒瀧糸由,zh-CN,,株式会社パラダイム,97848015173320000000
催眠学園支配 生徒会長を堕とし孕ます放課後,水無瀬さんご,2025-10-04, 催眠学園支配　生徒会長を堕とし孕ます放課後 .epub,催眠学園支配 生徒会長を堕とし孕ます放課後,水無瀬さんご,zh-CN,,フランス書院,urn:uuid:ed0843a0-2b97-4909-b7e9-d5985924c4f5
催眠学園風俗部 (ぷちぱら文庫Creative),難波一一,2025-07-26, 催眠学園風俗部 ぷちぱら文庫Creative .epub,催眠学園風俗部 (ぷちぱら文庫Creative),難波一一,ja,,株式会社パラダイム,B0963HXGTN
催眠学習 姫宮月乃と姫宮涼香、母娘征服,ＮＡＴＯＲＩ烏賊,2025-07-30, 催眠学習　姫宮月乃と姫宮涼香母娘征服 .epub,催眠学習 姫宮月乃と姫宮涼香、母娘征服,ＮＡＴＯＲＩ烏賊,zh-CN,,フランス書院,B088K6JYJ4
催眠性指導,巽 飛呂彦,2025-07-30, 催眠性指導 .epub,催眠性指導,巽 飛呂彦,zh-CN,,フランス書院,B075F62X8X
催眠性指導 宮島桜と宮島椿の場合,おくとぱす,2025-07-30, 催眠性指導 宮島桜と宮島椿の場合 .epub,催眠性指導 宮島桜と宮島椿の場合,おくとぱす,zh-CN,,フランス書院,90e76d85-e6cd-4812-aacb-bd2a98b8e2b6
催眠恋。 純愛幼なじみ、生意気義妹、高慢教師を独り占め！,上原 りょう,2025-07-30, 催眠恋　純愛幼なじみ生意気義妹高慢教師を独り占め .epub,催眠恋。 純愛幼なじみ、生意気義妹、高慢教師を独り占め！,上原 りょう,zh-CN,,フランス書院,B07DHKWJNL
催眠授業 女教師・春宮綾華は絶対堕ちない,上原 りょう,2025-05-28, 催眠授業　女教師春宮綾華は絶対堕ちない .epub,催眠授業 女教師・春宮綾華は絶対堕ちない,上原 りょう,ja,,フランス書院,B07YS4M4N5
催眠淫辱捜査官 堕ちる姉妹,瀧澤春,2025-08-05, 催眠淫辱捜査官　堕ちる姉妹 .epub,催眠淫辱捜査官 堕ちる姉妹,瀧澤春,zh-CN,,株式会社キルタイムコミュニケーション,B01K9HEA5Y
催眠清規【北条こころ・無意識発情編】,愛欲ほねね,2025-07-06, 催眠清規北条こころ無意識発情編 .epub,催眠清規【北条こころ・無意識発情編】,愛欲ほねね,zh-CN,,フランス書院,urn:uuid:7c78ec03-32a7-10b4-cff0-29e574390746
催眠清規【南マイ・無邪気露出編】,愛欲ほねね,2025-07-06, 催眠清規南マイ無邪気露出編 .epub,催眠清規【南マイ・無邪気露出編】,愛欲ほねね,zh-CN,,フランス書院,urn:uuid:a9ee9464-8dfb-3ed1-bd84-5227e6779785
催眠清規【東方すのう・性交遊戯編】 (フランス書院eブックス),愛欲 ほねね,2025-07-06, 催眠清規東方すのう性交遊戯編 フランス書院eブックス .epub,催眠清規【東方すのう・性交遊戯編】 (フランス書院eブックス),愛欲 ほねね,zh-CN,,フランス書院,3b6e4e81-8c78-4d29-89b5-3e5ed7e11c84
催眠清規【真中愛・最愛再会編】 (フランス書院eブックス),愛欲 ほねね,2025-07-06, 催眠清規真中愛最愛再会編 フランス書院eブックス .epub,催眠清規【真中愛・最愛再会編】 (フランス書院eブックス),愛欲 ほねね,zh-CN,,フランス書院,97375e85-b5b6-47a0-8965-6127cec788a4
催眠清規【西武レイン・強制欲情編】,愛欲ほねね,2025-07-06, 催眠清規西武レイン強制欲情編 .epub,催眠清規【西武レイン・強制欲情編】,愛欲ほねね,zh-CN,,フランス書院,urn:uuid:782a1949-27df-e49c-b586-4d2379449087
催眠監禁 パワハラ幼馴染み令嬢をボテ腹オナホ妻に堕とすまでの断章記録,マサイ,2025-11-08, 催眠監禁　パワハラ幼馴染み令嬢をボテ腹オナホ妻に堕とすまでの断章記録 .epub,催眠監禁 パワハラ幼馴染み令嬢をボテ腹オナホ妻に堕とすまでの断章記録,マサイ,zh-CN,,フランス書院,urn:uuid:f15c4ca9-f681-9395-13bc-b618f467a89d
催眠領域【すべての女が奴隷彼女になる世界】,舞条弦,2025-07-30, 催眠領域すべての女が奴隷彼女になる世界 .epub,催眠領域【すべての女が奴隷彼女になる世界】,舞条弦,zh-CN,,フランス書院,urn:uuid:1b0d8a5f-2633-3d76-613c-3f7e571a6082
僕とエルフメイド姉妹の三人暮らし,青橋由高,2025-06-17, 僕とエルフメイド姉妹の三人暮らし .epub,僕とエルフメイド姉妹の三人暮らし,青橋由高,zh-CN,,,urn:uuid:45e196f4-92de-4f55-bf3b-775a2ae2f582
僕の恋人の母親は、実は現役のＪカップＡＶ女優で、娘の彼氏とヤりたいドスケベなメスだった。,柚子故障,2025-10-17, 僕の恋人の母親は実は現役のＪカップＡＶ女優で娘の彼氏とヤりたいドスケベなメスだった .epub,僕の恋人の母親は、実は現役のＪカップＡＶ女優で、娘の彼氏とヤりたいドスケベなメスだった。,柚子故障,zh-CN,,フランス書院,urn:uuid:05cd20e3-12eb-8194-15b4-50162e613f4d
僕の恋人の母親は、実は現役のＪカップＡＶ女優で、娘の彼氏とヤりたいドスケベなメスだった。２,柚子故障,2025-10-17, 僕の恋人の母親は実は現役のＪカップＡＶ女優で娘の彼氏とヤりたいドスケベなメスだった２ .epub,僕の恋人の母親は、実は現役のＪカップＡＶ女優で、娘の彼氏とヤりたいドスケベなメスだった。２,柚子故障,zh-CN,,フランス書院,urn:uuid:c7f2535d-6e46-aeed-8284-3b3978bfe203
僕の恋人の母親は、実は現役のＪカップＡＶ女優で、娘の彼氏とヤりたいドスケベなメスだった。３,柚子故障,2025-10-17, 僕の恋人の母親は実は現役のＪカップＡＶ女優で娘の彼氏とヤりたいドスケベなメスだった３ .epub,僕の恋人の母親は、実は現役のＪカップＡＶ女優で、娘の彼氏とヤりたいドスケベなメスだった。３,柚子故障,zh-CN,,フランス書院,urn:uuid:0d3d42dc-03e5-07dc-9cff-7f401b0ef04a
優秀すぎて追放された平民魔術師、無能のフリしてゴミ貴族を蹂躙する,ヰ森　奇恋,2026-04-09, 優秀すぎて追放された平民魔術師無能のフリしてゴミ貴族を蹂躙する .epub,優秀すぎて追放された平民魔術師、無能のフリしてゴミ貴族を蹂躙する,ヰ森 奇恋,zh-CN,,株式会社ＫＡＤＯＫＡＷＡ,04076330A24399700000
兄妹ですが異世界で結婚しました。 かけおちスローライフ (美少女文庫),沙桐 好佳,2025-05-19, 兄妹ですが異世界で結婚しました かけおちスローライフ 美少女文庫 .epub,兄妹ですが異世界で結婚しました。 かけおちスローライフ (美少女文庫),沙桐 好佳,ja,,フランス書院,83716c44-2f77-4dc0-9984-8f87bd0385cf
先生……キスは授業の範囲外です,阪田　咲話,2026-02-26, 先生キスは授業の範囲外です .epub,先生……キスは授業の範囲外です,阪田 咲話,zh-CN,,株式会社ＫＡＤＯＫＡＷＡ,urn:uuid:627f73e1-6892-44ef-ac07-e159badd4659
先生、教え子と〈結婚実習〉しませんか？ (美少女文庫),鏡 遊,2025-07-02, 先生教え子と結婚実習しませんか 美少女文庫 .epub,先生、教え子と〈結婚実習〉しませんか？ (美少女文庫),鏡 遊,zh-CN,,フランス書院,B07YS4NJ58
先輩と僕の夏休みのこと「特別増量版」,玉沢円,2025-08-10, 先輩と僕の夏休みのこと特別増量版 .epub,先輩と僕の夏休みのこと「特別増量版」,玉沢円,zh-CN,,株式会社パラダイム,9784801593572
公務員、中田忍の悪徳 ２ (ガガガ文庫),立川浦々,2025-07-23, 公務員中田忍の悪徳 ２ ガガガ文庫 .epub,公務員、中田忍の悪徳 ２ (ガガガ文庫),立川浦々,zh-CN,,,Id_F5FDBC92-40D1-4E7A-A93A-E033851E035D_
公務員、中田忍の悪徳_1,立川浦々,2025-07-23, 公務員中田忍の悪徳_1 .epub,公務員、中田忍の悪徳_1,立川浦々,zh-CN,,,
公務員、中田忍の悪徳_3,立川浦々,2025-07-23, 公務員中田忍の悪徳_3 .epub,公務員、中田忍の悪徳_3,立川浦々,zh-CN,,,
公務員、中田忍の悪徳_5,立川浦々,2025-07-23, 公務員中田忍の悪徳_5 .epub,公務員、中田忍の悪徳_5,立川浦々,zh-CN,,,
公務員、中田忍の悪徳_6,立川浦々,2025-07-23, 公務員中田忍の悪徳_6 .epub,公務員、中田忍の悪徳_6,立川浦々,zh-CN,,,
公務員、中田忍の悪徳_7,立川浦々,2025-07-23, 公務員中田忍の悪徳_7 .epub,公務員、中田忍の悪徳_7,立川浦々,zh-CN,,,
公務員、中田忍の悪徳_8,立川浦々,2025-07-23, 公務員中田忍の悪徳_8 .epub,公務員、中田忍の悪徳_8,立川浦々,zh-CN,,,
公務員、中田忍の悪徳 ４,立川浦々,2025-07-23, 公務員中田忍の悪徳　４ .epub,公務員、中田忍の悪徳 ４,立川浦々,zh-CN,,株式会社小学館,442864763
公女殿下の家庭教師15 英傑殺しの氷龍 (富士見ファンタジア文庫),七野りく,2025-06-03, 公女殿下の家庭教師15 英傑殺しの氷龍 富士見ファンタジア文庫 .epub,公女殿下の家庭教師15 英傑殺しの氷龍 (富士見ファンタジア文庫),七野りく,ja,,株式会社ＫＡＤＯＫＡＷＡ,55e49fbc-f83c-40f6-996b-2e898cb73cd7
公女殿下の家庭教師16 世界欺きの偽神,七野りく,2025-06-03, 公女殿下の家庭教師16 世界欺きの偽神 .epub,公女殿下の家庭教師16 世界欺きの偽神,七野りく,ja,,株式会社ＫＡＤＯＫＡＷＡ,ff9ee4f0-adbb-4100-ae0f-9d19042fb6cd
公女殿下の家庭教師17 星継ぎし天槍 (富士見ファンタジア文庫),七野りく,2025-06-03, 公女殿下の家庭教師17　星継ぎし天槍 富士見ファンタジア文庫 .epub,公女殿下の家庭教師17 星継ぎし天槍 (富士見ファンタジア文庫),七野りく,ja,,株式会社ＫＡＤＯＫＡＷＡ,urn:asin:B0D6HKKPDW
公女殿下の家庭教師18 闇射ちし神銃,七野りく,2025-06-03, 公女殿下の家庭教師18　闇射ちし神銃 .epub,公女殿下の家庭教師18 闇射ちし神銃,七野りく,ja,,株式会社ＫＡＤＯＫＡＷＡ,04075731A19670600000
公女殿下の家庭教師19 鍵護りし聖楯,七野りく,2025-06-03, 公女殿下の家庭教師19　鍵護りし聖楯 .epub,公女殿下の家庭教師19 鍵護りし聖楯,七野りく,ja,,株式会社ＫＡＤＯＫＡＷＡ,04075890A21343400000
冒険者酒場の料理人 (GAノベル),黒留 ハガネ,2026-04-09, 冒険者酒場の料理人 GAノベル .epub,冒険者酒場の料理人 (GAノベル),黒留 ハガネ,zh-CN,,SBクリエイティブ株式会社,f80637fa-bb61-4b79-b8d2-bad61e513f89
冒険者酒場の料理人２,黒留ハガネ,2026-04-09, 冒険者酒場の料理人２ .epub,冒険者酒場の料理人２,黒留ハガネ,zh-CN,,SBクリエイティブ,book-downloader: 1521503_002
冒険者酒場の料理人３,黒留ハガネ,2026-04-09, 冒険者酒場の料理人３ .epub,冒険者酒場の料理人３,黒留ハガネ,zh-CN,,SBクリエイティブ,book-downloader: 1521503_003
凌辱レオタード～淫獄に堕ちた女子高生～,斐芝嘉和,2025-08-05, 凌辱レオタード～淫獄に堕ちた女子高生～ .epub,凌辱レオタード～淫獄に堕ちた女子高生～,斐芝嘉和,zh-CN,,株式会社キルタイムコミュニケーション,B00HVR8WUU
初めての彼女にフラれたのは、清楚ビッチな妹のせい,雲雀湯,2025-07-30, 初めての彼女にフラれたのは清楚ビッチな妹のせい .epub,初めての彼女にフラれたのは、清楚ビッチな妹のせい,雲雀湯,zh-CN,,フランス書院,urn:uuid:741a4edf-0ba6-2cd8-d435-a07a56799728
初恋の義姉似な姪っ子に誘惑された【晩夏】の生ハメ純愛イチャラブストーリー (フランス書院eブックス),大萩 燦,2025-07-08, 初恋の義姉似な姪っ子に誘惑された晩夏の生ハメ純愛イチャラブストーリー フランス書院eブックス .epub,初恋の義姉似な姪っ子に誘惑された【晩夏】の生ハメ純愛イチャラブストーリー (フランス書院eブックス),大萩 燦,zh-CN,,フランス書院,baaae354-b98f-42a3-b886-c144a93319a4
初恋の義姉似な姪っ子に誘惑された初夏の生ハメ純愛イチャラブストーリー,大萩燦,2025-07-08, 初恋の義姉似な姪っ子に誘惑された初夏の生ハメ純愛イチャラブストーリー .epub,初恋の義姉似な姪っ子に誘惑された初夏の生ハメ純愛イチャラブストーリー,大萩燦,zh-CN,,フランス書院,urn:uuid:c1d039c5-4fb2-33c1-7d4c-8b19af8cfa2c
初級職『召使い』だけどエロと快楽で逆転人生を送れます！ (ぷちぱら文庫Creative),愛内なの,2025-07-26, 初級職召使いだけどエロと快楽で逆転人生を送れます ぷちぱら文庫Creative .epub,初級職『召使い』だけどエロと快楽で逆転人生を送れます！ (ぷちぱら文庫Creative),愛内なの,ja,,株式会社パラダイム,B07QTJC451
刺殺転輪 メンヘラコンプリートエディション,吉野　憂,2026-04-09, 刺殺転輪　メンヘラコンプリートエディション .epub,刺殺転輪 メンヘラコンプリートエディション,吉野 憂,zh-CN,,株式会社小学館,urn:uuid:2c86098f-bcea-4702-ad05-a689a35b804a
剣道女子、完全敗北,舞条弦,2025-11-09, 剣道女子完全敗北 .epub,剣道女子、完全敗北,舞条弦,zh-CN,,フランス書院,urn:uuid:77fa790d-0783-435f-b5a3-df802d060091
剥かれた競泳水着 生徒会長・常盤咲穂の受難,草飼晃,2025-08-05, 剥かれた競泳水着　生徒会長常盤咲穂の受難 .epub,剥かれた競泳水着 生徒会長・常盤咲穂の受難,草飼晃,zh-CN,,株式会社キルタイムコミュニケーション,KTC2PB00000000000093
創約 とある魔術の禁書目録（１１）,鎌池　和馬,2025-05-19, 創約　とある魔術の禁書目録１１ .epub,創約 とある魔術の禁書目録（１１）,鎌池 和馬,ja,,,
創約 とある魔術の禁書目録（１２）,鎌池　和馬,2025-05-19, 創約　とある魔術の禁書目録１２ .epub,創約 とある魔術の禁書目録（１２）,鎌池 和馬,ja,,,
勇者だけど、最後に泊まった宿屋に産まれた娘がどう見ても俺の子な件,ナル,2025-07-08, 勇者だけど最後に泊まった宿屋に産まれた娘がどう見ても俺の子な件 .epub,勇者だけど、最後に泊まった宿屋に産まれた娘がどう見ても俺の子な件,ナル,zh-CN,,フランス書院,urn:uuid:01e5aaa6-f1d2-6e95-151d-49308b979a86
勇者だけど、最後に泊まった宿屋に産まれた娘がどう見ても俺の子な件２ ～そして旅立ちへ～,ナル,2025-07-08, 勇者だけど最後に泊まった宿屋に産まれた娘がどう見ても俺の子な件２　～そして旅立ちへ～ .epub,勇者だけど、最後に泊まった宿屋に産まれた娘がどう見ても俺の子な件２ ～そして旅立ちへ～,ナル,zh-CN,,フランス書院,urn:uuid:cb99b7ed-40ff-191a-0f69-8c6b3b9a3038
勇者だけど、最後に泊まった宿屋に産まれた娘がどう見ても俺の子な件３ ～空と海と大地と淫魔と処女～,ナル,2025-07-08, 勇者だけど最後に泊まった宿屋に産まれた娘がどう見ても俺の子な件３ ～空と海と大地と淫魔と処女～ .epub,勇者だけど、最後に泊まった宿屋に産まれた娘がどう見ても俺の子な件３ ～空と海と大地と淫魔と処女～,ナル,zh-CN,,フランス書院,calibre:265
動画配信サイトで寝取られる僕のカノジョ,懺悔,2025-12-23, 動画配信サイトで寝取られる僕のカノジョ .epub,動画配信サイトで寝取られる僕のカノジョ,懺悔,zh-CN,,フランス書院,03ab7733-0e49-4dc6-aafd-8cb8b22e1639
勝気な巨乳友母を中出し孕ませオナホに！ ～ムッチリ、ドタプン！ 熟れ肉たっぷり凛子ママをむしゃぶり味わい尽くす！～,有巻洋太,2025-12-23, 勝気な巨乳友母を中出し孕ませオナホに ～ムッチリドタプン 熟れ肉たっぷり凛子ママをむしゃぶり味わい尽くす～ .epub,勝気な巨乳友母を中出し孕ませオナホに！ ～ムッチリ、ドタプン！ 熟れ肉たっぷり凛子ママをむしゃぶり味わい尽くす！～,有巻洋太,zh-CN,,株式会社パラダイム,calibre:170
厳しい女上司が高校生に戻ったら俺にデレデレする理由 ～両片思いのやり直し高校生生活～【電子特装版】,徳山 銀次郎,2025-07-19, 厳しい女上司が高校生に戻ったら俺にデレデレする理由　～両片思いのやり直し高校生生活～電子特装版 .epub,厳しい女上司が高校生に戻ったら俺にデレデレする理由 ～両片思いのやり直し高校生生活～【電子特装版】,徳山 銀次郎,zh-CN,,SBクリエイティブ株式会社,B08F28D7NY
厳しい女上司が高校生に戻ったら俺にデレデレする理由２ ～両片思いのやり直し高校生生活～,徳山 銀次郎,2025-07-19, 厳しい女上司が高校生に戻ったら俺にデレデレする理由２　～両片思いのやり直し高校生生活～ .epub,厳しい女上司が高校生に戻ったら俺にデレデレする理由２ ～両片思いのやり直し高校生生活～,徳山 銀次郎,zh-CN,,SBクリエイティブ株式会社,B08VN5XPQ8
厳しい女上司が高校生に戻ったら俺にデレデレする理由３ ～両片思いのやり直し高校生生活～,徳山 銀次郎,2025-07-19, 厳しい女上司が高校生に戻ったら俺にデレデレする理由３　～両片思いのやり直し高校生生活～ .epub,厳しい女上司が高校生に戻ったら俺にデレデレする理由３ ～両片思いのやり直し高校生生活～,徳山 銀次郎,zh-CN,,SBクリエイティブ株式会社,B096HPVN5J
厳しい女上司が高校生に戻ったら俺にデレデレする理由４ ～両片思いのやり直し高校生生活～ (GA文庫),徳山 銀次郎,2025-07-19, 厳しい女上司が高校生に戻ったら俺にデレデレする理由４ ～両片思いのやり直し高校生生活～ GA文庫 .epub,厳しい女上司が高校生に戻ったら俺にデレデレする理由４ ～両片思いのやり直し高校生生活～ (GA文庫),徳山 銀次郎,zh-CN,,SBクリエイティブ株式会社,02f8319f-f63b-476c-b8ec-04fb016fcd4f
友達の妹が俺にだけウザい１１,三河ごーすと,2025-11-24, 友達の妹が俺にだけウザい１１ .epub,友達の妹が俺にだけウザい１１,三河ごーすと,ja,,SBクリエイティブ株式会社,89ddf8d7-541d-4442-802d-cbfbed5d6542
友達以上浮気未満のカノジョたち (富士見ファンタジア文庫),飴月,2025-08-20, 友達以上浮気未満のカノジョたち 富士見ファンタジア文庫 .epub,友達以上浮気未満のカノジョたち (富士見ファンタジア文庫),飴月,zh-CN,,株式会社ＫＡＤＯＫＡＷＡ,B0FLBZTK86
双子まとめて『カノジョ』にしない？6,白井　ムク,2025-12-25, 双子まとめてカノジョにしない6 .epub,双子まとめて『カノジョ』にしない？6,白井 ムク,zh-CN,,株式会社ＫＡＤＯＫＡＷＡ,04076107A22819700000
名前のない英雄,宮下愚弟,2025-11-20, 名前のない英雄 .epub,名前のない英雄,宮下愚弟,zh-CN,,株式会社小学館,urn:uuid:1694a37f-fcad-4922-9f1a-fd2683c3bba4
向かいのしごでき後輩は、ベランダで甘えたい,七転,2025-11-24, 向かいのしごでき後輩はベランダで甘えたい .epub,向かいのしごでき後輩は、ベランダで甘えたい,七転,zh-CN,,株式会社ＫＡＤＯＫＡＷＡ,6de2867a-ce5d-40e1-a7a9-6dc6e13a9453
君に恋をしただけじゃ、何も変わらないはずだった 君に恋をするなんて、ありえないはずだった (宝島社文庫),筏田かつら,2025-12-23, 君に恋をしただけじゃ何も変わらないはずだった 君に恋をするなんてありえないはずだった 宝島社文庫 .epub,君に恋をしただけじゃ、何も変わらないはずだった 君に恋をするなんて、ありえないはずだった (宝島社文庫),筏田かつら,ja,,宝島社,0389edf5-13c8-40ab-b276-7348c8705242
君に恋をするのは、いけないことですか 君に恋をするなんて、ありえないはずだった (宝島社文庫),筏田かつら,2026-04-15, 君に恋をするのはいけないことですか 君に恋をするなんてありえないはずだった 宝島社文庫 .epub,君に恋をするのは、いけないことですか 君に恋をするなんて、ありえないはずだった (宝島社文庫),筏田かつら,zh-CN,,宝島社,9888efe1-bf1a-45e4-b08a-2f9007f785ff
和葉会長を堕ちらせたい 完全調教催眠VS完璧生徒会長,ウメ種,2025-10-04, 和葉会長を堕ちらせたい　完全調教催眠VS完璧生徒会長 .epub,和葉会長を堕ちらせたい 完全調教催眠VS完璧生徒会長,ウメ種,zh-CN,,フランス書院,urn:uuid:bffb4d5f-82bf-641a-3ae9-85a12fbcf7c1
嘆きの亡霊は引退したい ～最弱ハンターによる最強パーティ育成術～ 10 (GCノベルズ),槻影,2025-11-08, 嘆きの亡霊は引退したい ～最弱ハンターによる最強パーティ育成術～ 10 GCノベルズ .epub,嘆きの亡霊は引退したい ～最弱ハンターによる最強パーティ育成術～ 10 (GCノベルズ),槻影,ja,,株式会社マイクロマガジン社,B0C68J1DY1
嘆きの亡霊は引退したい ～最弱ハンターによる最強パーティ育成術～ 11 (GCノベルズ),槻影,2025-11-08, 嘆きの亡霊は引退したい ～最弱ハンターによる最強パーティ育成術～ 11 GCノベルズ .epub,嘆きの亡霊は引退したい ～最弱ハンターによる最強パーティ育成術～ 11 (GCノベルズ),槻影,ja,,株式会社マイクロマガジン社,B0CVB8LQN5
嘆きの亡霊は引退したい ～最弱ハンターによる最強パーティ育成術～ 5 (GCノベルズ),槻影,2025-11-08, 嘆きの亡霊は引退したい ～最弱ハンターによる最強パーティ育成術～ 5 GCノベルズ .epub,嘆きの亡霊は引退したい ～最弱ハンターによる最強パーティ育成術～ 5 (GCノベルズ),槻影,zh-CN,,株式会社マイクロマガジン社,9784867160473
嘆きの亡霊は引退したい ～最弱ハンターによる最強パーティ育成術～ 6 (GCノベルズ),槻影,2025-11-08, 嘆きの亡霊は引退したい ～最弱ハンターによる最強パーティ育成術～ 6 GCノベルズ .epub,嘆きの亡霊は引退したい ～最弱ハンターによる最強パーティ育成術～ 6 (GCノベルズ),槻影,ja,,株式会社マイクロマガジン社,9784867161135
嘆きの亡霊は引退したい ～最弱ハンターによる最強パーティ育成術～ 7 (GCノベルズ),槻影,2025-11-08, 嘆きの亡霊は引退したい ～最弱ハンターによる最強パーティ育成術～ 7 GCノベルズ .epub,嘆きの亡霊は引退したい ～最弱ハンターによる最強パーティ育成術～ 7 (GCノベルズ),槻影,ja,,株式会社マイクロマガジン社,9784867161135
嘆きの亡霊は引退したい ～最弱ハンターによる最強パーティ育成術～ 8 (GCノベルズ),槻影,2025-11-08, 嘆きの亡霊は引退したい ～最弱ハンターによる最強パーティ育成術～ 8 GCノベルズ .epub,嘆きの亡霊は引退したい ～最弱ハンターによる最強パーティ育成術～ 8 (GCノベルズ),槻影,ja,,株式会社マイクロマガジン社,9784867162569
嘆きの亡霊は引退したい ～最弱ハンターによる最強パーティ育成術～ 9 (GCノベルズ),槻影,2025-11-08, 嘆きの亡霊は引退したい ～最弱ハンターによる最強パーティ育成術～ 9 GCノベルズ .epub,嘆きの亡霊は引退したい ～最弱ハンターによる最強パーティ育成術～ 9 (GCノベルズ),槻影,ja,,株式会社マイクロマガジン社,B0BKFS2VBT
嘆きの亡霊は引退したい〜最弱ハンターによる最強パーティ育成術〜 12,槻影,2025-11-08, 嘆きの亡霊は引退したい最弱ハンターによる最強パーティ育成術 12 .epub,嘆きの亡霊は引退したい〜最弱ハンターによる最強パーティ育成術〜 12,槻影,ja,,株式会社マイクロマガジン社,urn:isbn:9784867166383
囚われた人妻捜査官 祐美子 母娘奴隷・黒い淫獄,筑摩十幸,2025-08-05, 囚われた人妻捜査官 祐美子 母娘奴隷黒い淫獄 .epub,囚われた人妻捜査官 祐美子 母娘奴隷・黒い淫獄,筑摩十幸,zh-CN,,株式会社キルタイムコミュニケーション,B06XCJK7FZ
囚われた人妻捜査官 聖実 肛虐魔薬調教 (リアルドリーム文庫),筑摩十幸,2025-08-05, 囚われた人妻捜査官 聖実 肛虐魔薬調教 リアルドリーム文庫 .epub,囚われた人妻捜査官 聖実 肛虐魔薬調教 (リアルドリーム文庫),筑摩十幸,zh-CN,,,02519645-f16a-4a93-a3bd-75f292c4d69a
囚われの女捜査官 敗北の牝豹たち,草飼晃,2025-11-30, 囚われの女捜査官　敗北の牝豹たち .epub,囚われの女捜査官 敗北の牝豹たち,草飼晃,zh-CN,,フランス書院,urn:uuid:d57eb0b1-df1f-40cc-94d7-426b9d20d6bb
地味でダメな村人Ａは世界最高の魔法使い！？ 〜隠居ハーレムで幸せな人生を送ってます！〜 地味でダメな村人Aは世界最高の魔法使い！？ 〜隠居ハーレムで幸せな人生を送ってます！〜 (キングノベルス),愛内なの,2025-07-26, 地味でダメな村人Ａは世界最高の魔法使い 隠居ハーレムで幸せな人生を送ってます 地味でダメな村人Aは世界最高の魔法使い 隠居ハーレムで幸せな人生を送ってます キン.epub,地味でダメな村人Ａは世界最高の魔法使い！？ 〜隠居ハーレムで幸せな人生を送ってます！〜 地味でダメな村人Aは世界最高の魔法使い！？ 〜隠居ハーレムで幸せな人生を送ってます！〜 (キングノベルス),愛内なの,ja,,株式会社パラダイム,B07WGFPTPW
地味めな侍女さんのお仕事セックス～お嬢様に代わってお相手します～ アドベンチャーゲームブック アダルト版 (UNREAL PUBLISHING),ＵＮＲＥＡＬＰＵＢＬＩＳＨＩＮＧ,2025-07-30, 地味めな侍女さんのお仕事セックス～お嬢様に代わってお相手します～ アドベンチャーゲームブック アダルト版 UNREAL PUBLISHING .epub,地味めな侍女さんのお仕事セックス～お嬢様に代わってお相手します～ アドベンチャーゲームブック アダルト版 (UNREAL PUBLISHING),ＵＮＲＥＡＬＰＵＢＬＩＳＨＩＮＧ,zh-CN,,UNREAL PUBLISHING,22d79df8-c146-4f6f-90df-8a1f46f9e41d
堕淫マンション 媚母娘を寝取る,北條拓人,2025-08-05, 堕淫マンション　媚母娘を寝取る .epub,堕淫マンション 媚母娘を寝取る,北條拓人,zh-CN,,株式会社キルタイムコミュニケーション,KTCREA00000000000006
夏が終わるまで 堕とされた献身少女・由比,空蝉,2025-08-05, 夏が終わるまで　堕とされた献身少女由比 .epub,夏が終わるまで 堕とされた献身少女・由比,空蝉,zh-CN,,株式会社キルタイムコミュニケーション,B086352VXV
夕凪荘のS級の彼女たち「特別増量版」,布施はるか,2025-08-05, 夕凪荘のS級の彼女たち特別増量版 .epub,夕凪荘のS級の彼女たち「特別増量版」,布施はるか,zh-CN,,株式会社パラダイム,calibre:19
夕凪荘のＳ級の彼女たち２「特別増量版」,男爵平野,2025-08-05, 夕凪荘のＳ級の彼女たち２特別増量版 .epub,夕凪荘のＳ級の彼女たち２「特別増量版」,男爵平野,zh-CN,,株式会社パラダイム,calibre:20
多摩湖さんと黄鶏くん (電撃文庫),入間 人間,2025-05-19, 多摩湖さんと黄鶏くん 電撃文庫 .epub,多摩湖さんと黄鶏くん (電撃文庫),入間 人間,ja,,株式会社KADOKAWA,mobi-asin:B00MB2T434
夫婦になったふたりの幸せな十月十日 クーデレすぎる未来の嫁の面倒な7日間 番外編（６）,桐刻,2025-06-17, 夫婦になったふたりの幸せな十月十日　クーデレすぎる未来の嫁の面倒な7日間 番外編６ .epub,夫婦になったふたりの幸せな十月十日 クーデレすぎる未来の嫁の面倒な7日間 番外編（６）,桐刻,zh-CN,,株式会社ＫＡＤＯＫＡＷＡ,04000000A20108800000
奪通 NTR配達サービス営業中「特別増量版」,明日葉あすは,2025-08-05, 奪通　NTR配達サービス営業中特別増量版 .epub,奪通 NTR配達サービス営業中「特別増量版」,明日葉あすは,zh-CN,,株式会社パラダイム,9784801593596
女性の将来なりたい職業ランキング第一位が性奴隷な世界 (フランス書院eブックス),琴弾 南中,2025-05-27, 女性の将来なりたい職業ランキング第一位が性奴隷な世界 フランス書院eブックス .epub,女性の将来なりたい職業ランキング第一位が性奴隷な世界 (フランス書院eブックス),琴弾 南中,ja,,フランス書院,B0D6B9X7GH
女性の将来なりたい職業ランキング第一位が性奴隷な世界２ 学校で一番のお嬢様な女の子,琴弾南中,2025-05-27, 女性の将来なりたい職業ランキング第一位が性奴隷な世界２　学校で一番のお嬢様な女の子 .epub,女性の将来なりたい職業ランキング第一位が性奴隷な世界２ 学校で一番のお嬢様な女の子,琴弾南中,ja,,フランス書院,urn:uuid:e015af68-149e-821a-b3a3-07bb0c2fb593
女性の将来なりたい職業ランキング第一位が性奴隷な世界３ クラスメイトの欲求不満なお母さん,琴弾南中,2025-05-27, 女性の将来なりたい職業ランキング第一位が性奴隷な世界３　クラスメイトの欲求不満なお母さん .epub,女性の将来なりたい職業ランキング第一位が性奴隷な世界３ クラスメイトの欲求不満なお母さん,琴弾南中,ja,,フランス書院,urn:uuid:8772283e-f881-d4d3-95f0-ff83086cfd24
女性の将来なりたい職業ランキング第一位が性奴隷な世界４ 駅前にいたエッチなお姉さん (フランス書院eブックス),琴弾 南中,2025-05-27, 女性の将来なりたい職業ランキング第一位が性奴隷な世界４ 駅前にいたエッチなお姉さん フランス書院eブックス .epub,女性の将来なりたい職業ランキング第一位が性奴隷な世界４ 駅前にいたエッチなお姉さん (フランス書院eブックス),琴弾 南中,ja,,フランス書院,d65b44ce-0fb8-4357-9461-bc5cef2dcb21
女性の将来なりたい職業ランキング第一位が性奴隷な世界５ 俺を好きな女の子・朝山蜜柑 (フランス書院eブックス),琴弾 南中,2025-05-27, 女性の将来なりたい職業ランキング第一位が性奴隷な世界５ 俺を好きな女の子朝山蜜柑 フランス書院eブックス .epub,女性の将来なりたい職業ランキング第一位が性奴隷な世界５ 俺を好きな女の子・朝山蜜柑 (フランス書院eブックス),琴弾 南中,ja,,フランス書院,c39ce8c1-b247-4b4b-9c5c-d365c1474ccc
女性の将来なりたい職業ランキング第一位が性奴隷な世界６ 乗り気な由利ちゃんとそのお姉さん,琴弾南中,2025-05-27, 女性の将来なりたい職業ランキング第一位が性奴隷な世界６　乗り気な由利ちゃんとそのお姉さん .epub,女性の将来なりたい職業ランキング第一位が性奴隷な世界６ 乗り気な由利ちゃんとそのお姉さん,琴弾南中,ja,,フランス書院,urn:uuid:bc7b257b-bb89-14ba-cbbe-76747f8c1fd5
女捜査官バディ・綾香＆絵里花【敗北絶頂】,草飼晃,2025-11-09, 女捜査官バディ綾香絵里花敗北絶頂 .epub,女捜査官バディ・綾香＆絵里花【敗北絶頂】,草飼晃,zh-CN,,フランス書院,urn:uuid:50a62eb5-00e8-ae89-20d9-df52ab7d63ff
女艦長シュリア (二次元ぷち文庫),大熊狸喜,2025-08-05, 女艦長シュリア 二次元ぷち文庫 .epub,女艦長シュリア (二次元ぷち文庫),大熊狸喜,zh-CN,,株式会社キルタイムコミュニケーション,acdcc951-3fdc-4ab5-ac4b-358a5b1ce9b1
奴隷妻奪還調教 (フランス書院eブックス),マサイ,2025-07-28, 奴隷妻奪還調教 フランス書院eブックス .epub,奴隷妻奪還調教 (フランス書院eブックス),マサイ,zh-CN,,フランス書院,d4509086-fa7c-4114-88b1-545b233a5866
奴隷聖徒会長ヒカル ～淫魔に占陵された学園～,筑摩十幸,2025-08-05, 奴隷聖徒会長ヒカル　～淫魔に占陵された学園～ .epub,奴隷聖徒会長ヒカル ～淫魔に占陵された学園～,筑摩十幸,zh-CN,,株式会社キルタイムコミュニケーション,B017VMPAHM
奴隷聖徒会長ヒカル２ ～淫魔に占陵された学園～,筑摩十幸,2025-08-05, 奴隷聖徒会長ヒカル２　～淫魔に占陵された学園～ .epub,奴隷聖徒会長ヒカル２ ～淫魔に占陵された学園～,筑摩十幸,zh-CN,,株式会社キルタイムコミュニケーション,B017VMPAL8
好きすぎるから彼女以上の、妹として愛してください。３,滝沢 慧,2026-02-10, 好きすぎるから彼女以上の妹として愛してください３ .epub,好きすぎるから彼女以上の、妹として愛してください。３,滝沢 慧,ja,,株式会社ＫＡＤＯＫＡＷＡ,B085TF8NJW
好きすぎるから彼女以上の、妹として愛してください。４,滝沢 慧,2026-02-10, 好きすぎるから彼女以上の妹として愛してください４ .epub,好きすぎるから彼女以上の、妹として愛してください。４,滝沢 慧,ja,,株式会社ＫＡＤＯＫＡＷＡ,B08C9PP2MQ
好きすぎるから彼女以上の、妹として愛してください。５,滝沢 慧,2026-02-10, 好きすぎるから彼女以上の妹として愛してください５ .epub,好きすぎるから彼女以上の、妹として愛してください。５,滝沢 慧,zh-CN,,株式会社ＫＡＤＯＫＡＷＡ,B08MVHVGNY
好きだった子をメイドにしたら、俺の部屋でこっそりナニかしている,鏡　遊,2025-07-12, 好きだった子をメイドにしたら俺の部屋でこっそりナニかしている .epub,好きだった子をメイドにしたら、俺の部屋でこっそりナニかしている,鏡 遊,zh-CN,,株式会社ＫＡＤＯＫＡＷＡ,04915201A14816200000
好きな子に告ったら、双子の妹がオマケでついてきた1(ブレイブ文庫)【電子版特典SS付き】,鏡遊,2026-04-09, 好きな子に告ったら双子の妹がオマケでついてきた1ブレイブ文庫電子版特典SS付き .epub,好きな子に告ったら、双子の妹がオマケでついてきた1(ブレイブ文庫)【電子版特典SS付き】,鏡遊,zh-CN,,株式会社一二三書房,B0BJVK9WXK
好きな子に告ったら、双子の妹がオマケでついてきた（ブレイブ文庫）２,鏡遊,2026-04-09, 好きな子に告ったら双子の妹がオマケでついてきたブレイブ文庫２ .epub,好きな子に告ったら、双子の妹がオマケでついてきた（ブレイブ文庫）２,鏡遊,zh-CN,,株式会社一二三書房,B0CG62WSNX
好きな子に告ったら、双子の妹がオマケでついてきた（ブレイブ文庫）３,鏡遊,2026-04-09, 好きな子に告ったら双子の妹がオマケでついてきたブレイブ文庫３ .epub,好きな子に告ったら、双子の妹がオマケでついてきた（ブレイブ文庫）３,鏡遊,zh-CN,,株式会社一二三書房,B0D9XZNK7J
好きな子に告ったら、双子の妹がオマケでついてきた（ブレイブ文庫）４,鏡遊,2026-04-09, 好きな子に告ったら双子の妹がオマケでついてきたブレイブ文庫４ .epub,好きな子に告ったら、双子の妹がオマケでついてきた（ブレイブ文庫）４,鏡遊,zh-CN,,株式会社一二三書房,9784824204196
好きな子に告ったら、双子の妹がオマケでついてきた（ブレイブ文庫）５,鏡遊,2026-04-09, 好きな子に告ったら双子の妹がオマケでついてきたブレイブ文庫５ .epub,好きな子に告ったら、双子の妹がオマケでついてきた（ブレイブ文庫）５,鏡遊,zh-CN,,一二三書房,urn:uuid:d1843874-c7d1-4f7e-8851-a47713e02708
好きな子の親友に密かに迫られている,土車 甫,2025-05-19, 好きな子の親友に密かに迫られている .epub,好きな子の親友に密かに迫られている,土車 甫,ja,,株式会社ＫＡＤＯＫＡＷＡ,B0CNJC6DWR
好きな子の親友に密かに迫られている２,土車　甫,2025-05-19, 好きな子の親友に密かに迫られている２ .epub,好きな子の親友に密かに迫られている２,土車 甫,ja,,株式会社ＫＡＤＯＫＡＷＡ,04114923A17171400000
妹が泣いてるんで帰ります。 ～兄がデスマーチに巻き込まれた時、妹が取るべき１０の対策～ 【電子特典付き】 (MF文庫J),田尾 典丈,2026-02-10, 妹が泣いてるんで帰ります ～兄がデスマーチに巻き込まれた時妹が取るべき１０の対策～ 電子特典付き MF文庫J .epub,妹が泣いてるんで帰ります。 ～兄がデスマーチに巻き込まれた時、妹が取るべき１０の対策～ 【電子特典付き】 (MF文庫J),田尾 典丈,zh-CN,,KADOKAWA / メディアファクトリー,c65c5964-7125-48d9-a429-bdac01b7d7e9
妹の配信に入り込んだらVTuber扱いされた件（ブレイブ文庫）１,江波界司,2025-10-17, 妹の配信に入り込んだらVTuber扱いされた件ブレイブ文庫１ .epub,妹の配信に入り込んだらVTuber扱いされた件（ブレイブ文庫）１,江波界司,zh-CN,,株式会社一二三書房,B0DHBZ3KYP
妹はサイコパス,瀬尾順,2026-02-11, 妹はサイコパス .epub,妹はサイコパス,瀬尾順,zh-CN,,LINE,B07ZKNBVZ4
姉ちゃんのススメ～お姉ちゃんのイタズラ性生活～,橘トラ,2026-07-04, 姉ちゃんのススメ～お姉ちゃんのイタズラ性生活～ .epub,姉ちゃんのススメ～お姉ちゃんのイタズラ性生活～,橘トラ,zh-CN,,株式会社パラダイム,9784801511934
姉の彼女にキスをした,ハマカズシ,2025-11-20, 姉の彼女にキスをした .epub,姉の彼女にキスをした,ハマカズシ,zh-CN,,株式会社小学館,urn:uuid:711df0e4-0a4e-4eac-b61c-bf31e81560c2
姉妹X調教 ～絶対服従、セレブ姉妹と毎日中出し性活～「特別増量版」,Fuzisawa,2025-08-05, 姉妹X調教 ～絶対服従セレブ姉妹と毎日中出し性活～特別増量版 .epub,姉妹X調教 ～絶対服従、セレブ姉妹と毎日中出し性活～「特別増量版」,Fuzisawa,zh-CN,,株式会社パラダイム,a597354f-7ca8-41d2-a642-d88f6d45cb18
姉姉Z催眠 ～スマホ催眠装置で爆乳姉共に催眠調教、鬼畜寝取りで孕ませてやる！～,あすなゆう,2025-08-05, 姉姉Z催眠　～スマホ催眠装置で爆乳姉共に催眠調教鬼畜寝取りで孕ませてやる～ .epub,姉姉Z催眠 ～スマホ催眠装置で爆乳姉共に催眠調教、鬼畜寝取りで孕ませてやる！～,あすなゆう,zh-CN,,株式会社パラダイム,9784801517608
姦禁情事 清純女子のナマの匂い,朔月,2025-11-09, 姦禁情事 清純女子のナマの匂い .epub,姦禁情事 清純女子のナマの匂い,朔月,zh-CN,,株式会社キルタイムコミュニケーション,calibre:323
姫奪～寝取られ忠義忍法帳,上田ながの,2025-11-03, 姫奪～寝取られ忠義忍法帳 .epub,姫奪～寝取られ忠義忍法帳,上田ながの,zh-CN,,フランス書院,urn:uuid:ed0843a0-2b97-4909-b7e9-d5985924c4f5
姫騎士エルフと隠者ダークエルフ 隷属の淫紋 (美少女文庫),鷹羽 シン,2025-07-02, 姫騎士エルフと隠者ダークエルフ 隷属の淫紋 美少女文庫 .epub,姫騎士エルフと隠者ダークエルフ 隷属の淫紋 (美少女文庫),鷹羽 シン,zh-CN,,フランス書院,mobi-asin:B08B134YPK
姫騎士様のヒモ６,白金　透,2025-06-17, 姫騎士様のヒモ６ .epub,姫騎士様のヒモ６,白金 透,zh-CN,,株式会社ＫＡＤＯＫＡＷＡ,04916503A21953300000
娘に断罪される悪役公爵に転生してました 悪役ムーブをやめたのになぜか娘が『氷の令嬢』化する件 (ドラゴンノベルス),次佐 駆人,2026-03-06, 娘に断罪される悪役公爵に転生してました　悪役ムーブをやめたのになぜか娘が氷の令嬢化する件 ドラゴンノベルス .epub,娘に断罪される悪役公爵に転生してました 悪役ムーブをやめたのになぜか娘が『氷の令嬢』化する件 (ドラゴンノベルス),次佐 駆人,zh-CN,,株式会社ＫＡＤＯＫＡＷＡ,urn:asin:B0GNYJMWGM
娘の友人 小悪魔美少女とマジメな大人の性的攻防戦,大角やぎ,2025-07-30, 娘の友人 小悪魔美少女とマジメな大人の性的攻防戦 .epub,娘の友人 小悪魔美少女とマジメな大人の性的攻防戦,大角やぎ,zh-CN,,フランス書院,calibre:18
嫁・佳奈子は今夜も義父に犯される,青空白雲,2025-08-05, 嫁佳奈子は今夜も義父に犯される .epub,嫁・佳奈子は今夜も義父に犯される,青空白雲,zh-CN,,株式会社キルタイムコミュニケーション,B07G3QF3JF
嫁姉ッ！ お姉ちゃんの愛情は無限大！ 弟とだったら子作りもＯＫ！,089タロー,2025-08-20, 嫁姉ッ　お姉ちゃんの愛情は無限大　弟とだったら子作りもＯＫ .epub,嫁姉ッ！ お姉ちゃんの愛情は無限大！ 弟とだったら子作りもＯＫ！,089タロー,zh-CN,,株式会社キルタイムコミュニケーション,B00IM9LKEQ
嫉妬探偵の蛇谷さん,野中春樹,2025-09-21, 嫉妬探偵の蛇谷さん .epub,嫉妬探偵の蛇谷さん,野中春樹,zh-CN,,株式会社小学館,B0DFPV4DRP
嫉妬探偵の蛇谷さん ２,野中春樹,2025-11-09, 嫉妬探偵の蛇谷さん　２ .epub,嫉妬探偵の蛇谷さん ２,野中春樹,zh-CN,,株式会社小学館,urn:uuid:26d41369-e95a-425a-a6c3-8ee7de85a9ad
嫉妬探偵の蛇谷さん ３,野中春樹,2025-11-09, 嫉妬探偵の蛇谷さん　３ .epub,嫉妬探偵の蛇谷さん ３,野中春樹,zh-CN,,株式会社小学館,urn:uuid:26ea8ba0-bf51-4fa1-9582-076be6133adb
子作り妊活部！ おめでた、ボテ腹ギャルを絶対幸せにしてみせます,孕間せん,2025-07-30, 子作り妊活部　おめでたボテ腹ギャルを絶対幸せにしてみせます .epub,子作り妊活部！ おめでた、ボテ腹ギャルを絶対幸せにしてみせます,孕間せん,zh-CN,,フランス書院,urn:uuid:94db5620-a095-efc7-8297-9ed6608d9e35
子作り妊活部！ 入部してオタクに冷たいギャルとクールお姉さん系ギャルを孕ませます,孕間せん,2025-07-30, 子作り妊活部　入部してオタクに冷たいギャルとクールお姉さん系ギャルを孕ませます .epub,子作り妊活部！ 入部してオタクに冷たいギャルとクールお姉さん系ギャルを孕ませます,孕間せん,zh-CN,,フランス書院,urn:uuid:dc1fceec-c67c-4c5e-4f0f-4885f93f58c0
子作り妊活部！ 林間学校と修学旅行、二人のギャルをイチャラブ種付けプレスで孕ませます,孕間せん,2025-07-30, 子作り妊活部　林間学校と修学旅行二人のギャルをイチャラブ種付けプレスで孕ませます .epub,子作り妊活部！ 林間学校と修学旅行、二人のギャルをイチャラブ種付けプレスで孕ませます,孕間せん,zh-CN,,フランス書院,urn:uuid:2d4806bd-ab5f-a377-6089-cb1641187792
孤高のダークエルフ嫁といちゃらぶ妊活みるくライフ,神崎美宙,2025-11-24, 孤高のダークエルフ嫁といちゃらぶ妊活みるくライフ .epub,孤高のダークエルフ嫁といちゃらぶ妊活みるくライフ,神崎美宙,zh-CN,,株式会社パラダイム,calibre:131
孤高の電波美少女と恋で繋がったらギガ重い２,神宮寺　文鷹,2025-10-24, 孤高の電波美少女と恋で繋がったらギガ重い２ .epub,孤高の電波美少女と恋で繋がったらギガ重い２,神宮寺 文鷹,zh-CN,,株式会社ＫＡＤＯＫＡＷＡ,04916592A22416600000
学園3 ～華麗なる悦辱～,天草白,2025-08-05, 学園3 ～華麗なる悦辱～ .epub,学園3 ～華麗なる悦辱～,天草白,zh-CN,,株式会社パラダイム,44df84e9-c81c-4d3a-a0a8-fea03f63a9ea
守護天使ホーリーエンジェル ～犯されるヒーロー学園の少女たち～,上田ながの,2025-07-30, 守護天使ホーリーエンジェル　～犯されるヒーロー学園の少女たち～ .epub,守護天使ホーリーエンジェル ～犯されるヒーロー学園の少女たち～,上田ながの,zh-CN,,株式会社キルタイムコミュニケーション,B092HLW44S
守護聖姫アルテアガーディアンズ 催眠恥辱に堕ちる姉妹,火村龍,2025-08-05, 守護聖姫アルテアガーディアンズ　催眠恥辱に堕ちる姉妹 .epub,守護聖姫アルテアガーディアンズ 催眠恥辱に堕ちる姉妹,火村龍,zh-CN,,株式会社キルタイムコミュニケーション,B07G8VGQR5
完全時間停止～無理やり時間を止められた世界でハメられる女たち～ (ぷちぱら文庫),ＷＡＦＦＬＥ,2025-08-05, 完全時間停止～無理やり時間を止められた世界でハメられる女たち～ ぷちぱら文庫 .epub,完全時間停止～無理やり時間を止められた世界でハメられる女たち～ (ぷちぱら文庫),ＷＡＦＦＬＥ,zh-CN,,株式会社パラダイム,fea1a5cd-d5e7-44d4-bb23-ddaebd298086
完璧超人、超絶美少女の敬語妹は俺といちゃらぶしないともう頑張れないらしい。,南,2026-02-09, 完璧超人超絶美少女の敬語妹は俺といちゃらぶしないともう頑張れないらしい .epub,完璧超人、超絶美少女の敬語妹は俺といちゃらぶしないともう頑張れないらしい。,南,zh-CN,,フランス書院,urn:uuid:bdc7f213-e930-c3e6-cd42-69b1c80e1d76
寝たふり義妹と人斬りシザー (フランス書院eブックス),ＸＰＪｂｏｘ,2025-07-30, 寝たふり義妹と人斬りシザー フランス書院eブックス .epub,寝たふり義妹と人斬りシザー (フランス書院eブックス),ＸＰＪｂｏｘ,zh-CN,,フランス書院,d5b0e590-f7ad-4612-bcc8-c9e94d7ee44c
寝取られ上手な彼女,懺悔,2025-08-05, 寝取られ上手な彼女 .epub,寝取られ上手な彼女,懺悔,zh-CN,,フランス書院,urn:uuid:957ff9fd-7b7f-9a22-ef3d-2f053e69f503
寝取り旅館 ～ドクズおじさんのネトネトしつこい美少女凌辱 1-51,大角やぎ,2025-07-30, 寝取り旅館 ～ドクズおじさんのネトネトしつこい美少女凌辱 1-51 .epub,寝取り旅館 ～ドクズおじさんのネトネトしつこい美少女凌辱 1-51,大角やぎ,zh-CN,,,023efdda-3aef-4ac0-ad6b-9231cbdbe390
寝取り旅館 ～ドクズおじさんのネトネトしつこい美少女凌辱・ちさき編～,大角やぎ,2025-07-30, 寝取り旅館　～ドクズおじさんのネトネトしつこい美少女凌辱ちさき編～ .epub,寝取り旅館 ～ドクズおじさんのネトネトしつこい美少女凌辱・ちさき編～,大角やぎ,zh-CN,,株式会社キルタイムコミュニケーション,B08545SD8P
寝取主義者の花嫁弄り！ (ぷちぱら文庫),ソフトさ～くるクレージュ,2025-08-05, 寝取主義者の花嫁弄り ぷちぱら文庫 .epub,寝取主義者の花嫁弄り！ (ぷちぱら文庫),ソフトさ～くるクレージュ,zh-CN,,株式会社パラダイム,20f92e43-4b63-4c7d-9aa1-aba0b5efc7e7
対魔忍ユキカゼ 対魔忍魔調教に堕つ,蒼井村正,2025-05-28, 対魔忍ユキカゼ　対魔忍魔調教に堕つ .epub,対魔忍ユキカゼ 対魔忍魔調教に堕つ,蒼井村正,ja,,株式会社キルタイムコミュニケーション,B017VMPBD0
対魔忍ユキカゼ 対魔忍魔調教に堕つ,蒼井村正,2025-08-05, 対魔忍ユキカゼ　対魔忍魔調教に堕つ  1.epub,対魔忍ユキカゼ 対魔忍魔調教に堕つ,蒼井村正,zh-CN,,株式会社キルタイムコミュニケーション,B017VMPBD0
将軍の息子に転生したので、悪役令嬢もらいます。,さささのよし,2025-07-30, 将軍の息子に転生したので悪役令嬢もらいます .epub,将軍の息子に転生したので、悪役令嬢もらいます。,さささのよし,zh-CN,,,
将軍の息子に転生したので、悪役令嬢もらいます。２,さささのよし,2025-07-30, 将軍の息子に転生したので悪役令嬢もらいます２ .epub,将軍の息子に転生したので、悪役令嬢もらいます。２,さささのよし,zh-CN,,フランス書院,calibre:61
小さいころ好きだった近所の爆乳お姉さんと再会したら結婚することになりました,神崎美宙,2025-11-24, 小さいころ好きだった近所の爆乳お姉さんと再会したら結婚することになりました .epub,小さいころ好きだった近所の爆乳お姉さんと再会したら結婚することになりました,神崎美宙,zh-CN,,株式会社パラダイム,9784801517622
少女事案② 白スク水で愛犬を洗う風町鈴と飼い犬になってワンワン吠える夏目幸路,西条陽,2025-05-19, 少女事案②　白スク水で愛犬を洗う風町鈴と飼い犬になってワンワン吠える夏目幸路 .epub,少女事案② 白スク水で愛犬を洗う風町鈴と飼い犬になってワンワン吠える夏目幸路,西条陽,ja,,株式会社小学館,B0CWNX8WSP
少女事案③ バクハツして時を駆ける夏目娘と、小五の娘を持つ高校生の夏目幸路,西条陽,2025-05-19, 少女事案③　バクハツして時を駆ける夏目娘と小五の娘を持つ高校生の夏目幸路 .epub,少女事案③ バクハツして時を駆ける夏目娘と、小五の娘を持つ高校生の夏目幸路,西条陽,ja,,株式会社小学館,B0F37K1PK4
少女事案 炎上して敏感になる京野月子と死の未来を猫として回避する雪見文香,西条陽,2025-05-19, 少女事案　炎上して敏感になる京野月子と死の未来を猫として回避する雪見文香 .epub,少女事案 炎上して敏感になる京野月子と死の未来を猫として回避する雪見文香,西条陽,ja,,株式会社小学館,B0CMCSP9C9
崩壊世界の魔法杖職人２ 小冊子付き特装版【電子特典付き】 崩壊世界の魔法杖職人 小冊子付き特装版,黒留 ハガネ,2025-11-25, 崩壊世界の魔法杖職人２ 小冊子付き特装版電子特典付き 崩壊世界の魔法杖職人 小冊子付き特装版 .epub,崩壊世界の魔法杖職人２ 小冊子付き特装版【電子特典付き】 崩壊世界の魔法杖職人 小冊子付き特装版,黒留 ハガネ,zh-CN,,株式会社ＫＡＤＯＫＡＷＡ,B0G1LJM6G5
左遷錬金術師の辺境暮らし ２ 元エリートは二度目の人生も失敗したので辺境でのんびりとやり直すことにしました,出雲大吉/みきさい,2026-02-10, 左遷錬金術師の辺境暮らし ２ 元エリートは二度目の人生も失敗したので辺境でのんびりとやり直すことにしました .epub,左遷錬金術師の辺境暮らし ２ 元エリートは二度目の人生も失敗したので辺境でのんびりとやり直すことにしました,出雲大吉/みきさい,zh-CN,http://www.cnepub.com,,c693668d-7a67-48c2-b210-02b777c4a5dd
左遷錬金術師の辺境暮らし ３ 元エリートは二度目の人生も失敗したので辺境でのんびりとやり直すことにしました,出雲大吉/みきさい,2026-02-10, 左遷錬金術師の辺境暮らし ３ 元エリートは二度目の人生も失敗したので辺境でのんびりとやり直すことにしました .epub,左遷錬金術師の辺境暮らし ３ 元エリートは二度目の人生も失敗したので辺境でのんびりとやり直すことにしました,出雲大吉/みきさい,zh-CN,,,epubx_B-29126-130315833-001-001
左遷錬金術師の辺境暮らし 元エリートは二度目の人生も失敗したので辺境でのんびりとやり直すことにしました,出雲　大吉,2026-02-10, 左遷錬金術師の辺境暮らし　元エリートは二度目の人生も失敗したので辺境でのんびりとやり直すことにしました .epub,左遷錬金術師の辺境暮らし 元エリートは二度目の人生も失敗したので辺境でのんびりとやり直すことにしました,出雲 大吉,zh-CN,,株式会社ＫＡＤＯＫＡＷＡ,04075807A20706200000
巨乳催眠キャンプ場～女性客と好き放題できるアウトドアハーレム～,男爵平野,2025-12-23, 巨乳催眠キャンプ場～女性客と好き放題できるアウトドアハーレム～ .epub,巨乳催眠キャンプ場～女性客と好き放題できるアウトドアハーレム～,男爵平野,zh-CN,,株式会社パラダイム,calibre:125
常識改変が起こった異世界で強欲な聖者はハーレムをつくる,赤川ミカミ,2025-07-26, 常識改変が起こった異世界で強欲な聖者はハーレムをつくる .epub,常識改変が起こった異世界で強欲な聖者はハーレムをつくる,赤川ミカミ,ja,,株式会社パラダイム,B09NLR49PY
平民出身の帝国将官、無能な貴族上官を蹂躙して成り上がる,花音 小坂,2026-04-09, 平民出身の帝国将官無能な貴族上官を蹂躙して成り上がる .epub,平民出身の帝国将官、無能な貴族上官を蹂躙して成り上がる,花音 小坂,zh-CN,,株式会社ＫＡＤＯＫＡＷＡ,B0CW1B7PDF
平民出身の帝国将官、無能な貴族上官を蹂躙して成り上がる２ (富士見ファンタジア文庫),花音 小坂,2026-04-09, 平民出身の帝国将官無能な貴族上官を蹂躙して成り上がる２ 富士見ファンタジア文庫 .epub,平民出身の帝国将官、無能な貴族上官を蹂躙して成り上がる２ (富士見ファンタジア文庫),花音 小坂,zh-CN,,株式会社ＫＡＤＯＫＡＷＡ,B0DCDSDPYJ
平民出身の帝国将官、無能な貴族上官を蹂躙して成り上がる３【電子特別版】 (富士見ファンタジア文庫),花音 小坂,2026-04-09, 平民出身の帝国将官無能な貴族上官を蹂躙して成り上がる３電子特別版 富士見ファンタジア文庫 .epub,平民出身の帝国将官、無能な貴族上官を蹂躙して成り上がる３【電子特別版】 (富士見ファンタジア文庫),花音 小坂,zh-CN,,株式会社ＫＡＤＯＫＡＷＡ,urn:asin:B0DZG41BKQ
平民出身の帝国将官、無能な貴族上官を蹂躙して成り上がる４ (富士見ファンタジア文庫),花音 小坂,2026-04-09, 平民出身の帝国将官無能な貴族上官を蹂躙して成り上がる４ 富士見ファンタジア文庫 .epub,平民出身の帝国将官、無能な貴族上官を蹂躙して成り上がる４ (富士見ファンタジア文庫),花音 小坂,zh-CN,,株式会社ＫＡＤＯＫＡＷＡ,urn:asin:B0FPVNM5B1
幼い頃から知っている親友の娘にご奉仕してもらうことになりました,愛内なの,2025-12-23, 幼い頃から知っている親友の娘にご奉仕してもらうことになりました .epub,幼い頃から知っている親友の娘にご奉仕してもらうことになりました,愛内なの,zh-CN,,株式会社パラダイム,calibre:266
幼馴染たちが人気アイドルになった 3 ～甘々な彼女たちは俺に貢いでくれている～,くろねこどらごん,2025-11-29, 幼馴染たちが人気アイドルになった 3 ～甘々な彼女たちは俺に貢いでくれている～ .epub,幼馴染たちが人気アイドルになった 3 ～甘々な彼女たちは俺に貢いでくれている～,くろねこどらごん,zh-CN,,株式会社オーバーラップ,calibre:26
幼馴染たちが人気アイドルになった2 購入特典 BOOK☆WALKER限定ショートストーリー,くろねこどらごん,2025-11-29, 幼馴染たちが人気アイドルになった2 購入特典 BOOK☆WALKER限定ショートストーリー .epub,幼馴染たちが人気アイドルになった2 購入特典 BOOK☆WALKER限定ショートストーリー,くろねこどらごん,zh-CN,,オーバーラップ,calibre:53
幼馴染の妹の家庭教師をはじめたら３ 再会した幼馴染の家庭教師もすることに (富士見ファンタジア文庫),すかいふぁーむ,2026-02-10, 幼馴染の妹の家庭教師をはじめたら３ 再会した幼馴染の家庭教師もすることに 富士見ファンタジア文庫 .epub,幼馴染の妹の家庭教師をはじめたら３ 再会した幼馴染の家庭教師もすることに (富士見ファンタジア文庫),すかいふぁーむ,zh-CN,,株式会社ＫＡＤＯＫＡＷＡ,64f4c704-3d64-4626-94f8-05d6a22f3716
彼女がハーレムを薦めてくる。,愛上クレ,2025-11-24, 彼女がハーレムを薦めてくる .epub,彼女がハーレムを薦めてくる。,愛上クレ,zh-CN,,株式会社 集英社,08631586017023000000
彼女がハーレムを薦めてくる。 2 (ダッシュエックス文庫DIGITAL),Octonut・SHINANOLAB,2025-11-24, 彼女がハーレムを薦めてくる 2 ダッシュエックス文庫DIGITAL .epub,彼女がハーレムを薦めてくる。 2 (ダッシュエックス文庫DIGITAL),Octonut・SHINANOLAB,zh-CN,,株式会社 集英社,urn:asin:B0FKM1YBNP
彼女の姉は２周目の彼女,眞田　天佑,2026-02-26, 彼女の姉は２周目の彼女 .epub,彼女の姉は２周目の彼女,眞田 天佑,zh-CN,,株式会社ＫＡＤＯＫＡＷＡ,urn:uuid:c02907ce-7db3-49d7-9a64-8a57524eddd9
性交報酬～感謝の印にお礼セックスをさせてくれるバイト先～,愛内なの,2025-12-23, 性交報酬～感謝の印にお礼セックスをさせてくれるバイト先～ .epub,性交報酬～感謝の印にお礼セックスをさせてくれるバイト先～,愛内なの,zh-CN,,株式会社パラダイム,calibre:180
性伏王【斐川真琴編】 (フランス書院eブックス),舞条 弦,2025-07-06, 性伏王斐川真琴編 フランス書院eブックス .epub,性伏王【斐川真琴編】 (フランス書院eブックス),舞条 弦,zh-CN,,フランス書院,344c2dd5-4d8e-4a8e-bc14-7bcee8398b3b
性伏王【雪永昴＆天音凛那編】 (フランス書院eブックス),舞条 弦,2025-07-06, 性伏王雪永昴天音凛那編 フランス書院eブックス .epub,性伏王【雪永昴＆天音凛那編】 (フランス書院eブックス),舞条 弦,zh-CN,,フランス書院,B0CTT739DZ
性奴隷サマ系彼女 いきなりご主人様にされました。,橘 ぱん,2025-08-05, 性奴隷サマ系彼女　いきなりご主人様にされました .epub,性奴隷サマ系彼女 いきなりご主人様にされました。,橘 ぱん,zh-CN,,フランス書院,B07WC15HSQ
悪役令嬢と悪役令息が、出逢って恋に落ちたなら4,榛名丼,2026-03-06, 悪役令嬢と悪役令息が出逢って恋に落ちたなら4 .epub,悪役令嬢と悪役令息が、出逢って恋に落ちたなら4,榛名丼,zh-CN,,SBクリエイティブ株式会社,asin:B0CTM8YGBT
悪役令嬢と悪役令息が、出逢って恋に落ちたなら5,榛名丼,2026-03-06, 悪役令嬢と悪役令息が出逢って恋に落ちたなら5 .epub,悪役令嬢と悪役令息が、出逢って恋に落ちたなら5,榛名丼,zh-CN,,SBクリエイティブ株式会社,asin:B0D6L2GLGT
悪役令嬢と悪役令息が、出逢って恋に落ちたなら6,榛名丼,2026-03-06, 悪役令嬢と悪役令息が出逢って恋に落ちたなら6 .epub,悪役令嬢と悪役令息が、出逢って恋に落ちたなら6,榛名丼,zh-CN,,SBクリエイティブ株式会社,asin:B0DW8KLY89
悪役魔法使いの改心１ (MFブックス),風見鶏,2026-02-26, 悪役魔法使いの改心１ MFブックス .epub,悪役魔法使いの改心１ (MFブックス),風見鶏,zh-CN,,株式会社ＫＡＤＯＫＡＷＡ,B0GMF2BJ6Q
悪徳貴族の三男なのにエルフハーレムの王って、それはないでしょう！ (美少女文庫),Ｙ．Ａ,2025-06-05, 悪徳貴族の三男なのにエルフハーレムの王ってそれはないでしょう 美少女文庫 .epub,悪徳貴族の三男なのにエルフハーレムの王って、それはないでしょう！ (美少女文庫),Ｙ．Ａ,zh-CN,,三笠書房,02ba13fa-6506-4e4a-a84e-82a1a1a7a97f
愛妻×交姦 妊活スワッピング ～孕み頃の妻たちは子種を求め肉欲の華を咲かせる～「特別増量版」,山野詠子,2025-08-05, 愛妻×交姦 妊活スワッピング　～孕み頃の妻たちは子種を求め肉欲の華を咲かせる～特別増量版 .epub,愛妻×交姦 妊活スワッピング ～孕み頃の妻たちは子種を求め肉欲の華を咲かせる～「特別増量版」,山野詠子,zh-CN,,株式会社パラダイム,9784801593695
愛妻日記 （あいさいにっき）,布施はるか,2025-08-05, 愛妻日記 あいさいにっき .epub,愛妻日記 （あいさいにっき）,布施はるか,zh-CN,,株式会社パラダイム,urn:uuid:686b32cc-b156-40b8-bfea-03c5670fbc48
憧れの女上司が、相部屋出張の隣のベッドで絶倫男に寝取られている,逢川かえで,2025-08-05, 憧れの女上司が相部屋出張の隣のベッドで絶倫男に寝取られている .epub,憧れの女上司が、相部屋出張の隣のベッドで絶倫男に寝取られている,逢川かえで,zh-CN,,フランス書院,urn:uuid:fcb38064-0fb7-0de1-21a9-54f455d5f97f
憧れのＧカップ女上司がオレのせいで弱みを握られ中年親父に強制絶頂で調教されていた件について,逢川かえで,2025-11-09, 憧れのＧカップ女上司がオレのせいで弱みを握られ中年親父に強制絶頂で調教されていた件について .epub,憧れのＧカップ女上司がオレのせいで弱みを握られ中年親父に強制絶頂で調教されていた件について,逢川かえで,zh-CN,,フランス書院,calibre:217
排球女子、隷奴転落,舞条弦,2025-11-09, 排球女子隷奴転落 .epub,排球女子、隷奴転落,舞条弦,zh-CN,,フランス書院,urn:uuid:940f9cdc-d8f7-954b-08fb-d1126e31898b
探偵気取りと不機嫌な青春 【電子特典付き】,野中　春樹,2025-06-05, 探偵気取りと不機嫌な青春　電子特典付き .epub,探偵気取りと不機嫌な青春 【電子特典付き】,野中 春樹,zh-CN,,講談社,urn:jdcn:06A0000000000914873H
教え子とキスをする。バレたら終わる。２ 【電子特別版】,扇風気　周,2025-11-24, 教え子とキスをするバレたら終わる２ 電子特別版 .epub,教え子とキスをする。バレたら終わる。２ 【電子特別版】,扇風気 周,ja,,株式会社ＫＡＤＯＫＡＷＡ,04915444A15766800000
教え子とキスをする。バレたら終わる。３【電子特別版】,扇風気　周,2025-11-24, 教え子とキスをするバレたら終わる３電子特別版 .epub,教え子とキスをする。バレたら終わる。３【電子特別版】,扇風気 周,ja,,株式会社ＫＡＤＯＫＡＷＡ,04915857A18715500000
教師になってからのラブコメ～ダメオジ化した憧れの先生、今度は私が指導します！～,初鹿野　創,2026-04-09, 教師になってからのラブコメ～ダメオジ化した憧れの先生今度は私が指導します～ .epub,教師になってからのラブコメ～ダメオジ化した憧れの先生、今度は私が指導します！～,初鹿野 創,zh-CN,,株式会社小学館,urn:uuid:f06b5447-b860-4094-98dd-aedf7a15ad6f
文学女子、理性剥奪,舞条弦,2025-11-09, 文学女子理性剥奪 .epub,文学女子、理性剥奪,舞条弦,zh-CN,,フランス書院,urn:uuid:ed0843a0-2b97-4909-b7e9-d5985924c4f5
新卒OLと実は社長の俺が出張先で同室になりました。～仕事の相談に乗っているうちにエッチな関係に!?～,愛内なの,2025-12-23, 新卒OLと実は社長の俺が出張先で同室になりました～仕事の相談に乗っているうちにエッチな関係に～ .epub,新卒OLと実は社長の俺が出張先で同室になりました。～仕事の相談に乗っているうちにエッチな関係に!?～,愛内なの,zh-CN,,株式会社パラダイム,9784801514430
新妻催眠 ～発情した性処理は僕だけで！～,愛内なの,2025-08-05, 新妻催眠　～発情した性処理は僕だけで～ .epub,新妻催眠 ～発情した性処理は僕だけで！～,愛内なの,zh-CN,,株式会社パラダイム,9784801514492
日替わり彼女 ～初恋はウソつきの始まり～ 【電子特典付き】,ｈａｒａｏ,2025-10-04, 日替わり彼女　～初恋はウソつきの始まり～　電子特典付き .epub,日替わり彼女 ～初恋はウソつきの始まり～ 【電子特典付き】,ｈａｒａｏ,zh-CN,,講談社,urn:jdcn:06A0000000000936433Y
時々ボソッとロシア語でデレる隣のアーリャさん11,燦々SUN,2025-11-30, 時々ボソッとロシア語でデレる隣のアーリャさん11 .epub,時々ボソッとロシア語でデレる隣のアーリャさん11,燦々SUN,zh-CN,,株式会社ＫＡＤＯＫＡＷＡ,eebe365f-d961-443e-ab63-e3bcad06c00d
時々ボソッとロシア語でデレる隣のアーリャさん8,燦々SUN,2025-11-09, 時々ボソッとロシア語でデレる隣のアーリャさん8 .epub,時々ボソッとロシア語でデレる隣のアーリャさん8,燦々SUN,ja,,株式会社ＫＡＤＯＫＡＷＡ,B0CSMTM7LM
最強お嬢様＆メイド完全敗北 火神有栖と氷雨凜のＷ屈辱,いかぽん,2025-07-30, 最強お嬢様メイド完全敗北　火神有栖と氷雨凜のＷ屈辱 .epub,最強お嬢様＆メイド完全敗北 火神有栖と氷雨凜のＷ屈辱,いかぽん,zh-CN,,フランス書院,urn:uuid:b0426753-5257-b0f7-ac3d-b920139b211c
有名VTuberの兄だけど、何故か俺が有名になっていた ＃1 妹が配信を切り忘れた,茨木野,2025-10-25, 有名VTuberの兄だけど何故か俺が有名になっていた　1　妹が配信を切り忘れた .epub,有名VTuberの兄だけど、何故か俺が有名になっていた ＃1 妹が配信を切り忘れた,茨木野,zh-CN,,,urn:uuid:262b6014-a44b-436a-a2c6-416cf06cd3bf
有名ＶＴｕｂｅｒの兄だけど、何故か俺が有名になっていた ＃２ 妹と案件をやってみた,茨木野,2025-10-25, 有名ＶＴｕｂｅｒの兄だけど何故か俺が有名になっていた ２ 妹と案件をやってみた .epub,有名ＶＴｕｂｅｒの兄だけど、何故か俺が有名になっていた ＃２ 妹と案件をやってみた,茨木野,zh-CN,,SBクリエイティブ株式会社,calibre:466
朝っぱらからクラスの女子が全員はげしく発情中 どうやら目当ては俺一人らしい えちかわ文庫,忍池 砂一,2025-07-26, 朝っぱらからクラスの女子が全員はげしく発情中 どうやら目当ては俺一人らしい えちかわ文庫 .epub,朝っぱらからクラスの女子が全員はげしく発情中 どうやら目当ては俺一人らしい えちかわ文庫,忍池 砂一,ja,,株式会社 海王社,B01GUPG07U
未遂同盟【電子特典付き】,海冬　レイジ,2025-09-25, 未遂同盟電子特典付き .epub,未遂同盟【電子特典付き】,海冬 レイジ,zh-CN,,株式会社ＫＡＤＯＫＡＷＡ,urn:uuid:9628042d-1d84-45ef-a768-a8990d409cda
格付けされる世界で生きていく 第六部 転がり、堕ちる,樹の棒,2025-07-30, 格付けされる世界で生きていく 第六部 転がり堕ちる .epub,格付けされる世界で生きていく 第六部 転がり、堕ちる,樹の棒,zh-CN,,フランス書院,calibre:111
格付けされる世界で生きていく 第一部 起きたら、そこは異なる世界,樹の棒,2025-06-03, 格付けされる世界で生きていく　第一部　起きたらそこは異なる世界 .epub,格付けされる世界で生きていく 第一部 起きたら、そこは異なる世界,樹の棒,ja,,フランス書院,urn:uuid:452bb331-eedb-e22e-4ade-fa4e42583768
格付けされる世界で生きていく 第一部 起きたら、そこは異なる世界,樹の棒,2025-07-30, 格付けされる世界で生きていく　第一部　起きたらそこは異なる世界  1.epub,格付けされる世界で生きていく 第一部 起きたら、そこは異なる世界,樹の棒,zh-CN,,フランス書院,urn:uuid:452bb331-eedb-e22e-4ade-fa4e42583768
格付けされる世界で生きていく 第三部 承るのは、誰の声,樹の棒,2025-07-30, 格付けされる世界で生きていく　第三部　承るのは誰の声 .epub,格付けされる世界で生きていく 第三部 承るのは、誰の声,樹の棒,zh-CN,,フランス書院,urn:uuid:1129f531-1870-62f2-e9b3-e373ed10036e
格付けされる世界で生きていく 第二部 誰の想いで、何が起きる,樹の棒,2025-07-30, 格付けされる世界で生きていく　第二部　誰の想いで何が起きる .epub,格付けされる世界で生きていく 第二部 誰の想いで、何が起きる,樹の棒,zh-CN,,フランス書院,urn:uuid:30773125-f55a-689d-434c-5c0745e8e257
格付けされる世界で生きていく 第五部 転んで、塞いで、泣いて、笑って,樹の棒,2025-07-30, 格付けされる世界で生きていく　第五部　転んで塞いで泣いて笑って .epub,格付けされる世界で生きていく 第五部 転んで、塞いで、泣いて、笑って,樹の棒,zh-CN,,フランス書院,urn:uuid:7e145ad2-7e70-ce67-254f-b6e0e459e41c
格付けされる世界で生きていく 第四部 承るのは、心の声,樹の棒,2025-07-30, 格付けされる世界で生きていく　第四部　承るのは心の声 .epub,格付けされる世界で生きていく 第四部 承るのは、心の声,樹の棒,zh-CN,,フランス書院,urn:uuid:182bef2d-4c36-60cc-a9ba-bc08f012f0c3
極めて健全な美少女レベルアップ【電子特別版】 (角川スニーカー文庫),佐伯 凪,2026-04-09, 極めて健全な美少女レベルアップ電子特別版 角川スニーカー文庫 .epub,極めて健全な美少女レベルアップ【電子特別版】 (角川スニーカー文庫),佐伯 凪,zh-CN,,株式会社ＫＡＤＯＫＡＷＡ,urn:asin:B0GST5GSLQ
橘さん家ノ男性事情,上原りょう,2025-07-30, 橘さん家ノ男性事情 .epub,橘さん家ノ男性事情,上原りょう,zh-CN,,フランス書院,urn:uuid:fe10515a-f88f-48dc-9ec1-d9f1b20e1d8d
欲望特急 スレイブパーサー搾精捜査,冬野ひつじ,2025-11-09, 欲望特急　スレイブパーサー搾精捜査 .epub,欲望特急 スレイブパーサー搾精捜査,冬野ひつじ,zh-CN,,株式会社キルタイムコミュニケーション,B06XX5NYVY
死亡エンドを回避したギャルゲーのヒロインたちが俺の【日記帳】を読んで秘密を知ったらしい【電子ＳＳ特典付き】,addict,2025-09-17, 死亡エンドを回避したギャルゲーのヒロインたちが俺の日記帳を読んで秘密を知ったらしい電子ＳＳ特典付き .epub,死亡エンドを回避したギャルゲーのヒロインたちが俺の【日記帳】を読んで秘密を知ったらしい【電子ＳＳ特典付き】,addict,zh-CN,,SBクリエイティブ株式会社,urn:uuid:91efcbc2-d5c8-47dd-bacc-6edf499dce6f
死亡エンドを回避したギャルゲーのヒロインたちが俺の【日記帳】を読んで秘密を知ったらしい２【電子ＳＳ特典付き】 (GA文庫),addict,2026-04-15, 死亡エンドを回避したギャルゲーのヒロインたちが俺の日記帳を読んで秘密を知ったらしい２電子ＳＳ特典付き GA文庫 .epub,死亡エンドを回避したギャルゲーのヒロインたちが俺の【日記帳】を読んで秘密を知ったらしい２【電子ＳＳ特典付き】 (GA文庫),addict,zh-CN,,SBクリエイティブ株式会社,urn:asin:B0GHXYQ9Q8
死亡遊戯で飯を食う。８【電子特典付き】,鵜飼有志/ねこめたる,2026-01-08, 死亡遊戯で飯を食う８電子特典付き .epub,死亡遊戯で飯を食う。８【電子特典付き】,鵜飼有志/ねこめたる,,,,epubx_B-29126-128164483-001-001
死神さん、やさしく殺してキスをして (電撃文庫),松山 剛,2025-11-08, 死神さんやさしく殺してキスをして 電撃文庫 .epub,死神さん、やさしく殺してキスをして (電撃文庫),松山 剛,zh-CN,,株式会社ＫＡＤＯＫＡＷＡ,B0FXKHWSJS
殺されて当然と少女は言った。【電子特典付き】,空洞　ユキ,2025-11-25, 殺されて当然と少女は言った電子特典付き .epub,殺されて当然と少女は言った。【電子特典付き】,空洞 ユキ,zh-CN,,株式会社ＫＡＤＯＫＡＷＡ,urn:uuid:ff7508de-6e5e-442a-bb50-1d1aa88f99ae
水泳女子、絶対零奴,舞条弦,2025-11-09, 水泳女子絶対零奴 .epub,水泳女子、絶対零奴,舞条弦,zh-CN,,フランス書院,urn:uuid:4ba51da7-fe62-a4b8-d74c-13bea2edc871
水泳部のエース、廃部を防ぐため幼馴染みの性玩具に,宇佐見翔,2025-07-30, 水泳部のエース廃部を防ぐため幼馴染みの性玩具に .epub,水泳部のエース、廃部を防ぐため幼馴染みの性玩具に,宇佐見翔,zh-CN,,フランス書院,urn:uuid:dab3addd-8a22-3e30-8977-d275019e54da
汝、暗君を愛せよ2【電子特典付き】,本条謙太郎,2026-01-04, 汝暗君を愛せよ2電子特典付き .epub,汝、暗君を愛せよ2【電子特典付き】,本条謙太郎,zh-CN,,株式会社ドリコム,urn:uuid:b271e06e-28c1-4d42-bf2b-31b50b20d335
没落お嬢様は言いなりメイド!?,巽 飛呂彦,2025-06-17, 没落お嬢様は言いなりメイド .epub,没落お嬢様は言いなりメイド!?,巽 飛呂彦,zh-CN,,フランス書院,B01GE0U53Q
洋館の母娘 蜜肌のＷ報酬,天草白,2025-08-20, 洋館の母娘　蜜肌のＷ報酬 .epub,洋館の母娘 蜜肌のＷ報酬,天草白,zh-CN,,株式会社キルタイムコミュニケーション,B0183FI5F0
海とお嬢様と 黒髪清楚な美少女に「お姉ちゃんを孕ませて」とお願いされて,ＸＰＪｂｏｘ,2025-07-01, 海とお嬢様と　黒髪清楚な美少女にお姉ちゃんを孕ませてとお願いされて .epub,海とお嬢様と 黒髪清楚な美少女に「お姉ちゃんを孕ませて」とお願いされて,ＸＰＪｂｏｘ,zh-CN,,フランス書院,B09F8KSWP6
海の上に咲いた月下美人,懺悔,2025-08-20, 海の上に咲いた月下美人 .epub,海の上に咲いた月下美人,懺悔,zh-CN,,株式会社キルタイムコミュニケーション,79921615KTCREA000205
淫ら仇花、咲き堕ちて,TASK,2025-11-09, 淫ら仇花咲き堕ちて .epub,淫ら仇花、咲き堕ちて,TASK,zh-CN,,株式会社パラダイム,9784801584037
淫堕の姫騎士ジャンヌ,筑摩十幸,2025-08-05, 淫堕の姫騎士ジャンヌ .epub,淫堕の姫騎士ジャンヌ,筑摩十幸,zh-CN,,株式会社キルタイムコミュニケーション,B01BSAX87W
淫堕の姫騎士ジャンヌ2,筑摩十幸,2025-08-05, 淫堕の姫騎士ジャンヌ2 .epub,淫堕の姫騎士ジャンヌ2,筑摩十幸,zh-CN,,株式会社キルタイムコミュニケーション,B01BSAX88G
淫獄の姫騎士姉妹 ～オークの家畜苗床～「特別増量版」,布施はるか,2025-08-05, 淫獄の姫騎士姉妹　～オークの家畜苗床～特別増量版 .epub,淫獄の姫騎士姉妹 ～オークの家畜苗床～「特別増量版」,布施はるか,zh-CN,,株式会社パラダイム,9784801592384
淫虜姫 囚われのエルフ (二次元ぷち文庫),斐芝嘉和,2025-08-05, 淫虜姫 囚われのエルフ 二次元ぷち文庫 .epub,淫虜姫 囚われのエルフ (二次元ぷち文庫),斐芝嘉和,zh-CN,,株式会社キルタイムコミュニケーション,81240034-f4c5-4c24-a486-4e5be445622b
清楚な同級生を想いながらも彼女の悪友の肉体にドハマりする話,間宮キヨヒロ,2026-02-09, 清楚な同級生を想いながらも彼女の悪友の肉体にドハマりする話 .epub,清楚な同級生を想いながらも彼女の悪友の肉体にドハマりする話,間宮キヨヒロ,zh-CN,,フランス書院,urn:uuid:11ec1e0b-ae2d-8ed3-5743-f5e41837ad38
清楚な彼女が先輩の性奴隷になるまで【転落編】,舞条弦,2026-02-06, 清楚な彼女が先輩の性奴隷になるまで転落編 .epub,清楚な彼女が先輩の性奴隷になるまで【転落編】,舞条弦,zh-CN,,フランス書院,urn:uuid:d7302350-fa40-9738-4898-5b0fbc4ffe50
清楚エロエロ姉を策謀家マゾ妹と一緒に堕とすガチ恋調教バージンロード,サトウマスミ,2025-06-03, 清楚エロエロ姉を策謀家マゾ妹と一緒に堕とすガチ恋調教バージンロード .epub,清楚エロエロ姉を策謀家マゾ妹と一緒に堕とすガチ恋調教バージンロード,サトウマスミ,ja,,フランス書院,urn:uuid:516567de-83b4-8839-fb45-9c42474f5587
灰原くんの強くて青春ニューゲーム 10,雨宮和希,2026-04-09, 灰原くんの強くて青春ニューゲーム 10 .epub,灰原くんの強くて青春ニューゲーム 10,雨宮和希,zh-CN,,ホビージャパン,urn:uuid:d2862ddf-6e6c-480c-bbeb-c4793c6f5ae1
灰原くんの強くて青春ニューゲーム 9,雨宮和希,2025-07-01, 灰原くんの強くて青春ニューゲーム 9 .epub,灰原くんの強くて青春ニューゲーム 9,雨宮和希,zh-CN,,ホビージャパン,urn:uuid:41bc858a-4abf-43a3-a839-0ca82c0990db
炒飯大脱獄,えるぼー,2025-08-20, 炒飯大脱獄 .epub,炒飯大脱獄,えるぼー,zh-CN,,株式会社小学館,urn:uuid:1f1058b4-f25b-47c1-ac87-30801a7b465a
無職からの成り上がり！ ニートになった俺、特殊スキルを獲得して異世界と日本でハーレム完成!? 1 (オシリス文庫),ネコミコズッキーニ,2025-08-20, 無職からの成り上がり　ニートになった俺特殊スキルを獲得して異世界と日本でハーレム完成 1 オシリス文庫 .epub,無職からの成り上がり！ ニートになった俺、特殊スキルを獲得して異世界と日本でハーレム完成!? 1 (オシリス文庫),ネコミコズッキーニ,zh-CN,,株式会社ＫＡＤＯＫＡＷＡ,urn:asin:B0C9SS6P8J
無職からの成り上がり！ ニートになった俺、特殊スキルを獲得して異世界と日本でハーレム完成!? 2 (オシリス文庫),ネコミコズッキーニ,2025-08-20, 無職からの成り上がり　ニートになった俺特殊スキルを獲得して異世界と日本でハーレム完成 2 オシリス文庫 .epub,無職からの成り上がり！ ニートになった俺、特殊スキルを獲得して異世界と日本でハーレム完成!? 2 (オシリス文庫),ネコミコズッキーニ,zh-CN,,株式会社ＫＡＤＯＫＡＷＡ,urn:asin:B0CP238CFD
無職からの成り上がり！ ニートになった俺、特殊スキルを獲得して異世界と日本でハーレム完成!? 3 (オシリス文庫),ネコミコズッキーニ,2025-08-20, 無職からの成り上がり　ニートになった俺特殊スキルを獲得して異世界と日本でハーレム完成 3 オシリス文庫 .epub,無職からの成り上がり！ ニートになった俺、特殊スキルを獲得して異世界と日本でハーレム完成!? 3 (オシリス文庫),ネコミコズッキーニ,zh-CN,,株式会社ＫＡＤＯＫＡＷＡ,urn:asin:B0CZKVN9QZ
無花果様の、仰せの通りに,夏桜,2025-11-09, 無花果様の仰せの通りに .epub,無花果様の、仰せの通りに,夏桜,zh-CN,,株式会社キルタイムコミュニケーション,calibre:256
無限淫獄の魔法少女 (二次元ドリームノベルズ),どぅーゆーうぉんとぅー,2026-02-06, 無限淫獄の魔法少女 二次元ドリームノベルズ .epub,無限淫獄の魔法少女 (二次元ドリームノベルズ),どぅーゆーうぉんとぅー,zh-CN,,株式会社キルタイムコミュニケーション,urn:asin:B0DM48Y5VZ
片想いしている義妹をオカズにしながら、幼馴染の中に出した,甘味南瓜,2026-02-09, 片想いしている義妹をオカズにしながら幼馴染の中に出した .epub,片想いしている義妹をオカズにしながら、幼馴染の中に出した,甘味南瓜,zh-CN,,フランス書院,urn:uuid:995e81a9-d50c-c61a-3bea-28d3629f3329
牝奴隷飼育学園 (リアルドリーム文庫),筆祭競介,2025-08-05, 牝奴隷飼育学園 リアルドリーム文庫 .epub,牝奴隷飼育学園 (リアルドリーム文庫),筆祭競介,zh-CN,,,d738ac1d-924e-4c54-87c0-7cfbfbc515a5
牝豹教師、奴隷覚醒,舞条弦,2025-11-09, 牝豹教師奴隷覚醒 .epub,牝豹教師、奴隷覚醒,舞条弦,zh-CN,,フランス書院,urn:uuid:1a6f17f4-0af4-19fe-9e20-87ff8ce23ffe
牝豹陥落 闘う女教師と六匹の青狼,草飼晃,2025-11-30, 牝豹陥落　闘う女教師と六匹の青狼 .epub,牝豹陥落 闘う女教師と六匹の青狼,草飼晃,zh-CN,,フランス書院,urn:uuid:d0d90fd4-e6e6-1664-4e37-2cd6c92c9408
物語の黒幕に転生して ～進化する魔剣とゲーム知識ですべてをねじ伏せる～,結城 涼,2025-07-19, 物語の黒幕に転生して　～進化する魔剣とゲーム知識ですべてをねじ伏せる～ .epub,物語の黒幕に転生して ～進化する魔剣とゲーム知識ですべてをねじ伏せる～,結城 涼,zh-CN,,株式会社ＫＡＤＯＫＡＷＡ,1322786e-1180-4081-8a7b-793627a0ffe6
物語の黒幕に転生して２ ～進化する魔剣とゲーム知識ですべてをねじ伏せる～【電子特別版】,結城 涼,2025-07-19, 物語の黒幕に転生して２　～進化する魔剣とゲーム知識ですべてをねじ伏せる～電子特別版 .epub,物語の黒幕に転生して２ ～進化する魔剣とゲーム知識ですべてをねじ伏せる～【電子特別版】,結城 涼,zh-CN,,株式会社ＫＡＤＯＫＡＷＡ,9a835237-1345-4301-a3ea-b602840b5701
物語の黒幕に転生して３ ～進化する魔剣とゲーム知識ですべてをねじ伏せる～【電子特別版】,結城 涼,2025-07-19, 物語の黒幕に転生して３　～進化する魔剣とゲーム知識ですべてをねじ伏せる～電子特別版 .epub,物語の黒幕に転生して３ ～進化する魔剣とゲーム知識ですべてをねじ伏せる～【電子特別版】,結城 涼,zh-CN,,株式会社ＫＡＤＯＫＡＷＡ,B0CDKSTJT8
物語の黒幕に転生して４ ～進化する魔剣とゲーム知識ですべてをねじ伏せる～【電子特別版】,結城　涼,2025-07-19, 物語の黒幕に転生して４　～進化する魔剣とゲーム知識ですべてをねじ伏せる～電子特別版 .epub,物語の黒幕に転生して４ ～進化する魔剣とゲーム知識ですべてをねじ伏せる～【電子特別版】,結城 涼,zh-CN,,株式会社ＫＡＤＯＫＡＷＡ,04915208A14816900000
物語の黒幕に転生して５ ～進化する魔剣とゲーム知識ですべてをねじ伏せる～【電子特別版】 (電撃の新文芸),結城 涼,2025-07-19, 物語の黒幕に転生して５ ～進化する魔剣とゲーム知識ですべてをねじ伏せる～電子特別版 電撃の新文芸 .epub,物語の黒幕に転生して５ ～進化する魔剣とゲーム知識ですべてをねじ伏せる～【電子特別版】 (電撃の新文芸),結城 涼,zh-CN,,株式会社ＫＡＤＯＫＡＷＡ,B0DLTWY3YZ
物語の黒幕に転生して６ ～進化する魔剣とゲーム知識ですべてをねじ伏せる～【電子特別版】,結城　涼,2025-07-19, 物語の黒幕に転生して６　～進化する魔剣とゲーム知識ですべてをねじ伏せる～電子特別版 .epub,物語の黒幕に転生して６ ～進化する魔剣とゲーム知識ですべてをねじ伏せる～【電子特別版】,結城 涼,zh-CN,,株式会社ＫＡＤＯＫＡＷＡ,04916266A20783000000
王子に押しつけられた妻が巨乳の悪役令嬢だった,さささのよし,2025-07-30, 王子に押しつけられた妻が巨乳の悪役令嬢だった .epub,王子に押しつけられた妻が巨乳の悪役令嬢だった,さささのよし,zh-CN,,フランス書院,calibre:9
現代人に女エルフ騎士が捕まって孕まされた末路,栗栖,2025-08-05, 現代人に女エルフ騎士が捕まって孕まされた末路 .epub,現代人に女エルフ騎士が捕まって孕まされた末路,栗栖,zh-CN,,株式会社パラダイム,calibre:96
生意気で神絵師の幼なじみが、俺に逆らえなくなってきている,二宮　酒匂,2026-04-09, 生意気で神絵師の幼なじみが俺に逆らえなくなってきている .epub,生意気で神絵師の幼なじみが、俺に逆らえなくなってきている,二宮 酒匂,zh-CN,,株式会社ＫＡＤＯＫＡＷＡ,urn:uuid:ac16f109-9411-4ddd-b700-d3b34e831ffe
生意気な妹が清楚ビッチな友達を連れて来た 土曜は二人がかりで大奉仕!?,八束頼,2025-07-30, 生意気な妹が清楚ビッチな友達を連れて来た　土曜は二人がかりで大奉仕 .epub,生意気な妹が清楚ビッチな友達を連れて来た 土曜は二人がかりで大奉仕!?,八束頼,zh-CN,,フランス書院,urn:uuid:ef978f72-d18a-8b86-fe6a-809bcfad41d3
生意気な妹が清楚ビッチな友達を連れて来た 月曜はデレ茉莉と、火曜はエロ美希と初体験,八束頼,2025-07-30, 生意気な妹が清楚ビッチな友達を連れて来た　月曜はデレ茉莉と火曜はエロ美希と初体験 .epub,生意気な妹が清楚ビッチな友達を連れて来た 月曜はデレ茉莉と、火曜はエロ美希と初体験,八束頼,zh-CN,,フランス書院,urn:uuid:7a12aff1-f9f2-9115-478d-1c738470c31b
生意気な妹が清楚ビッチな友達を連れて来た 毎週土曜はお兄ちゃんハーレム日！,八束頼,2025-07-30, 生意気な妹が清楚ビッチな友達を連れて来た　毎週土曜はお兄ちゃんハーレム日 .epub,生意気な妹が清楚ビッチな友達を連れて来た 毎週土曜はお兄ちゃんハーレム日！,八束頼,zh-CN,,フランス書院,urn:uuid:d819dcfd-fe1d-2d2f-cc85-c17161e24c5d
生真面目軍人と清楚姫をデカチンで征服！巨乳孕ませオナホにして下品に媚び尽くさせる！,有巻洋太,2025-12-23, 生真面目軍人と清楚姫をデカチンで征服巨乳孕ませオナホにして下品に媚び尽くさせる .epub,生真面目軍人と清楚姫をデカチンで征服！巨乳孕ませオナホにして下品に媚び尽くさせる！,有巻洋太,zh-CN,,株式会社パラダイム,9784801531581
男女の友情は成立する？（いや、しないっ!!） Flag 11. じゃあ、アタシと一緒にいられなくなっても信じ続けてくれる？ (電撃文庫),七菜 なな,2025-11-24, 男女の友情は成立するいやしないっ Flag 11 じゃあアタシと一緒にいられなくなっても信じ続けてくれる 電撃文庫 .epub,男女の友情は成立する？（いや、しないっ!!） Flag 11. じゃあ、アタシと一緒にいられなくなっても信じ続けてくれる？ (電撃文庫),七菜 なな,ja,,株式会社ＫＡＤＯＫＡＷＡ,fb94056b-0ae1-49bb-924f-870b86766e20
男女の友情は成立する？（いや、しないっ!!） Side 2. 夏目咲良の青春疑似録,七菜なな/Parum,2025-11-24, 男女の友情は成立するいやしないっ Side 2 夏目咲良の青春疑似録 .epub,男女の友情は成立する？（いや、しないっ!!） Side 2. 夏目咲良の青春疑似録,七菜なな/Parum,zh-CN,,,epubx_B-29126-128736367-001-001
男女比1：5の世界でも普通に生きられると思った？(2) ～激重感情な彼女たちが無自覚男子に翻弄されたら～,三藤　孝太郎,2025-06-25, 男女比15の世界でも普通に生きられると思った2　～激重感情な彼女たちが無自覚男子に翻弄されたら～ .epub,男女比1：5の世界でも普通に生きられると思った？(2) ～激重感情な彼女たちが無自覚男子に翻弄されたら～,三藤 孝太郎,zh-CN,,株式会社ＫＡＤＯＫＡＷＡ,04915649A16988600000
男女比1：5の世界でも普通に生きられると思った？(3) ～激重感情な彼女たちが無自覚男子に翻弄されたら～【電子特典付き】,三藤　孝太郎,2025-06-25, 男女比15の世界でも普通に生きられると思った3　～激重感情な彼女たちが無自覚男子に翻弄されたら～電子特典付き .epub,男女比1：5の世界でも普通に生きられると思った？(3) ～激重感情な彼女たちが無自覚男子に翻弄されたら～【電子特典付き】,三藤 孝太郎,zh-CN,,株式会社ＫＡＤＯＫＡＷＡ,04915910A19084200000
男女比1：5の世界でも普通に生きられると思った？(4) ～激重感情な彼女たちが無自覚男子に翻弄されたら～,三藤　孝太郎,2025-06-25, 男女比15の世界でも普通に生きられると思った4　～激重感情な彼女たちが無自覚男子に翻弄されたら～ .epub,男女比1：5の世界でも普通に生きられると思った？(4) ～激重感情な彼女たちが無自覚男子に翻弄されたら～,三藤 孝太郎,zh-CN,,株式会社ＫＡＤＯＫＡＷＡ,04916305A20965700000
男女比1：5の世界でも普通に生きられると思った？ ～激重感情な彼女たちが無自覚男子に翻弄されたら～,三藤　孝太郎,2025-06-25, 男女比15の世界でも普通に生きられると思った　～激重感情な彼女たちが無自覚男子に翻弄されたら～ .epub,男女比1：5の世界でも普通に生きられると思った？ ～激重感情な彼女たちが無自覚男子に翻弄されたら～,三藤 孝太郎,zh-CN,,株式会社ＫＡＤＯＫＡＷＡ,04915437A15766100000
男嫌いでツンデレな義妹と少子化対策の子作りアプリで相性100％!! ～中出ししてほしいなんて頼んでないんだからねっ！～,亜衣まい,2025-08-10, 男嫌いでツンデレな義妹と少子化対策の子作りアプリで相性100 ～中出ししてほしいなんて頼んでないんだからねっ～ .epub,男嫌いでツンデレな義妹と少子化対策の子作りアプリで相性100％!! ～中出ししてほしいなんて頼んでないんだからねっ！～,亜衣まい,zh-CN,,株式会社パラダイム,calibre:655
男子禁制ゲーム世界で俺がやるべき唯一のこと９ 百合の間に挟まる男として転生してしまいました【電子特典付き】,端桜　了,2025-12-25, 男子禁制ゲーム世界で俺がやるべき唯一のこと９　百合の間に挟まる男として転生してしまいました電子特典付き .epub,男子禁制ゲーム世界で俺がやるべき唯一のこと９ 百合の間に挟まる男として転生してしまいました【電子特典付き】,端桜 了,zh-CN,,株式会社ＫＡＤＯＫＡＷＡ,04685507A23624100000
男性が管理される社会を「ディストピア」と呼ぶのなら,あかつき茜,2025-12-23, 男性が管理される社会をディストピアと呼ぶのなら .epub,男性が管理される社会を「ディストピア」と呼ぶのなら,あかつき茜,zh-CN,,株式会社キルタイムコミュニケーション,calibre:603
異能アピールしないほうがカワイイ彼女たち２,榛名　千紘,2025-12-23, 異能アピールしないほうがカワイイ彼女たち２ .epub,異能アピールしないほうがカワイイ彼女たち２,榛名 千紘,ja,,株式会社ＫＡＤＯＫＡＷＡ,04916064A19449600000
異能バトルは日常系のなかで１２,望 公太,2025-08-11, 異能バトルは日常系のなかで１２ .epub,異能バトルは日常系のなかで１２,望 公太,ja,,SBクリエイティブ株式会社,B01L69YL08
疎遠になっていた幼馴染（彼氏あり）をセフレにしてみた【佐倉舞編】 (フランス書院eブックス),水鏡,2025-06-24, 疎遠になっていた幼馴染彼氏ありをセフレにしてみた佐倉舞編 フランス書院eブックス .epub,疎遠になっていた幼馴染（彼氏あり）をセフレにしてみた【佐倉舞編】 (フランス書院eブックス),水鏡,zh-CN,,フランス書院,da56d81c-3ab6-47bd-8717-33da610d0973
疎遠になっていた幼馴染（彼氏あり）をセフレにしてみた【佐倉花恋＆九条水紀編】 (フランス書院eブックス),水鏡,2025-06-24, 疎遠になっていた幼馴染彼氏ありをセフレにしてみた佐倉花恋九条水紀編 フランス書院eブックス .epub,疎遠になっていた幼馴染（彼氏あり）をセフレにしてみた【佐倉花恋＆九条水紀編】 (フランス書院eブックス),水鏡,zh-CN,,フランス書院,1d9fb630-24e0-4d1e-b731-3180e92e698e
疎遠になっていた幼馴染（彼氏あり）をセフレにしてみた【北見先生＆林先生編】 (フランス書院eブックス),水鏡,2025-06-24, 疎遠になっていた幼馴染彼氏ありをセフレにしてみた北見先生林先生編 フランス書院eブックス .epub,疎遠になっていた幼馴染（彼氏あり）をセフレにしてみた【北見先生＆林先生編】 (フランス書院eブックス),水鏡,zh-CN,,フランス書院,d94ebd5a-3794-421c-971c-090fe3d77ca8
疎遠になっていた幼馴染（彼氏あり）をセフレにしてみた【善野母娘＆鷹島母娘編】 (フランス書院eブックス),水鏡,2025-06-24, 疎遠になっていた幼馴染彼氏ありをセフレにしてみた善野母娘鷹島母娘編 フランス書院eブックス .epub,疎遠になっていた幼馴染（彼氏あり）をセフレにしてみた【善野母娘＆鷹島母娘編】 (フランス書院eブックス),水鏡,zh-CN,,フランス書院,B0FC5TKBY7
疎遠になっていた幼馴染（彼氏あり）をセフレにしてみた【新条姉妹編】 (フランス書院eブックス),水鏡,2025-06-24, 疎遠になっていた幼馴染彼氏ありをセフレにしてみた新条姉妹編 フランス書院eブックス .epub,疎遠になっていた幼馴染（彼氏あり）をセフレにしてみた【新条姉妹編】 (フランス書院eブックス),水鏡,zh-CN,,フランス書院,e8db6c37-63e8-4209-a88b-f9090b56e503
疎遠になっていた幼馴染（彼氏あり）をセフレにしてみた【来杉絢＆宝来春歌＆善野聡子編】 (フランス書院eブックス),水鏡,2025-06-24, 疎遠になっていた幼馴染彼氏ありをセフレにしてみた来杉絢宝来春歌善野聡子編 フランス書院eブックス .epub,疎遠になっていた幼馴染（彼氏あり）をセフレにしてみた【来杉絢＆宝来春歌＆善野聡子編】 (フランス書院eブックス),水鏡,zh-CN,,フランス書院,32305d09-5c95-4dba-98b3-e4207f51974f
疎遠になっていた幼馴染（彼氏あり）をセフレにしてみた【椎名美歩編】 (フランス書院eブックス),水鏡,2025-06-24, 疎遠になっていた幼馴染彼氏ありをセフレにしてみた椎名美歩編 フランス書院eブックス .epub,疎遠になっていた幼馴染（彼氏あり）をセフレにしてみた【椎名美歩編】 (フランス書院eブックス),水鏡,zh-CN,,フランス書院,ec3972a3-aed3-4d40-8913-d3e6ff1d2ca5
疎遠になっていた幼馴染（彼氏あり）をセフレにしてみた【鷹島網＆善野優子編】 (フランス書院eブックス),水鏡,2025-06-24, 疎遠になっていた幼馴染彼氏ありをセフレにしてみた鷹島網善野優子編 フランス書院eブックス .epub,疎遠になっていた幼馴染（彼氏あり）をセフレにしてみた【鷹島網＆善野優子編】 (フランス書院eブックス),水鏡,zh-CN,,フランス書院,aaf1094b-9b7c-48f9-a5bb-2a2a87126afe
疎遠になっていた幼馴染（彼氏あり）をセフレにしてみた【鷹島藍編】 (フランス書院eブックス),水鏡,2025-06-24, 疎遠になっていた幼馴染彼氏ありをセフレにしてみた鷹島藍編 フランス書院eブックス .epub,疎遠になっていた幼馴染（彼氏あり）をセフレにしてみた【鷹島藍編】 (フランス書院eブックス),水鏡,zh-CN,,フランス書院,ca3ae729-64a7-408b-9867-cb03539b7533
白昼夢の青写真_1,緒乃ワサビ,2025-11-30, 白昼夢の青写真_1 .epub,白昼夢の青写真_1,緒乃ワサビ,zh-CN,,,
監禁恋愛 俺を嫌いな女子バスケ部のエースを監禁して、デレデレ彼女にするまでの一部始終 (フランス書院eブックス),マサイ,2025-11-08, 監禁恋愛 俺を嫌いな女子バスケ部のエースを監禁してデレデレ彼女にするまでの一部始終 フランス書院eブックス .epub,監禁恋愛 俺を嫌いな女子バスケ部のエースを監禁して、デレデレ彼女にするまでの一部始終 (フランス書院eブックス),マサイ,zh-CN,,フランス書院,B09ST5PDDT
破滅願望が叶ったら 恋人を奪われて (フランス書院eブックスNTR),肥前 文俊,2025-08-05, 破滅願望が叶ったら 恋人を奪われて フランス書院eブックスNTR .epub,破滅願望が叶ったら 恋人を奪われて (フランス書院eブックスNTR),肥前 文俊,zh-CN,,フランス書院,f4f45e87-6f24-4b94-9b0d-016f9f602e4d
私、メイドなのにお嬢様より好きなんですか!?,鏡 遊,2025-07-02, 私メイドなのにお嬢様より好きなんですか .epub,私、メイドなのにお嬢様より好きなんですか!?,鏡 遊,zh-CN,,フランス書院,B08D94J972
第七王子、政略結婚しまくってたらハーレムできました！,赤川ミカミ,2025-07-26, 第七王子政略結婚しまくってたらハーレムできました .epub,第七王子、政略結婚しまくってたらハーレムできました！,赤川ミカミ,ja,,株式会社パラダイム,B092J7PGQ8
筆狩師エリナ 奴隷人形の学園,筑摩十幸,2025-08-05, 筆狩師エリナ　奴隷人形の学園 .epub,筆狩師エリナ 奴隷人形の学園,筑摩十幸,zh-CN,,株式会社キルタイムコミュニケーション,B01EFCTVF8
精霊騎士アクエアルⅡ 穢されし聖涙,酒井仁,2025-08-05, 精霊騎士アクエアルⅡ　穢されし聖涙 .epub,精霊騎士アクエアルⅡ 穢されし聖涙,酒井仁,zh-CN,,株式会社キルタイムコミュニケーション,B00TJI1U8K
精霊騎士アクエアル 隷属の花嫁,酒井仁,2025-08-05, 精霊騎士アクエアル　隷属の花嫁 .epub,精霊騎士アクエアル 隷属の花嫁,酒井仁,zh-CN,,株式会社キルタイムコミュニケーション,B00PU0FJAQ
精霊騎士アクエアル外伝 裏切りの騎士,酒井仁,2025-08-05, 精霊騎士アクエアル外伝　裏切りの騎士 .epub,精霊騎士アクエアル外伝 裏切りの騎士,酒井仁,zh-CN,,株式会社キルタイムコミュニケーション,B00PGMKRMI
純情なサキュバスだっているんです！,雨野 智晴,2025-07-26, 純情なサキュバスだっているんです .epub,純情なサキュバスだっているんです！,雨野 智晴,ja,,フランス書院,B07B8XQGVY
純情ギャルはカノジョじゃないのに【電子特別版】,水卜　みう,2025-11-24, 純情ギャルはカノジョじゃないのに電子特別版 .epub,純情ギャルはカノジョじゃないのに【電子特別版】,水卜 みう,zh-CN,,株式会社ＫＡＤＯＫＡＷＡ,04116720A23095000000
純情可憐な清瀬さんは濃厚セックスにハマってる 〜俺が教えてからすっかりエッチになりました〜,愛内なの,2025-12-23, 純情可憐な清瀬さんは濃厚セックスにハマってる 俺が教えてからすっかりエッチになりました .epub,純情可憐な清瀬さんは濃厚セックスにハマってる 〜俺が教えてからすっかりエッチになりました〜,愛内なの,zh-CN,,株式会社パラダイム,calibre:160
絶頂カウンター 女子のイッた回数が見えたら妄想が現実に,日立かぐ市,2025-07-04, 絶頂カウンター　女子のイッた回数が見えたら妄想が現実に .epub,絶頂カウンター 女子のイッた回数が見えたら妄想が現実に,日立かぐ市,zh-CN,,フランス書院,urn:uuid:af03e45d-b4ae-e605-892f-fb199ebda9b6
絶頂カウンター２ 女子のイッた回数が見えたら妄想が現実に (フランス書院eブックス),日立 かぐ市,2025-07-04, 絶頂カウンター２ 女子のイッた回数が見えたら妄想が現実に フランス書院eブックス .epub,絶頂カウンター２ 女子のイッた回数が見えたら妄想が現実に (フランス書院eブックス),日立 かぐ市,zh-CN,,フランス書院,f3b57d64-ec4d-402e-82c9-d59f72461dd8
絶頂カウンター３ 女子のイッた回数が見えたら妄想が現実に,日立かぐ市,2025-07-04, 絶頂カウンター３　女子のイッた回数が見えたら妄想が現実に .epub,絶頂カウンター３ 女子のイッた回数が見えたら妄想が現実に,日立かぐ市,zh-CN,,フランス書院,urn:uuid:06be78e4-db8a-f557-0589-bfa323c3fb50
続・二ノ宮さんは三千円,懺悔,2025-12-23, 続二ノ宮さんは三千円 .epub,続・二ノ宮さんは三千円,懺悔,zh-CN,,,8232639b-a7fc-47ce-8a77-e520aa6daca7
綾姉～奪われた幼馴染～,酒井仁,2025-08-05, 綾姉～奪われた幼馴染～ .epub,綾姉～奪われた幼馴染～,酒井仁,zh-CN,,株式会社キルタイムコミュニケーション,B087M4N7LG
纯爱X凌辱情结,銀三〇（ゆだ）,2025-07-26, 纯爱X凌辱情结 .epub,,,,,,
美しき副官の献身 『ハッ！ 隊長殿のご命令ならば！』_amazon版 (二次元ぷち文庫),筆祭競介,2025-08-05, 美しき副官の献身 ハッ 隊長殿のご命令ならば_amazon版 二次元ぷち文庫 .epub,美しき副官の献身 『ハッ！ 隊長殿のご命令ならば！』_amazon版 (二次元ぷち文庫),筆祭競介,zh-CN,,株式会社キルタイムコミュニケーション,f1e5ece7-bd88-473d-a954-f8e452b25d50
美少女とパコパコ三昧するだけで生きていける素晴らしき貞操逆転世界,羞恥好き,2025-07-30, 美少女とパコパコ三昧するだけで生きていける素晴らしき貞操逆転世界 .epub,美少女とパコパコ三昧するだけで生きていける素晴らしき貞操逆転世界,羞恥好き,zh-CN,,フランス書院,urn:uuid:c0714651-f845-d5cb-6c34-26d2c82e9340
美少女とパコパコ三昧するだけで生きていける素晴らしき貞操逆転世界【最高のヒモ生活】,羞恥好き,2025-07-30, 美少女とパコパコ三昧するだけで生きていける素晴らしき貞操逆転世界最高のヒモ生活 .epub,美少女とパコパコ三昧するだけで生きていける素晴らしき貞操逆転世界【最高のヒモ生活】,羞恥好き,zh-CN,,フランス書院,urn:uuid:7db50d3b-237a-f793-2e88-cf37ea71bc41
美少女とパコパコ三昧するだけで生きていける素晴らしき貞操逆転世界【銀髪ボクっ娘との爛れた恋愛事情】,羞恥好き,2025-07-30, 美少女とパコパコ三昧するだけで生きていける素晴らしき貞操逆転世界銀髪ボクっ娘との爛れた恋愛事情 .epub,美少女とパコパコ三昧するだけで生きていける素晴らしき貞操逆転世界【銀髪ボクっ娘との爛れた恋愛事情】,羞恥好き,zh-CN,,フランス書院,urn:uuid:2224b6aa-06bb-fbc0-6d7a-1c2aafa3839a
美醜逆転世界で軍人貴族のヤンデレ美少女たちにドロドロに愛されている,じょぶおんりー,2025-05-28, 美醜逆転世界で軍人貴族のヤンデレ美少女たちにドロドロに愛されている .epub,美醜逆転世界で軍人貴族のヤンデレ美少女たちにドロドロに愛されている,じょぶおんりー,ja,,フランス書院,urn:uuid:7ca0c0ab-5aeb-564c-d7b1-51195aa0bc68
美醜逆転世界で軍人貴族のヤンデレ美少女たちにドロドロに愛されている２,じょぶおんりー,2025-05-28, 美醜逆転世界で軍人貴族のヤンデレ美少女たちにドロドロに愛されている２ .epub,美醜逆転世界で軍人貴族のヤンデレ美少女たちにドロドロに愛されている２,じょぶおんりー,ja,,フランス書院,urn:uuid:e7a42c6b-ffde-36e8-a258-186accb06b43
美龍艶笑譚 ver1,ブラック木蓮,2025-08-05, 美龍艶笑譚 ver1 .epub,美龍艶笑譚 ver1,ブラック木蓮,zh-CN,,,B09TZWY1FW
義妹の悪役令嬢とうっかりセックスしてしまったのだが、これってどうなるんだろう？,さささのよし,2025-07-30, 義妹の悪役令嬢とうっかりセックスしてしまったのだがこれってどうなるんだろう .epub,義妹の悪役令嬢とうっかりセックスしてしまったのだが、これってどうなるんだろう？,さささのよし,zh-CN,,フランス書院,calibre:7
義妹５人いる（２） (電撃文庫),榛名丼,2025-11-08, 義妹５人いる２ 電撃文庫 .epub,義妹５人いる（２） (電撃文庫),榛名丼,zh-CN,,株式会社ＫＡＤＯＫＡＷＡ,B0FXWBMKLZ
義父に堕とされる夜～妊活中なのに夫以外の子種を中出しされて～,亜衣まい,2025-11-09, 義父に堕とされる夜～妊活中なのに夫以外の子種を中出しされて～ .epub,義父に堕とされる夜～妊活中なのに夫以外の子種を中出しされて～,亜衣まい,zh-CN,,株式会社パラダイム,9784801519572
翠桜皇国の仙術使い【学園魔獣編】１ 任務成功のご褒美は種付けエッチって本当ですか？,ネコミコズッキーニ,2025-08-20, 翠桜皇国の仙術使い学園魔獣編１　任務成功のご褒美は種付けエッチって本当ですか .epub,翠桜皇国の仙術使い【学園魔獣編】１ 任務成功のご褒美は種付けエッチって本当ですか？,ネコミコズッキーニ,zh-CN,,フランス書院,urn:uuid:2409faf8-2679-4893-af26-f64edde0d3c4
翠桜皇国の仙術使い【学園魔獣編】２ つかの間の有給休暇だから種付けハーレムでいいですか？,ネコミコズッキーニ,2025-08-20, 翠桜皇国の仙術使い学園魔獣編２　つかの間の有給休暇だから種付けハーレムでいいですか .epub,翠桜皇国の仙術使い【学園魔獣編】２ つかの間の有給休暇だから種付けハーレムでいいですか？,ネコミコズッキーニ,zh-CN,,フランス書院,urn:uuid:b8f20424-8d92-9624-4d98-3256486dca24
翠桜皇国の仙術使い【学園魔獣編】３ 波乱の術士対抗戦、ご褒美が淫らな夜って本当ですか？,ネコミコズッキーニ,2025-08-20, 翠桜皇国の仙術使い学園魔獣編３　波乱の術士対抗戦ご褒美が淫らな夜って本当ですか .epub,翠桜皇国の仙術使い【学園魔獣編】３ 波乱の術士対抗戦、ご褒美が淫らな夜って本当ですか？,ネコミコズッキーニ,zh-CN,,フランス書院,urn:uuid:57593b00-8fff-d926-7bd4-5d3411055326
翠桜皇国の仙術使い【学園魔獣編】４ お嬢様部隊と最高のハーレムエッチを永遠に続けていいですか？,ネコミコズッキーニ,2025-08-20, 翠桜皇国の仙術使い学園魔獣編４　お嬢様部隊と最高のハーレムエッチを永遠に続けていいですか .epub,翠桜皇国の仙術使い【学園魔獣編】４ お嬢様部隊と最高のハーレムエッチを永遠に続けていいですか？,ネコミコズッキーニ,zh-CN,,フランス書院,urn:uuid:878f241a-67a2-6d7e-e040-8d529d2d4b6e
翠桜皇国の仙術使い１ エリートお嬢様部隊全員に種付けできるって本当ですか？,ネコミコズッキーニ,2025-08-20, 翠桜皇国の仙術使い１　エリートお嬢様部隊全員に種付けできるって本当ですか .epub,翠桜皇国の仙術使い１ エリートお嬢様部隊全員に種付けできるって本当ですか？,ネコミコズッキーニ,zh-CN,,フランス書院,urn:uuid:62084732-c10a-61c6-b038-896bbb8baf8c
翠桜皇国の仙術使い２ お嬢様部隊全員種付けハーレムが完成したって本当ですか？,ネコミコズッキーニ,2025-08-20, 翠桜皇国の仙術使い２　お嬢様部隊全員種付けハーレムが完成したって本当ですか .epub,翠桜皇国の仙術使い２ お嬢様部隊全員種付けハーレムが完成したって本当ですか？,ネコミコズッキーニ,zh-CN,,フランス書院,urn:uuid:e8632d8e-668f-2252-8aa7-0da28650a499
翠桜皇国の仙術使い３ 皇女参戦なうえ種付けハーレム旅行に出発なんて本当ですか？,ネコミコズッキーニ,2025-08-20, 翠桜皇国の仙術使い３　皇女参戦なうえ種付けハーレム旅行に出発なんて本当ですか .epub,翠桜皇国の仙術使い３ 皇女参戦なうえ種付けハーレム旅行に出発なんて本当ですか？,ネコミコズッキーニ,zh-CN,,フランス書院,urn:uuid:8151241a-bd9f-0072-0bdf-f189a222ad97
翠桜皇国の仙術使い４ 五人のお嬢様全員と本気で子作りエッチしてもいいですか？,ネコミコズッキーニ,2025-08-20, 翠桜皇国の仙術使い４　五人のお嬢様全員と本気で子作りエッチしてもいいですか .epub,翠桜皇国の仙術使い４ 五人のお嬢様全員と本気で子作りエッチしてもいいですか？,ネコミコズッキーニ,zh-CN,,フランス書院,urn:uuid:2459dc9f-6eeb-1769-8c71-f59bf5d6a4fa
翠桜皇国の仙術使い５ 一週間限定の種付けハーレム旅行を延長しちゃいけませんか？,ネコミコズッキーニ,2025-08-20, 翠桜皇国の仙術使い５　一週間限定の種付けハーレム旅行を延長しちゃいけませんか .epub,翠桜皇国の仙術使い５ 一週間限定の種付けハーレム旅行を延長しちゃいけませんか？,ネコミコズッキーニ,zh-CN,,フランス書院,urn:uuid:368f4b57-1d45-e2e7-6bf4-6512230c8e76
聖光剣姫スターティア 女幹部にふたなり調教される変身ヒロイン,あろまーら,2025-08-05, 聖光剣姫スターティア　女幹部にふたなり調教される変身ヒロイン .epub,聖光剣姫スターティア 女幹部にふたなり調教される変身ヒロイン,あろまーら,zh-CN,,株式会社キルタイムコミュニケーション,B075WKG681
聖女と暴食,三雲 岳斗,2025-12-25, 聖女と暴食 .epub,聖女と暴食,三雲 岳斗,zh-CN,,株式会社ＫＡＤＯＫＡＷＡ,calibre:94
聖女の論理、探偵の原罪 (ハヤカワ文庫JA),紺野 天龍,2025-11-21, 聖女の論理探偵の原罪 ハヤカワ文庫JA .epub,聖女の論理、探偵の原罪 (ハヤカワ文庫JA),紺野 天龍,zh-CN,,早川書房,book-downloader:2005803_001
聖奴隷学園２「特別増量版」,布施はるか,2025-08-05, 聖奴隷学園２特別増量版 .epub,聖奴隷学園２「特別増量版」,布施はるか,zh-CN,,株式会社パラダイム,9784801593459
聖娼女-性奴育成学園- (ぷちぱら文庫),Ｆｒｉｌｌ,2025-08-05, 聖娼女-性奴育成学園- ぷちぱら文庫 .epub,聖娼女-性奴育成学園- (ぷちぱら文庫),Ｆｒｉｌｌ,zh-CN,,,ddd30c48-dead-4838-bd6c-417e63edb3a7
育精,男爵平野,2025-08-05, 育精 .epub,育精,男爵平野,zh-CN,,株式会社パラダイム,9784801519718
背徳の母娘丼～淫欲に沈むママといもうと～ アドベンチャーゲームブック (UNREAL PUBLISHING),ＵＮＲＥＡＬＰＵＢＬＩＳＨＩＮＧ,2025-08-20, 背徳の母娘丼～淫欲に沈むママといもうと～ アドベンチャーゲームブック UNREAL PUBLISHING .epub,背徳の母娘丼～淫欲に沈むママといもうと～ アドベンチャーゲームブック (UNREAL PUBLISHING),ＵＮＲＥＡＬＰＵＢＬＩＳＨＩＮＧ,zh-CN,,UNREAL PUBLISHING,bae6984b-0937-4a24-b533-aa667ac7f425
自分大好き梅園くんと、その信者ちゃん。,寿司サンダー,2026-02-26, 自分大好き梅園くんとその信者ちゃん .epub,自分大好き梅園くんと、その信者ちゃん。,寿司サンダー,zh-CN,,講談社,urn:uuid:f08eb67b-ad45-4d5e-bb26-da6a0435f151
艶母散華 息子の友人に犯されて,空蝉,2025-08-20, 艶母散華　息子の友人に犯されて .epub,艶母散華 息子の友人に犯されて,空蝉,zh-CN,,株式会社キルタイムコミュニケーション,B00JZJOUXU
花嫁を略奪された俺は、ただ平穏に暮らしたい。【電子特別版】,浜辺　ばとる,2025-11-27, 花嫁を略奪された俺はただ平穏に暮らしたい電子特別版 .epub,花嫁を略奪された俺は、ただ平穏に暮らしたい。【電子特別版】,浜辺 ばとる,zh-CN,,株式会社ＫＡＤＯＫＡＷＡ,04114704A16593400000
花嫁を略奪された俺は、ただ平穏に暮らしたい。２【電子特別版】,浜辺　ばとる,2025-11-27, 花嫁を略奪された俺はただ平穏に暮らしたい２電子特別版 .epub,花嫁を略奪された俺は、ただ平穏に暮らしたい。２【電子特別版】,浜辺 ばとる,zh-CN,,株式会社ＫＡＤＯＫＡＷＡ,04115073A17804200000
花嫁再調教《ＮＴＲ》 寝取られ托卵貞淑妻じゃダメですか？,こばやJ,2025-08-05, 花嫁再調教ＮＴＲ 寝取られ托卵貞淑妻じゃダメですか .epub,花嫁再調教《ＮＴＲ》 寝取られ托卵貞淑妻じゃダメですか？,こばやJ,zh-CN,,フランス書院,calibre:134
若妻の秘蜜 堕ちゆく美沙子の爛れた日々 (リアルドリーム文庫),斐芝嘉和,2025-08-05, 若妻の秘蜜 堕ちゆく美沙子の爛れた日々 リアルドリーム文庫 .epub,若妻の秘蜜 堕ちゆく美沙子の爛れた日々 (リアルドリーム文庫),斐芝嘉和,zh-CN,,,c18855fa-e6b3-45f0-b30d-90ed892b9524
虜ノ絆 ～奪われた学園に響く処女の喘ぎ～,利波創造,2025-10-25, 虜ノ絆 ～奪われた学園に響く処女の喘ぎ～ .epub,虜ノ絆 ～奪われた学園に響く処女の喘ぎ～,利波創造,zh-CN,,株式会社パラダイム,9784801519565
虜囚の女ヒーロー～怪人たちとの闇の狂宴～「特別増量版」,須々木鮎尾,2025-08-05, 虜囚の女ヒーロー～怪人たちとの闇の狂宴～特別増量版 .epub,虜囚の女ヒーロー～怪人たちとの闇の狂宴～「特別増量版」,須々木鮎尾,zh-CN,,株式会社パラダイム,9784801594012
血の繋がらない私たちが家族になるたった一つの方法,雲雀湯,2026-02-10, 血の繋がらない私たちが家族になるたった一つの方法 .epub,血の繋がらない私たちが家族になるたった一つの方法,雲雀湯,zh-CN,,株式会社ＫＡＤＯＫＡＷＡ,04114472A15950000000
裏切られたSランク冒険者の俺は、愛する奴隷の彼女らと共に奴隷だけのハーレムギルドを作る (ダッシュエックス文庫DIGITAL),ナイロン,2025-05-19, 裏切られたSランク冒険者の俺は愛する奴隷の彼女らと共に奴隷だけのハーレムギルドを作る ダッシュエックス文庫DIGITAL .epub,裏切られたSランク冒険者の俺は、愛する奴隷の彼女らと共に奴隷だけのハーレムギルドを作る (ダッシュエックス文庫DIGITAL),ナイロン,ja,,株式会社 集英社,urn:asin:B07QN2Q2KG
裏切られたSランク冒険者の俺は、愛する奴隷の彼女らと共に奴隷だけのハーレムギルドを作る 2 (ダッシュエックス文庫DIGITAL),ナイロン,2025-05-19, 裏切られたSランク冒険者の俺は愛する奴隷の彼女らと共に奴隷だけのハーレムギルドを作る 2 ダッシュエックス文庫DIGITAL .epub,裏切られたSランク冒険者の俺は、愛する奴隷の彼女らと共に奴隷だけのハーレムギルドを作る 2 (ダッシュエックス文庫DIGITAL),ナイロン,ja,,株式会社 集英社,urn:asin:B07Z8T6SR5
裏切られたSランク冒険者の俺は、愛する奴隷の彼女らと共に奴隷だけのハーレムギルドを作る 3 (ダッシュエックス文庫DIGITAL),ナイロン,2025-05-19, 裏切られたSランク冒険者の俺は愛する奴隷の彼女らと共に奴隷だけのハーレムギルドを作る 3 ダッシュエックス文庫DIGITAL .epub,裏切られたSランク冒険者の俺は、愛する奴隷の彼女らと共に奴隷だけのハーレムギルドを作る 3 (ダッシュエックス文庫DIGITAL),ナイロン,ja,,株式会社 集英社,urn:asin:B0842FJ781
裏切られたSランク冒険者の俺は、愛する奴隷の彼女らと共に奴隷だけのハーレムギルドを作る 4 (ダッシュエックス文庫DIGITAL),ナイロン,2025-05-19, 裏切られたSランク冒険者の俺は愛する奴隷の彼女らと共に奴隷だけのハーレムギルドを作る 4 ダッシュエックス文庫DIGITAL .epub,裏切られたSランク冒険者の俺は、愛する奴隷の彼女らと共に奴隷だけのハーレムギルドを作る 4 (ダッシュエックス文庫DIGITAL),ナイロン,ja,,株式会社 集英社,urn:asin:B088R5WK6F
裏教師 〜背徳の淫悦授業〜 詩音編,蝦沼ミナミ,2025-08-05, 裏教師 背徳の淫悦授業 詩音編 .epub,裏教師 〜背徳の淫悦授業〜 詩音編,蝦沼ミナミ,zh-CN,,株式会社パラダイム,53aeefd2-a039-4d96-bca6-28f4d9eee81d
裏教師～背徳の淫悦授業～,酒巻雨竜,2025-08-05, 裏教師～背徳の淫悦授業～ .epub,裏教師～背徳の淫悦授業～,酒巻雨竜,zh-CN,,株式会社パラダイム,4d3a11b1-4f43-4f31-bf0b-ce73bd6a4304
親の遺した借金で人生詰んだ→学園一の美少女令嬢に買われました。,,2025-08-05, 親の遺した借金で人生詰んだ→学園一の美少女令嬢に買われました .epub,親の遺した借金で人生詰んだ→学園一の美少女令嬢に買われました。,未知作者,zh-CN,,,Id_86887B73-512A-4D63-98A3-0D7501A791AB_
親友が放置してる彼女を奪うことにした。～ずっと好きだったあの子とＮＴＲ種付けセックス～ (フランス書院eブックス),abel,2025-10-25, 親友が放置してる彼女を奪うことにした～ずっと好きだったあの子とＮＴＲ種付けセックス～ フランス書院eブックス .epub,親友が放置してる彼女を奪うことにした。～ずっと好きだったあの子とＮＴＲ種付けセックス～ (フランス書院eブックス),abel,zh-CN,,フランス書院,B0F3J47Z6Q
親友が放置してる彼女を奪うことにした。～付き合い始めた彼女と夏の濃厚イチャラブ旅行～,abel,2025-10-25, 親友が放置してる彼女を奪うことにした～付き合い始めた彼女と夏の濃厚イチャラブ旅行～ .epub,親友が放置してる彼女を奪うことにした。～付き合い始めた彼女と夏の濃厚イチャラブ旅行～,abel,zh-CN,,フランス書院,book-downloader: 1849622_002
記憶喪失になった俺だけど、学年一の美少女と赤ちゃんを作る約束をしていたらしい,孕間せん,2025-12-23, 記憶喪失になった俺だけど学年一の美少女と赤ちゃんを作る約束をしていたらしい .epub,記憶喪失になった俺だけど、学年一の美少女と赤ちゃんを作る約束をしていたらしい,孕間せん,zh-CN,,フランス書院,urn:uuid:54ef5d27-3db8-fb26-83b1-7673e2e743a8
誰が勇者を殺したか 預言の章 【電子特別版】 (角川スニーカー文庫),駄犬,2025-05-19, 誰が勇者を殺したか 預言の章 電子特別版 角川スニーカー文庫 .epub,誰が勇者を殺したか 預言の章 【電子特別版】 (角川スニーカー文庫),駄犬,ja,,株式会社ＫＡＤＯＫＡＷＡ,B0D1FPSB6S
誰が勇者を殺したか【電子特別版】 (角川スニーカー文庫),駄犬,2025-05-19, 誰が勇者を殺したか電子特別版 角川スニーカー文庫 .epub,誰が勇者を殺したか【電子特別版】 (角川スニーカー文庫),駄犬,ja,,株式会社ＫＡＤＯＫＡＷＡ,f111495a-907f-43ea-aa95-c40841624e43
誰もが羨む隣のクール美少女、実は脳内ピンクすぎる (富士見ファンタジア文庫),オーミヤビ,2025-08-20, 誰もが羨む隣のクール美少女実は脳内ピンクすぎる 富士見ファンタジア文庫 .epub,誰もが羨む隣のクール美少女、実は脳内ピンクすぎる (富士見ファンタジア文庫),オーミヤビ,zh-CN,,株式会社ＫＡＤＯＫＡＷＡ,B0FLC6YH16
調教恋愛 完全版,わかつきひかる,2025-10-04, 調教恋愛　完全版 .epub,調教恋愛 完全版,わかつきひかる,zh-CN,,ゴマブックス株式会社,466de066-da61-4afb-bdd5-c13b90fc762b
貴族令嬢。俺にだけなつく６,夏乃実,2025-12-23, 貴族令嬢俺にだけなつく６ .epub,貴族令嬢。俺にだけなつく６,夏乃実,zh-CN,,株式会社ＫＡＤＯＫＡＷＡ,04076104A22818400000
路地裏で拾った女の子がバッドエンド後の乙女ゲームのヒロインだった件【電子特別版】,カボチャマスク,2025-11-21, 路地裏で拾った女の子がバッドエンド後の乙女ゲームのヒロインだった件電子特別版 .epub,路地裏で拾った女の子がバッドエンド後の乙女ゲームのヒロインだった件【電子特別版】,カボチャマスク,zh-CN,,株式会社ＫＡＤＯＫＡＷＡ,calibre:467
路地裏で拾った女の子がバッドエンド後の乙女ゲームのヒロインだった件２ 【電子特別版】,カボチャマスク,2025-11-21, 路地裏で拾った女の子がバッドエンド後の乙女ゲームのヒロインだった件２ 電子特別版 .epub,路地裏で拾った女の子がバッドエンド後の乙女ゲームのヒロインだった件２ 【電子特別版】,カボチャマスク,zh-CN,,株式会社ＫＡＤＯＫＡＷＡ,04116255A21749700000
路地裏で拾った女の子がバッドエンド後の乙女ゲームのヒロインだった件３【電子特別版】,カボチャマスク,2025-11-29, 路地裏で拾った女の子がバッドエンド後の乙女ゲームのヒロインだった件３電子特別版 .epub,路地裏で拾った女の子がバッドエンド後の乙女ゲームのヒロインだった件３【電子特別版】,カボチャマスク,zh-CN,,株式会社ＫＡＤＯＫＡＷＡ,04116834A23429300000
軍属麗奴ツバキ 淫れ散る三戦華,高岡智空,2025-08-05, 軍属麗奴ツバキ　淫れ散る三戦華 .epub,軍属麗奴ツバキ 淫れ散る三戦華,高岡智空,zh-CN,,株式会社キルタイムコミュニケーション,B07XR6G9VT
転生程度で胸の穴は埋まらない,ニテーロン,2025-11-17, 転生程度で胸の穴は埋まらない .epub,転生程度で胸の穴は埋まらない,ニテーロン,zh-CN,,株式会社ＫＡＤＯＫＡＷＡ,B0DQZX1DVD
転生程度で胸の穴は埋まらない２ (電撃文庫),ニテーロン,2025-11-17, 転生程度で胸の穴は埋まらない２ 電撃文庫 .epub,転生程度で胸の穴は埋まらない２ (電撃文庫),ニテーロン,zh-CN,,KADOKAWA,book-downloader:20113731_002
転生程度で胸の穴は埋まらない３ (電撃文庫),ニテーロン,2025-11-17, 転生程度で胸の穴は埋まらない３ 電撃文庫 .epub,転生程度で胸の穴は埋まらない３ (電撃文庫),ニテーロン,zh-CN,,KADOKAWA,book-downloader:20113731_003
転生程度で胸の穴は埋まらない４,ニテーロン,2026-04-09, 転生程度で胸の穴は埋まらない４ .epub,転生程度で胸の穴は埋まらない４,ニテーロン,zh-CN,,株式会社ＫＡＤＯＫＡＷＡ,04916937A24034800000
辺境のむちむち爆乳シスターを催眠でゆっくりとラブラブ孕み袋にして幸せに暮らす話(1),ひよこの子,2025-10-25, 辺境のむちむち爆乳シスターを催眠でゆっくりとラブラブ孕み袋にして幸せに暮らす話1 .epub,辺境のむちむち爆乳シスターを催眠でゆっくりとラブラブ孕み袋にして幸せに暮らす話(1),ひよこの子,zh-CN,,株式会社ＫＡＤＯＫＡＷＡ,calibre:608
辺境のむちむち爆乳シスターを催眠でゆっくりとラブラブ孕み袋にして幸せに暮らす話(2),ひよこの子,2025-10-25, 辺境のむちむち爆乳シスターを催眠でゆっくりとラブラブ孕み袋にして幸せに暮らす話2 .epub,辺境のむちむち爆乳シスターを催眠でゆっくりとラブラブ孕み袋にして幸せに暮らす話(2),ひよこの子,zh-CN,,株式会社ＫＡＤＯＫＡＷＡ,calibre:609
辺境のむちむち爆乳シスターを催眠でゆっくりとラブラブ孕み袋にして幸せに暮らす話(3),ひよこの子,2025-10-25, 辺境のむちむち爆乳シスターを催眠でゆっくりとラブラブ孕み袋にして幸せに暮らす話3 .epub,辺境のむちむち爆乳シスターを催眠でゆっくりとラブラブ孕み袋にして幸せに暮らす話(3),ひよこの子,zh-CN,,株式会社ＫＡＤＯＫＡＷＡ,04000000A11269900000
辺境貴族に転生した悪役令嬢好きが、婚約破棄される侯爵令嬢の追放先に立候補した結果 (富士見ファンタジア文庫),9bumi,2026-03-06, 辺境貴族に転生した悪役令嬢好きが婚約破棄される侯爵令嬢の追放先に立候補した結果 富士見ファンタジア文庫 .epub,辺境貴族に転生した悪役令嬢好きが、婚約破棄される侯爵令嬢の追放先に立候補した結果 (富士見ファンタジア文庫),9bumi,zh-CN,,株式会社ＫＡＤＯＫＡＷＡ,urn:asin:B0GCLVL98W
迷い猫に懐かれて、いつの間にか飼い主になっていた。【電子特典付き】 (MF文庫J),涼暮 皐,2025-10-25, 迷い猫に懐かれていつの間にか飼い主になっていた電子特典付き MF文庫J .epub,迷い猫に懐かれて、いつの間にか飼い主になっていた。【電子特典付き】 (MF文庫J),涼暮 皐,zh-CN,,株式会社ＫＡＤＯＫＡＷＡ,B0FVJ6J2DB
追放された侯爵令嬢と行く冒険者生活,たけすぃ,2025-10-25, 追放された侯爵令嬢と行く冒険者生活 .epub,追放された侯爵令嬢と行く冒険者生活,たけすぃ,zh-CN,,株式会社ＫＡＤＯＫＡＷＡ,urn:uuid:71ec59b2-3cfe-4619-a2da-af699416a85f
退魔教師希彩1.5 那柚の退魔行 (二次元ぷち文庫),天戸祐輝,2025-08-05, 退魔教師希彩15 那柚の退魔行 二次元ぷち文庫 .epub,退魔教師希彩1.5 那柚の退魔行 (二次元ぷち文庫),天戸祐輝,zh-CN,,株式会社キルタイムコミュニケーション,9f577f07-e92b-4f03-84d3-3325a67cb759
通学電車で露出彼女に恋したら!?,クレージュ,2025-08-05, 通学電車で露出彼女に恋したら .epub,通学電車で露出彼女に恋したら!?,クレージュ,zh-CN,,株式会社パラダイム,B011VARIVQ
週に一度クラスメイトを買う話 ～ふたりの時間、言い訳の五千円～,羽田　宇佐,2025-08-20, 週に一度クラスメイトを買う話　～ふたりの時間言い訳の五千円～ .epub,週に一度クラスメイトを買う話 ～ふたりの時間、言い訳の五千円～,羽田 宇佐,ja,,株式会社ＫＡＤＯＫＡＷＡ,urn:uuid:d62c3f31-30a6-44fb-ae8f-8689b589c8bc
週に一度クラスメイトを買う話２ ～ふたりの時間、言い訳の五千円～,羽田　宇佐,2025-08-20, 週に一度クラスメイトを買う話２　～ふたりの時間言い訳の五千円～ .epub,週に一度クラスメイトを買う話２ ～ふたりの時間、言い訳の五千円～,羽田 宇佐,ja,,株式会社ＫＡＤＯＫＡＷＡ,04075028A14600600000
週に一度クラスメイトを買う話３ ～ふたりの時間、言い訳の五千円～,羽田　宇佐,2025-08-20, 週に一度クラスメイトを買う話３　～ふたりの時間言い訳の五千円～ .epub,週に一度クラスメイトを買う話３ ～ふたりの時間、言い訳の五千円～,羽田 宇佐,ja,,株式会社ＫＡＤＯＫＡＷＡ,04075179A15362000000
週に一度クラスメイトを買う話４ ～ふたりの時間、言い訳の五千円～,羽田 宇佐,2025-08-20, 週に一度クラスメイトを買う話４　～ふたりの時間言い訳の五千円～ .epub,週に一度クラスメイトを買う話４ ～ふたりの時間、言い訳の五千円～,羽田 宇佐,ja,,株式会社ＫＡＤＯＫＡＷＡ,B0CW1CRX4N
週に一度クラスメイトを買う話５ ～ふたりの秘密は一つ屋根の下～,羽田　宇佐,2025-08-20, 週に一度クラスメイトを買う話５　～ふたりの秘密は一つ屋根の下～ .epub,週に一度クラスメイトを買う話５ ～ふたりの秘密は一つ屋根の下～,羽田 宇佐,ja,,株式会社ＫＡＤＯＫＡＷＡ,04075527A18404400000
週に一度クラスメイトを買う話６ ～ふたりの秘密は一つ屋根の下～,羽田　宇佐,2025-08-20, 週に一度クラスメイトを買う話６　～ふたりの秘密は一つ屋根の下～ .epub,週に一度クラスメイトを買う話６ ～ふたりの秘密は一つ屋根の下～,羽田 宇佐,zh-CN,,株式会社ＫＡＤＯＫＡＷＡ,04075773A20043700000
週に一度クラスメイトを買う話８ ～ふたりの秘密は一つ屋根の下～,羽田　宇佐,2025-12-23, 週に一度クラスメイトを買う話８　～ふたりの秘密は一つ屋根の下～ .epub,週に一度クラスメイトを買う話８ ～ふたりの秘密は一つ屋根の下～,羽田 宇佐,zh-CN,,株式会社ＫＡＤＯＫＡＷＡ,04076170A23275700000
野球女子、青春崩壊,舞条弦,2025-07-30, 野球女子青春崩壊 .epub,野球女子、青春崩壊,舞条弦,zh-CN,,フランス書院,urn:uuid:28d8db87-77f5-81f0-a6fb-1272d9cdae82
闇堕ちラスボス令嬢の幼馴染に転生した。俺が死んだらバッドエンド確定なので最強になったけど、もう闇堕ち【ヤンデレ化】してませんか？（ブレイブ文庫）１,オーミヤビ,2025-10-29, 闇堕ちラスボス令嬢の幼馴染に転生した俺が死んだらバッドエンド確定なので最強になったけどもう闇堕ちヤンデレ化してませんかブレイブ文庫１ .epub,闇堕ちラスボス令嬢の幼馴染に転生した。俺が死んだらバッドエンド確定なので最強になったけど、もう闇堕ち【ヤンデレ化】してませんか？（ブレイブ文庫）１,オーミヤビ,zh-CN,,株式会社一二三書房,9784824203595
闇堕ちラスボス令嬢の幼馴染に転生した。俺が死んだらバッドエンド確定なので最強になったけど、もう闇堕ち【ヤンデレ化】してませんか？（ブレイブ文庫）２,オーミヤビ,2025-10-29, 闇堕ちラスボス令嬢の幼馴染に転生した俺が死んだらバッドエンド確定なので最強になったけどもう闇堕ちヤンデレ化してませんかブレイブ文庫２ .epub,闇堕ちラスボス令嬢の幼馴染に転生した。俺が死んだらバッドエンド確定なので最強になったけど、もう闇堕ち【ヤンデレ化】してませんか？（ブレイブ文庫）２,オーミヤビ,zh-CN,,株式会社一二三書房,urn:uuid:6ddc8c87-faef-42bc-beab-f8b8ec04a7e1
闇夜の王～異世界物語は傍若無人に～(オルギスノベル)1,ＲＩＰ,2025-07-26, 闇夜の王～異世界物語は傍若無人に～オルギスノベル1 .epub,闇夜の王～異世界物語は傍若無人に～(オルギスノベル)1,ＲＩＰ,ja,,株式会社一二三書房,B07F1N8F63
陰の実力者になりたくて！ ０７,逢沢 大介,2026-04-09, 陰の実力者になりたくて ０７ .epub,陰の実力者になりたくて！ ０７,逢沢 大介,zh-CN,,株式会社ＫＡＤＯＫＡＷＡ,2eba4fc1-e064-48b0-9217-e6bfb68342d5
陰キャだった俺の青春リベンジ７ 天使すぎるあの娘と歩むReライフ【電子特別版】,慶野　由志,2025-11-24, 陰キャだった俺の青春リベンジ７　天使すぎるあの娘と歩むReライフ電子特別版 .epub,陰キャだった俺の青春リベンジ７ 天使すぎるあの娘と歩むReライフ【電子特別版】,慶野 由志,ja,,株式会社ＫＡＤＯＫＡＷＡ,04115746A19861300000
陸上女子、疾走無惨,舞条 弦,2025-11-09, 陸上女子疾走無惨 .epub,陸上女子、疾走無惨,舞条 弦,zh-CN,,フランス書院,B0BCVLVWDV
陸上女子、裏奴隷部 (フランス書院eブックス),鷹羽 シン,2025-08-05, 陸上女子裏奴隷部 フランス書院eブックス .epub,陸上女子、裏奴隷部 (フランス書院eブックス),鷹羽 シン,zh-CN,,フランス書院,B09KZ7ZX86
陸上部の姪っ子に体力づくりのために××××をオススメした結果 ～汗だくで搾り取られる幸福な毎日～,亜衣まい,2025-10-25, 陸上部の姪っ子に体力づくりのために××××をオススメした結果　～汗だくで搾り取られる幸福な毎日～ .epub,陸上部の姪っ子に体力づくりのために××××をオススメした結果 ～汗だくで搾り取られる幸福な毎日～,亜衣まい,zh-CN,,株式会社パラダイム,9784801520172
隷嬢管理棟 ～制服少女たちのさらなる搾乳隷属記～「特別増量版」,黒瀧糸由,2025-08-05, 隷嬢管理棟　～制服少女たちのさらなる搾乳隷属記～特別増量版 .epub,隷嬢管理棟 ～制服少女たちのさらなる搾乳隷属記～「特別増量版」,黒瀧糸由,zh-CN,,株式会社パラダイム,9784801593275
隷嬢管理棟 ～制服少女たちのさらなる搾乳隷属記～「特別増量版」,黒瀧糸由,2025-08-05, 隷嬢管理棟　～制服少女たちのさらなる搾乳隷属記～特別増量版  1.epub,隷嬢管理棟 ～制服少女たちのさらなる搾乳隷属記～「特別増量版」,黒瀧糸由,zh-CN,,株式会社パラダイム,9784801593275
隷嬢管理棟～制服少女たちの搾乳隷属記～「特別増量版」,黒瀧糸由,2025-08-05, 隷嬢管理棟～制服少女たちの搾乳隷属記～特別増量版 .epub,隷嬢管理棟～制服少女たちの搾乳隷属記～「特別増量版」,黒瀧糸由,zh-CN,,株式会社パラダイム,9784801593268
隷嬢管理棟～制服少女たちの搾乳隷属記～「特別増量版」,黒瀧糸由,2025-08-05, 隷嬢管理棟～制服少女たちの搾乳隷属記～特別増量版  1.epub,隷嬢管理棟～制服少女たちの搾乳隷属記～「特別増量版」,黒瀧糸由,zh-CN,,株式会社パラダイム,9784801593268
隷属娼艦アルタイル ～女性将官は恥辱に沈む～,有機企画,2025-08-05, 隷属娼艦アルタイル ～女性将官は恥辱に沈む～ .epub,隷属娼艦アルタイル ～女性将官は恥辱に沈む～,有機企画,zh-CN,,株式会社キルタイムコミュニケーション,calibre:529
青い光 催眠魔術で女の子たちを美味しく頂く日々,けてる,2025-07-30, 青い光　催眠魔術で女の子たちを美味しく頂く日々 .epub,青い光 催眠魔術で女の子たちを美味しく頂く日々,けてる,zh-CN,,フランス書院,urn:uuid:6ff4c770-3304-f9a8-b3da-3ae98585208e
青い光２ 清楚ビッチなアイドルに催眠の祝福を,けてる,2025-07-30, 青い光２　清楚ビッチなアイドルに催眠の祝福を .epub,青い光２ 清楚ビッチなアイドルに催眠の祝福を,けてる,zh-CN,,フランス書院,urn:uuid:39cf03af-8e22-c5d2-6d62-0373e41b653a
青い光３ 水着美女に孕ませの福音を,けてる,2025-07-30, 青い光３　水着美女に孕ませの福音を .epub,青い光３ 水着美女に孕ませの福音を,けてる,zh-CN,,フランス書院,urn:uuid:37e14aac-bbf7-5581-c574-e6a8fcd81ace
青い光４ ブロンドＯＬに催眠オフィスの洗礼を,けてる,2025-07-30, 青い光４　ブロンドＯＬに催眠オフィスの洗礼を .epub,青い光４ ブロンドＯＬに催眠オフィスの洗礼を,けてる,zh-CN,,フランス書院,urn:uuid:f8aee0eb-273b-0c82-e2d3-8c6aea1c6180
青春ブタ野郎はガールフレンドの夢を見ない,鴨志田 一,2025-05-23, 青春ブタ野郎はガールフレンドの夢を見ない .epub,青春ブタ野郎はガールフレンドの夢を見ない,鴨志田 一,ja,,株式会社ＫＡＤＯＫＡＷＡ,B0DBZ4Q4S5
青春ブタ野郎はディアフレンドの夢を見ない,鴨志田 一,2025-05-23, 青春ブタ野郎はディアフレンドの夢を見ない .epub,青春ブタ野郎はディアフレンドの夢を見ない,鴨志田 一,ja,,株式会社ＫＡＤＯＫＡＷＡ,B0DJ24HT6B
顔の良すぎる幼馴染と、気づいたら朝チュンしてた件,星光　音音,2026-03-06, 顔の良すぎる幼馴染と気づいたら朝チュンしてた件 .epub,顔の良すぎる幼馴染と、気づいたら朝チュンしてた件,星光 音音,zh-CN,,株式会社ＫＡＤＯＫＡＷＡ,urn:uuid:3ee53fd6-5a38-4687-a973-1099328e5dea
風紀委員長高崎レオナ催眠調教 ～催眠なんてかかるわけないじゃない～,黒井鶫,2025-11-03, 風紀委員長高崎レオナ催眠調教　～催眠なんてかかるわけないじゃない～ .epub,風紀委員長高崎レオナ催眠調教 ～催眠なんてかかるわけないじゃない～,黒井鶫,zh-CN,,株式会社キルタイムコミュニケーション,DIG00002KTC2DN000338
駅徒歩7分1DK。JD、JK付き。 1 (オーバーラップ文庫),書店ゾンビ,2025-12-23, 駅徒歩7分1DKJDJK付き 1 オーバーラップ文庫 .epub,駅徒歩7分1DK。JD、JK付き。 1 (オーバーラップ文庫),書店ゾンビ,zh-CN,,株式会社オーバーラップ,08f9bb7f-eaf8-4d1f-a43f-ccdb470bec37
駅徒歩7分1DK。JD、JK付き。 2,書店ゾンビ,2025-12-23, 駅徒歩7分1DKJDJK付き 2 .epub,駅徒歩7分1DK。JD、JK付き。 2,書店ゾンビ,zh-CN,,オーバーラップ,book-downloader:934797_002
魔を祓う神巫 宮藤京香の寝取られ退魔帖,ぽいぽい,2025-08-05, 魔を祓う神巫　宮藤京香の寝取られ退魔帖 .epub,魔を祓う神巫 宮藤京香の寝取られ退魔帖,ぽいぽい,zh-CN,,株式会社キルタイムコミュニケーション,B06XCRKFJB
魔剣士リーネ 許嫁と女騎士が寝取られる刻,空蝉,2025-11-03, 魔剣士リーネ 許嫁と女騎士が寝取られる刻 .epub,魔剣士リーネ 許嫁と女騎士が寝取られる刻,空蝉,zh-CN,,株式会社キルタイムコミュニケーション,B01LZBC35H
魔剣士リーネ2 乙女穢されし戦場 第3巻,酒井仁,2025-08-05, 魔剣士リーネ2 乙女穢されし戦場 第3巻 .epub,魔剣士リーネ2 乙女穢されし戦場 第3巻,酒井仁,zh-CN,,株式会社キルタイムコミュニケーション,calibre:604
魔剣士リーネ 二人の姫が孕みし刻,まくらカバーソフト,2025-11-03, 魔剣士リーネ　二人の姫が孕みし刻 .epub,魔剣士リーネ 二人の姫が孕みし刻,まくらカバーソフト,zh-CN,,株式会社キルタイムコミュニケーション,B019GWW9PQ
魔剣士リーネ２ 第１巻 乙女穢されし戦場,酒井仁,2025-08-05, 魔剣士リーネ２ 第１巻 乙女穢されし戦場 .epub,魔剣士リーネ２ 第１巻 乙女穢されし戦場,酒井仁,zh-CN,,株式会社キルタイムコミュニケーション,calibre:272
魔剣士リーネ２ 第２巻 乙女穢されし戦場,酒井仁,2025-08-05, 魔剣士リーネ２　第２巻　乙女穢されし戦場 .epub,魔剣士リーネ２ 第２巻 乙女穢されし戦場,酒井仁,zh-CN,,株式会社キルタイムコミュニケーション,B079GNN2V1
魔女と傭兵,超法規的かえる,2025-06-24, 魔女と傭兵 .epub,魔女と傭兵,超法規的かえる,zh-CN,,株式会社マイクロマガジン社,urn:isbn:9784867164242
魔女と傭兵 2,超法規的かえる,2025-06-24, 魔女と傭兵 2 .epub,魔女と傭兵 2,超法規的かえる,zh-CN,,株式会社マイクロマガジン社,urn:isbn:9784867164716
魔女と傭兵 3,超法規的かえる,2025-06-24, 魔女と傭兵 3 .epub,魔女と傭兵 3,超法規的かえる,zh-CN,,株式会社マイクロマガジン社,urn:isbn:9784867165478
魔女と傭兵 4,超法規的かえる,2025-06-24, 魔女と傭兵 4 .epub,魔女と傭兵 4,超法規的かえる,zh-CN,,株式会社マイクロマガジン社,urn:isbn:9784867166086
魔女と傭兵 5,超法規的かえる,2025-06-24, 魔女と傭兵 5 .epub,魔女と傭兵 5,超法規的かえる,zh-CN,,株式会社マイクロマガジン社,urn:isbn:9784867166635
魔女と傭兵 6上,超法規的かえる,2025-06-24, 魔女と傭兵 6上 .epub,魔女と傭兵 6上,超法規的かえる,zh-CN,,株式会社マイクロマガジン社,urn:isbn:9784867167762
魔女と傭兵 ６下,超法規的かえる,2025-07-22, 魔女と傭兵 ６下 .epub,魔女と傭兵 ６下,超法規的かえる,zh-CN,,株式会社マイクロマガジン社,urn:isbn:9784867167939
魔女と毒殺文芸部 Curse.01 『不死』の魔女は僕に殺されたいようです。【電子特典付き】,最条　真,2025-11-25, 魔女と毒殺文芸部　Curse01　不死の魔女は僕に殺されたいようです電子特典付き .epub,魔女と毒殺文芸部 Curse.01 『不死』の魔女は僕に殺されたいようです。【電子特典付き】,最条 真,zh-CN,,株式会社ＫＡＤＯＫＡＷＡ,urn:uuid:000f2959-2f8f-40f5-aba8-b1ecf86f2f92
魔法学園の性奴隷 自慢の彼女は魔術サークルの共有オナホ (フランス書院eブックス),アマナ,2025-08-10, 魔法学園の性奴隷 自慢の彼女は魔術サークルの共有オナホ フランス書院eブックス .epub,魔法学園の性奴隷 自慢の彼女は魔術サークルの共有オナホ (フランス書院eブックス),アマナ,zh-CN,,フランス書院,ASIN:B0FHVWFLXK
魔法少女と呼ばないで 前編,懺悔,2025-08-20, 魔法少女と呼ばないで 前編 .epub,魔法少女と呼ばないで 前編,懺悔,zh-CN,,,7e74c0fd-e8da-4d05-a2b3-171ca091fab1
魔法少女と呼ばないで 後編,懺悔,2025-08-20, 魔法少女と呼ばないで 後編 .epub,魔法少女と呼ばないで 後編,懺悔,zh-CN,,,591996d6-be50-4467-9736-0841a848f5a0
魔法少女ピュアーキッス2 ～私は〇〇のために彼氏のお兄ちゃんに抱かれる～,上田ながの,2025-08-05, 魔法少女ピュアーキッス2　～私は〇〇のために彼氏のお兄ちゃんに抱かれる～ .epub,魔法少女ピュアーキッス2 ～私は〇〇のために彼氏のお兄ちゃんに抱かれる～,上田ながの,zh-CN,,株式会社キルタイムコミュニケーション,DIG00006KTC2DN000388
魔法少女ピュアーキッス ～僕の彼女は平和のためにヤリチン兄貴に抱かれる～,上田ながの,2025-08-05, 魔法少女ピュアーキッス　～僕の彼女は平和のためにヤリチン兄貴に抱かれる～ .epub,魔法少女ピュアーキッス ～僕の彼女は平和のためにヤリチン兄貴に抱かれる～,上田ながの,zh-CN,,株式会社キルタイムコミュニケーション,B084H6677S
魔法少女ミーニャンの純愛,上田ながの,2025-11-03, 魔法少女ミーニャンの純愛 .epub,魔法少女ミーニャンの純愛,上田ながの,zh-CN,,株式会社キルタイムコミュニケーション,DIG00007KTC2DN000396
魔窟の王 淫溺妃オルゴアミーの開発日誌（ノベル） ： 1 (モンスター文庫),ネコミコズッキーニ,2025-08-20, 魔窟の王 淫溺妃オルゴアミーの開発日誌ノベル 1 モンスター文庫 .epub,魔窟の王 淫溺妃オルゴアミーの開発日誌（ノベル） ： 1 (モンスター文庫),ネコミコズッキーニ,zh-CN,,双葉社,B0CVND6M1C
魔窟の王 淫溺妃オルゴアミーの開発日誌（ノベル） ： 2,ネコミコズッキーニ,2025-10-25, 魔窟の王 淫溺妃オルゴアミーの開発日誌ノベル 2 .epub,魔窟の王 淫溺妃オルゴアミーの開発日誌（ノベル） ： 2,ネコミコズッキーニ,zh-CN,,双葉社,calibre:13
鴉双兄妹の怪奇に歪んだ日常【電子特典付き】,鳳乃　一真,2026-02-26, 鴉双兄妹の怪奇に歪んだ日常電子特典付き .epub,鴉双兄妹の怪奇に歪んだ日常【電子特典付き】,鳳乃 一真,zh-CN,,株式会社ＫＡＤＯＫＡＷＡ,urn:uuid:78217e7b-e64d-4d2f-9334-34e2bca7f682
黒ギャル子ちゃんとしっぽり温泉旅行～Hしまくり三泊四日の旅～「特別増量版」,瑞守ねおん,2025-12-23, 黒ギャル子ちゃんとしっぽり温泉旅行～Hしまくり三泊四日の旅～特別増量版 .epub,黒ギャル子ちゃんとしっぽり温泉旅行～Hしまくり三泊四日の旅～「特別増量版」,瑞守ねおん,zh-CN,,株式会社パラダイム,9784801592902
＃02_続・ツッコミ待ちの町野さん,にちょぴん,2025-10-25, 02_続ツッコミ待ちの町野さん .epub,＃02_続・ツッコミ待ちの町野さん,にちょぴん,zh-CN,,,
１／ｎのワトソン,塗田一帆,2025-11-20, １ｎのワトソン .epub,１／ｎのワトソン,塗田一帆,zh-CN,,株式会社小学館,urn:uuid:6117ac71-84da-4ca5-b4f1-11ccbc9303a3
２度目の人生はクラスで一番可愛い彼女を抱き潰す,月見ハク,2025-05-28, ２度目の人生はクラスで一番可愛い彼女を抱き潰す .epub,２度目の人生はクラスで一番可愛い彼女を抱き潰す,月見ハク,ja,,フランス書院,calibre:8
２度目の人生はクラスで一番可愛い彼女を抱き潰す２,月見ハク,2025-05-28, ２度目の人生はクラスで一番可愛い彼女を抱き潰す２ .epub,２度目の人生はクラスで一番可愛い彼女を抱き潰す２,月見ハク,ja,,フランス書院,calibre:2
ハブられルーン使いの異世界冒険譚 3 (GCN文庫),菊池政治,2025-05-19, ハブられルーン使いの異世界冒険譚 3 GCN文庫 .epub,ハブられルーン使いの異世界冒険譚 3 (GCN文庫),菊池政治,ja,,株式会社マイクロマガジン社,urn:asin:B0DK4CHX7G
ハブられルーン使いの異世界冒険譚 4 (GCN文庫),菊池政治,2025-05-19, ハブられルーン使いの異世界冒険譚 4 GCN文庫 .epub,ハブられルーン使いの異世界冒険譚 4 (GCN文庫),菊池政治,ja,,株式会社マイクロマガジン社,urn:asin:B0F3DL82Q4
２度目の人生はクラスで一番可愛い彼女を抱き潰す３,月見ハク,2025-09-20, ２度目の人生はクラスで一番可愛い彼女を抱き潰す３ .epub,２度目の人生はクラスで一番可愛い彼女を抱き潰す３,月見ハク,zh-CN,,フランス書院,calibre:11
10年に一度の大雨で学校に寝泊まりすることになった結果、彼氏持ちの幼馴染をセフレにしてしまった。,,2025-10-31,10年に一度の大雨で学校に寝泊まりすることになった結果彼氏持ちの幼馴染をセフレにしてしまった.epub,10年に一度の大雨で学校に寝泊まりすることになった結果、彼氏持ちの幼馴染をセフレにしてしまった。,未知作者,zh-CN,,,Id_D1EFCC84-4B5B-4082-A39A-5DB0403CBE18_
10年に一度の大雪で閉じ込められた結果、彼氏持ちの新卒OLな後輩とセフレ関係になってしまった。,,2025-10-31,10年に一度の大雪で閉じ込められた結果彼氏持ちの新卒OLな後輩とセフレ関係になってしまった.epub,10年に一度の大雪で閉じ込められた結果、彼氏持ちの新卒OLな後輩とセフレ関係になってしまった。,未知作者,zh-CN,,,Id_044A9E8E-8A99-4543-A4EA-9DF06C1B323D_
Fate Strange Fake 第一卷,成田良悟,2026-01-15,Fate Strange Fake 第一卷.epub,Fate Strange Fake 第一卷,成田良悟,zh,https://www.wenku8.cc/book/347.htm,电击文库,calibre:23050
Fate Strange Fake 第七卷,成田良悟,2026-01-15,Fate Strange Fake 第七卷.epub,Fate Strange Fake 第七卷,成田良悟,zh,https://www.wenku8.cc/book/347.htm,电击文库,calibre:23057
Fate Strange Fake 第三卷,成田良悟,2026-01-15,Fate Strange Fake 第三卷.epub,Fate Strange Fake 第三卷,成田良悟,zh,https://www.wenku8.cc/book/347.htm,电击文库,calibre:23052
Fate Strange Fake 第九卷,成田良悟,2026-01-15,Fate Strange Fake 第九卷.epub,Fate Strange Fake 第九卷,成田良悟,zh,https://www.wenku8.cc/book/347.htm,电击文库,calibre:23045
Fate Strange Fake 第二卷,成田良悟,2026-01-15,Fate Strange Fake 第二卷.epub,Fate Strange Fake 第二卷,成田良悟,zh,https://www.wenku8.cc/book/347.htm,电击文库,calibre:23051
Fate Strange Fake 第五卷,成田良悟,2026-01-15,Fate Strange Fake 第五卷.epub,Fate Strange Fake 第五卷,成田良悟,zh,https://www.wenku8.cc/book/347.htm,电击文库,calibre:23054
Fate Strange Fake 第八卷,成田良悟,2026-01-15,Fate Strange Fake 第八卷.epub,Fate Strange Fake 第八卷,成田良悟,zh,https://www.wenku8.cc/book/347.htm,电击文库,calibre:23056
Fate Strange Fake 第六卷,成田良悟,2026-01-15,Fate Strange Fake 第六卷.epub,Fate Strange Fake 第六卷,成田良悟,zh,https://www.wenku8.cc/book/347.htm,电击文库,calibre:23055
Fate Strange Fake 第四卷,成田良悟,2026-01-15,Fate Strange Fake 第四卷.epub,Fate Strange Fake 第四卷,成田良悟,zh,https://www.wenku8.cc/book/347.htm,电击文库,calibre:23053
GAMERS电玩咖！ 动画放送纪念推特连载短篇,葵せきな,2025-12-23,GAMERS电玩咖 动画放送纪念推特连载短篇.epub,GAMERS电玩咖！ 动画放送纪念推特连载短篇,葵せきな,zh,https:/www.wenku8.cc/book/2082.htm,富士见文库,calibre:17317
GAMERS电玩咖！ 番外 DLC,葵せきな,2025-12-23,GAMERS电玩咖 番外 DLC.epub,GAMERS电玩咖！ 番外 DLC,葵せきな,zh,https:/www.wenku8.cc/book/2082.htm,富士见文库,calibre:17323
GAMERS电玩咖！ 番外 DLC2,葵せきな,2025-12-23,GAMERS电玩咖 番外 DLC2.epub,GAMERS电玩咖！ 番外 DLC2,葵せきな,zh,https:/www.wenku8.cc/book/2082.htm,富士见文库,calibre:17330
GAMERS电玩咖！ 番外 DLC3,葵せきな,2025-12-23,GAMERS电玩咖 番外 DLC3.epub,GAMERS电玩咖！ 番外 DLC3,葵せきな,zh,https:/www.wenku8.cc/book/2082.htm,富士见文库,calibre:17332
GAMERS电玩咖！ 短篇,葵せきな,2025-12-23,GAMERS电玩咖 短篇.epub,GAMERS电玩咖！ 短篇,葵せきな,zh,https:/www.wenku8.cc/book/2082.htm,富士见文库,calibre:17333
GAMERS电玩咖！ 第一卷 雨野景太与青春的CONTINUE,葵せきな,2025-12-23,GAMERS电玩咖 第一卷 雨野景太与青春的CONTINUE.epub,GAMERS电玩咖！ 第一卷 雨野景太与青春的CONTINUE,葵せきな,zh,https:/www.wenku8.cc/book/2082.htm,富士见文库,calibre:17331
GAMERS电玩咖！ 第七卷 电玩咖与接吻DEADEND,葵せきな,2025-12-23,GAMERS电玩咖 第七卷 电玩咖与接吻DEADEND.epub,GAMERS电玩咖！ 第七卷 电玩咖与接吻DEADEND,葵せきな,zh,https:/www.wenku8.cc/book/2082.htm,富士见文库,calibre:17329
GAMERS电玩咖！ 第三卷 星之守千秋与初恋NEWGAME,葵せきな,2025-12-23,GAMERS电玩咖 第三卷 星之守千秋与初恋NEWGAME.epub,GAMERS电玩咖！ 第三卷 星之守千秋与初恋NEWGAME,葵せきな,zh,https:/www.wenku8.cc/book/2082.htm,富士见文库,calibre:17328
GAMERS电玩咖！ 第九卷 雨野景太与青春SKILLSRESET,葵せきな,2025-12-23,GAMERS电玩咖 第九卷 雨野景太与青春SKILLSRESET.epub,GAMERS电玩咖！ 第九卷 雨野景太与青春SKILLSRESET,葵せきな,zh,https:/www.wenku8.cc/book/2082.htm,富士见文库,calibre:17327
GAMERS电玩咖！ 第二卷 天道花怜与冷不防的HAPPYEND,葵せきな,2025-12-23,GAMERS电玩咖 第二卷 天道花怜与冷不防的HAPPYEND.epub,GAMERS电玩咖！ 第二卷 天道花怜与冷不防的HAPPYEND,葵せきな,zh,https:/www.wenku8.cc/book/2082.htm,富士见文库,calibre:17326
GAMERS电玩咖！ 第五卷 电玩咖与全灭GAMEOVER,葵せきな,2025-12-23,GAMERS电玩咖 第五卷 电玩咖与全灭GAMEOVER.epub,GAMERS电玩咖！ 第五卷 电玩咖与全灭GAMEOVER,葵せきな,zh,https:/www.wenku8.cc/book/2082.htm,富士见文库,calibre:17325
GAMERS电玩咖！ 第八卷 星之守心春与逆转BACKATTACK,葵せきな,2025-12-23,GAMERS电玩咖 第八卷 星之守心春与逆转BACKATTACK.epub,GAMERS电玩咖！ 第八卷 星之守心春与逆转BACKATTACK,葵せきな,zh,https:/www.wenku8.cc/book/2082.htm,富士见文库,calibre:17324
GAMERS电玩咖！ 第六卷 落单电玩咖与告白CHAINCOMBO,葵せきな,2025-12-23,GAMERS电玩咖 第六卷 落单电玩咖与告白CHAINCOMBO.epub,GAMERS电玩咖！ 第六卷 落单电玩咖与告白CHAINCOMBO,葵せきな,zh,https:/www.wenku8.cc/book/2082.htm,富士见文库,calibre:17322
GAMERS电玩咖！ 第十一卷 Gamers与初恋MultiEnd,葵せきな,2025-12-23,GAMERS电玩咖 第十一卷 Gamers与初恋MultiEnd.epub,GAMERS电玩咖！ 第十一卷 Gamers与初恋MultiEnd,葵せきな,zh,https:/www.wenku8.cc/book/2082.htm,富士见文库,calibre:17321
GAMERS电玩咖！ 第十二卷 gamers与青春continue,葵せきな,2025-12-23,GAMERS电玩咖 第十二卷 gamers与青春continue.epub,GAMERS电玩咖！ 第十二卷 gamers与青春continue,葵せきな,zh,https:/www.wenku8.cc/book/2082.htm,富士见文库,calibre:17320
GAMERS电玩咖！ 第十卷 天道花怜与措手不及的升级补丁,葵せきな,2025-12-23,GAMERS电玩咖 第十卷 天道花怜与措手不及的升级补丁.epub,GAMERS电玩咖！ 第十卷 天道花怜与措手不及的升级补丁,葵せきな,zh,https:/www.wenku8.cc/book/2082.htm,富士见文库,calibre:17319
GAMERS电玩咖！ 第四卷 亚玖璃与不自觉CRITICAL,葵せきな,2025-12-23,GAMERS电玩咖 第四卷 亚玖璃与不自觉CRITICAL.epub,GAMERS电玩咖！ 第四卷 亚玖璃与不自觉CRITICAL,葵せきな,zh,https:/www.wenku8.cc/book/2082.htm,富士见文库,calibre:17318
NO GAME NO LIFE 游戏人生-第一卷 玩家兄妹似乎要征服幻想世界了-迷糊轻小说,,2025-05-19,NO GAME NO LIFE 游戏人生-第一卷 玩家兄妹似乎要征服幻想世界了-迷糊轻小说.epub,NO GAME NO LIFE 游戏人生-第一卷 玩家兄妹似乎要征服幻想世界了-迷糊轻小说,,zh,http://www.yidm.com/article/info/1/1191.html,迷糊轻小说(www.yidm.com),http://www.yidm.com/article/info/1/1191.html
NO GAME NO LIFE 游戏人生-第七卷-迷糊轻小说,,2025-05-19,NO GAME NO LIFE 游戏人生-第七卷-迷糊轻小说.epub,NO GAME NO LIFE 游戏人生-第七卷-迷糊轻小说,,zh,http://www.yidm.com/article/info/1/1191.html,迷糊轻小说(www.yidm.com),http://www.yidm.com/article/info/1/1191.html
NO GAME NO LIFE 游戏人生-第三卷 游戏玩家兄妹的另一半似乎消失了……？-迷糊轻小说,,2025-05-19,NO GAME NO LIFE 游戏人生-第三卷 游戏玩家兄妹的另一半似乎消失了-迷糊轻小说.epub,NO GAME NO LIFE 游戏人生-第三卷 游戏玩家兄妹的另一半似乎消失了……？-迷糊轻小说,,zh,http://www.yidm.com/article/info/1/1191.html,迷糊轻小说(www.yidm.com),http://www.yidm.com/article/info/1/1191.html
NO GAME NO LIFE 游戏人生-第九卷-迷糊轻小说,,2025-05-19,NO GAME NO LIFE 游戏人生-第九卷-迷糊轻小说.epub,NO GAME NO LIFE 游戏人生-第九卷-迷糊轻小说,,zh,http://www.yidm.com/article/info/1/1191.html,迷糊轻小说(www.yidm.com),http://www.yidm.com/article/info/1/1191.html
NO GAME NO LIFE 游戏人生-第二卷-迷糊轻小说,,2025-05-19,NO GAME NO LIFE 游戏人生-第二卷-迷糊轻小说.epub,NO GAME NO LIFE 游戏人生-第二卷-迷糊轻小说,,zh,http://www.yidm.com/article/info/1/1191.html,迷糊轻小说(www.yidm.com),http://www.yidm.com/article/info/1/1191.html
NO GAME NO LIFE 游戏人生-第五卷 游戏玩家似乎讨厌继承破关纪录-迷糊轻小说,,2025-05-19,NO GAME NO LIFE 游戏人生-第五卷 游戏玩家似乎讨厌继承破关纪录-迷糊轻小说.epub,NO GAME NO LIFE 游戏人生-第五卷 游戏玩家似乎讨厌继承破关纪录-迷糊轻小说,,zh,http://www.yidm.com/article/info/1/1191.html,迷糊轻小说(www.yidm.com),http://www.yidm.com/article/info/1/1191.html
NO GAME NO LIFE 游戏人生-第八卷 游戏玩家要继承布石（神话）-迷糊轻小说,,2025-05-19,NO GAME NO LIFE 游戏人生-第八卷 游戏玩家要继承布石神话-迷糊轻小说.epub,NO GAME NO LIFE 游戏人生-第八卷 游戏玩家要继承布石（神话）-迷糊轻小说,,zh,http://www.yidm.com/article/info/1/1191.html,迷糊轻小说(www.yidm.com),http://www.yidm.com/article/info/1/1191.html
NO GAME NO LIFE 游戏人生-第六卷 听说游戏玩家夫妻向世界挑战了-迷糊轻小说,,2025-05-19,NO GAME NO LIFE 游戏人生-第六卷 听说游戏玩家夫妻向世界挑战了-迷糊轻小说.epub,NO GAME NO LIFE 游戏人生-第六卷 听说游戏玩家夫妻向世界挑战了-迷糊轻小说,,zh,http://www.yidm.com/article/info/1/1191.html,迷糊轻小说(www.yidm.com),http://www.yidm.com/article/info/1/1191.html
NO GAME NO LIFE 游戏人生-第十一卷 游戏玩家兄妹似乎必须成为情侣才能离开-迷糊轻小说,,2025-05-19,NO GAME NO LIFE 游戏人生-第十一卷 游戏玩家兄妹似乎必须成为情侣才能离开-迷糊轻小说.epub,NO GAME NO LIFE 游戏人生-第十一卷 游戏玩家兄妹似乎必须成为情侣才能离开-迷糊轻小说,,zh,http://www.yidm.com/article/info/1/1191.html,迷糊轻小说(www.yidm.com),http://www.yidm.com/article/info/1/1191.html
NO GAME NO LIFE 游戏人生-第十卷 游戏！兄妹迫不得已还债了-迷糊轻小说,,2025-05-19,NO GAME NO LIFE 游戏人生-第十卷 游戏兄妹迫不得已还债了-迷糊轻小说.epub,NO GAME NO LIFE 游戏人生-第十卷 游戏！兄妹迫不得已还债了-迷糊轻小说,,zh,http://www.yidm.com/article/info/1/1191.html,迷糊轻小说(www.yidm.com),http://www.yidm.com/article/info/1/1191.html
NO GAME NO LIFE 游戏人生-第四卷 游戏玩家兄妹遭遇现实恋爱游戏而逃之夭夭了-迷糊轻小说,,2025-05-19,NO GAME NO LIFE 游戏人生-第四卷 游戏玩家兄妹遭遇现实恋爱游戏而逃之夭夭了-迷糊轻小说.epub,NO GAME NO LIFE 游戏人生-第四卷 游戏玩家兄妹遭遇现实恋爱游戏而逃之夭夭了-迷糊轻小说,,zh,http://www.yidm.com/article/info/1/1191.html,迷糊轻小说(www.yidm.com),http://www.yidm.com/article/info/1/1191.html
NO GAME NO LIFE 遊戲人生 11 遊戲玩家兄妹似乎必須成為情侶才能離開,榎宮祐,2025-05-19,NO GAME NO LIFE 遊戲人生 11 遊戲玩家兄妹似乎必須成為情侶才能離開.epub,NO GAME NO LIFE 遊戲人生 11 遊戲玩家兄妹似乎必須成為情侶才能離開,榎宮祐,zh-TW,,東立出版社,uHkSSLHVIR7thAgNvnkSrj8
NO GAME NO LIFE 遊戲人生 12 遊戲玩家兄妹似乎要挑戰『魔王』,榎宮祐,2025-05-19,NO GAME NO LIFE 遊戲人生 12 遊戲玩家兄妹似乎要挑戰魔王.epub,NO GAME NO LIFE 遊戲人生 12 遊戲玩家兄妹似乎要挑戰『魔王』,榎宮祐,zh-CN,,KADOKAWA,urn:uuid:14ba0e87-d6cc-42e1-bf2e-4258ca20753b
TS転生美少女音虎玲子は寝取られたい_1,二本目海老天マン,2025-08-04,TS転生美少女音虎玲子は寝取られたい_1.epub,TS転生美少女音虎玲子は寝取られたい_1,二本目海老天マン,zh-CN,,,
Tier1姐妹 [第一卷 有名四姐妹没我就活不下去],纸城境介,2025-10-31,Tier1姐妹 第一卷 有名四姐妹没我就活不下去.epub,Tier1姐妹 [第一卷 有名四姐妹没我就活不下去],纸城境介,zh,,374260,https://www.bilinovel.com/novel/4441.html?fromuid=374260
Tier1姐妹 [第二卷 美少女职业玩家没有我便无法战斗],纸城境介,2025-10-31,Tier1姐妹 第二卷 美少女职业玩家没有我便无法战斗.epub,Tier1姐妹 [第二卷 美少女职业玩家没有我便无法战斗],纸城境介,zh,,374260,https://www.bilinovel.com/novel/4441.html?fromuid=374260
Unknown,Administrator,2025-10-29,Unknown.epub,Unknown,Administrator,en,,,e87978c0-0940-4f34-918d-2c2135c9d65f
Unknown,32066,2025-11-24,Unknown 1.epub,Unknown,32066,en,,,57ebffa3-3c25-4280-a041-ae43f46bd456
Unnamed Memory 無名記憶 Ⅰ 蒼月魔女與受詛咒之王,古宮九時,2025-05-19,Unnamed Memory 無名記憶 Ⅰ 蒼月魔女與受詛咒之王.epub,Unnamed Memory 無名記憶 Ⅰ 蒼月魔女與受詛咒之王,古宮九時,zh-TW,,東立出版社,urn:uuid:2d6b31db-7bb3-4b23-89ce-b653cfe1dee0
Unnamed Memory 無名記憶 Ⅵ 無名物語之終焉,古宮九時,2025-05-19,Unnamed Memory 無名記憶 Ⅵ 無名物語之終焉.epub,Unnamed Memory 無名記憶 Ⅵ 無名物語之終焉,古宮九時,zh-TW,,KADOKAWA,urn:uuid:ed3ff29b-f5f2-4b13-af5f-611d21f88867
[Title here],,2026-02-11,Title here.epub,[Title here],,en,,,urn:uuid:22e695cb-e885-4c62-9f14-ac04a582203a
[朝浦]让那个写不出小说的家伙写出来的方法,,2025-12-25,朝浦让那个写不出小说的家伙写出来的方法.epub,[朝浦]让那个写不出小说的家伙写出来的方法,,zh,轻之国度,lk,4b43243e-c50c-447e-ac22-45ef023b73b1
[物语系列][01卷]化物语（上）,西尾维新,2025-10-29,物语系列01卷化物语上.epub,[物语系列][01卷]化物语（上）,西尾维新,zh,,,ae069c6a-eec2-441a-85c0-ff10f69ae4bc
[物语系列][02卷]化物语（下）,西尾维新,2025-10-29,物语系列02卷化物语下.epub,[物语系列][02卷]化物语（下）,西尾维新,zh,,,95d9cb14-2874-468e-bb0f-c3437a7f372c
[物语系列][03卷]伤物语,西尾维新,2025-10-29,物语系列03卷伤物语.epub,[物语系列][03卷]伤物语,西尾维新,zh,,,506fd282-8379-43bc-81a4-1e84134c72e0
[物语系列][04卷]伪物语（上）,西尾维新,2025-10-29,物语系列04卷伪物语上.epub,[物语系列][04卷]伪物语（上）,西尾维新,zh,,,f544d744-6645-4c37-be19-84ce6eb37f64
[物语系列][05卷]伪物语（下）,西尾维新,2025-10-29,物语系列05卷伪物语下.epub,[物语系列][05卷]伪物语（下）,西尾维新,zh,,,714046f1-7921-42b9-8b26-72c222fba7ff
[物语系列][06卷]猫物语（黑）,西尾维新,2025-10-29,物语系列06卷猫物语黑.epub,[物语系列][06卷]猫物语（黑）,西尾维新,zh,,,d90ffe64-f01a-4548-8b8d-dfb7fd3871d9
[物语系列][07卷]猫物语（白）,西尾维新,2025-10-29,物语系列07卷猫物语白.epub,[物语系列][07卷]猫物语（白）,西尾维新,zh,,,7e1659d0-cbc6-4d45-992b-64fc83e50459
[物语系列][08卷]倾物语,西尾维新,2025-10-29,物语系列08卷倾物语.epub,[物语系列][08卷]倾物语,西尾维新,zh,,,a6616e0b-6c6a-4793-95a1-c4c1f42c8815
[物语系列][09卷]花物语,西尾维新,2025-10-29,物语系列09卷花物语.epub,[物语系列][09卷]花物语,西尾维新,zh,,,792c7c0d-36a2-4530-a876-bd605e9fe97d
[物语系列][10卷]囮物语,西尾维新,2025-10-29,物语系列10卷囮物语.epub,[物语系列][10卷]囮物语,西尾维新,zh,,,82bf5c43-39ea-489b-aba5-dfc558af1aff
[物语系列][11卷]鬼物语,西尾维新,2025-10-29,物语系列11卷鬼物语.epub,[物语系列][11卷]鬼物语,西尾维新,zh,,,a379645f-e130-403c-9f90-fa686a036787
[物语系列][12卷]恋物语,西尾维新,2025-10-29,物语系列12卷恋物语.epub,[物语系列][12卷]恋物语,西尾维新,zh,,,07f72c6f-4c58-47a8-b678-22ccf7f2b73a
[物语系列][13卷]凭物语,西尾维新,2025-10-29,物语系列13卷凭物语.epub,[物语系列][13卷]凭物语,西尾维新,zh,,,2996717d-aac6-45d2-8f79-a07586f4c6b6
[物语系列][14卷]历物语,西尾维新,2025-10-29,物语系列14卷历物语.epub,[物语系列][14卷]历物语,西尾维新,zh,,,2ce2e2f6-3c63-48f3-a04d-57178ab8a210
[物语系列][15卷]终物语（上）,西尾维新,2025-10-29,物语系列15卷终物语上.epub,[物语系列][15卷]终物语（上）,西尾维新,zh,,,3e6260e3-e71e-4c01-ba76-ef8284a52edb
[物语系列][16卷]终物语（中）,西尾维新,2025-10-29,物语系列16卷终物语中.epub,[物语系列][16卷]终物语（中）,西尾维新,zh,,,8a90d31f-2ca5-4ab8-88ca-91761a525cc7
[物语系列][17卷]终物语（下）,西尾维新,2025-10-29,物语系列17卷终物语下.epub,[物语系列][17卷]终物语（下）,西尾维新,zh,,,43e53a69-04db-4c07-b5ea-7a1ae082a78a
[物语系列][18卷]续终物语,西尾维新,2025-10-29,物语系列18卷续终物语.epub,[物语系列][18卷]续终物语,西尾维新,zh,,,3b240ada-7621-4576-9ba7-cfa40d13eb76
[物语系列][19卷]愚物语,西尾维新,2025-10-29,物语系列19卷愚物语.epub,[物语系列][19卷]愚物语,西尾维新,zh,,,5572b0b4-cca4-4632-81b2-057c1abb4078
[物语系列][20卷]业物语,西尾维新,2025-10-29,物语系列20卷业物语.epub,[物语系列][20卷]业物语,西尾维新,zh,,,7dee682c-af02-4c75-9ecc-54ce800fe374
[物语系列][21卷]抚物语,西尾维新,2025-10-29,物语系列21卷抚物语.epub,[物语系列][21卷]抚物语,西尾维新,zh,,,b5e29094-982a-4b26-96f4-25b390f15452
[物语系列][22卷]结物语,西尾维新,2025-10-29,物语系列22卷结物语.epub,[物语系列][22卷]结物语,西尾维新,zh,,,3e3b59f4-e02b-49a2-bd02-b81023c70f03
[物语系列][23卷]忍物语,西尾维新,2025-10-29,物语系列23卷忍物语.epub,[物语系列][23卷]忍物语,西尾维新,zh,,,urn:uuid:5208e6bb-5d25-45b0-a7fd-b97d79a85fd4
[物语系列][24卷]宵物语,西尾维新,2025-10-29,物语系列24卷宵物语.epub,[物语系列][24卷]宵物语,西尾维新,zh,http://www.yidm.com/article/info/2/2245.html,,http://www.yidm.com/article/info/2/2245.html
[物语系列][25卷]余物语,西尾维新,2025-10-29,物语系列25卷余物语.epub,[物语系列][25卷]余物语,西尾维新,zh,http://www.yidm.com/article/info/2/2245.html,,http://www.yidm.com/article/info/2/2245.html
[物语系列][26卷]扇物语,西尾维新,2025-10-29,物语系列26卷扇物语.epub,[物语系列][26卷]扇物语,西尾维新,zh,http://www.yidm.com/article/info/2/2245.html,,http://www.yidm.com/article/info/2/2245.html
[物语系列][27卷]死物语（上）,西尾維新,2025-10-29,物语系列27卷死物语上.epub,[物语系列][27卷]死物语（上）,西尾維新,zh,,,mobi-asin:B09BQSHMLT
[物语系列][28卷]死物语（下）,西尾維新,2025-10-29,物语系列28卷死物语下.epub,[物语系列][28卷]死物语（下）,西尾維新,zh,,,mobi-asin:B09BQRSWQ1
[物语系列][29卷]战物语,西尾維新,2025-10-29,物语系列29卷战物语.epub,[物语系列][29卷]战物语,西尾維新,zh,,,48c67105-827b-4bf4-8588-ad62fb169136
[物语系列][30卷]短物语,西尾維新,2025-10-29,物语系列30卷短物语.epub,[物语系列][30卷]短物语,西尾維新,zh,,,2586e5f7-ad86-4da6-82b3-f1da003061ca
[物语系列]佰物语,西尾维新,2025-10-29,物语系列佰物语.epub,[物语系列]佰物语,西尾维新,zh-CN,http://www.cnepub.com,,86879bae-7dce-4662-acec-0552b57482b2
[物语系列]混物语,西尾维新,2025-10-29,物语系列混物语.epub,[物语系列]混物语,西尾维新,zh,http://www.yidm.com/article/info/2/2245.html,,http://www.yidm.com/article/info/2/2245.html
[物语系列]短篇集,西尾维新,2025-10-29,物语系列短篇集.epub,[物语系列]短篇集,西尾维新,zh,,,urn:uuid:e01cf8e9-226a-4d89-9117-d2e2dc48158c
[葵关南].玩乐关系 03,葵关南,2026-03-20,葵关南玩乐关系 03.epub,[葵关南].玩乐关系 03,葵关南,zh-CN,,,urn:uuid:e1559096-0ea8-4562-b45b-245f2b8f494b
[葵关南].玩乐关系 03,葵关南,2026-03-20,葵关南玩乐关系 03.epub,[葵关南].玩乐关系 03,葵关南,zh-CN,,,urn:uuid:e1559096-0ea8-4562-b45b-245f2b8f494b
[西 条陽] 我，当备胎女友就可以。 第5卷,西 条陽 （sillo 译）校、图,2025-05-19,西 条陽 我当备胎女友就可以 第5卷.epub,[西 条陽] 我，当备胎女友就可以。 第5卷,西 条陽 （sillo 译）校、图,zh-CN,http://www.cnepub.com,epub掌上书苑,
ban2-8,たかた,2025-10-04,ban2-8.epub,ban2-8,たかた,zh-CN,,株式会社ＫＡＤＯＫＡＷＡ,B0FRFH8L4L
book-20250711231231,,2025-10-04,book-20250711231231.epub,book-20250711231231,未知作者,zh-CN,,,Id_044A9E8E-8A99-4543-A4EA-9DF06C1B323D_
book-20250712001128,,2025-10-04,book-20250712001128.epub,book-20250712001128,未知作者,zh-CN,,,Id_D1EFCC84-4B5B-4082-A39A-5DB0403CBE18_
untitled,ショーン田中,2025-05-19,untitled.epub,untitled,ショーン田中,zh,http://www.cnepub.com,epub掌上书苑,urn:uuid:910dc592-2e9c-45ed-bd44-c434d44d5727
δ和γ的理学部笔记 [第三卷 和你一同，构建最终的逻辑。],逆井卓马,2026-02-23,δ和γ的理学部笔记 第三卷 和你一同构建最终的逻辑.epub,δ和γ的理学部笔记 [第三卷 和你一同，构建最终的逻辑。],逆井卓马,zh,,374260,https://www.bilinovel.com/novel/4629.html?fromuid=374260
δ和γ的理学部笔记 [第二卷 这场青春，并没有另一个解。],逆井卓马,2025-11-26,δ和γ的理学部笔记 第二卷 这场青春并没有另一个解.epub,δ和γ的理学部笔记 [第二卷 这场青春，并没有另一个解。],逆井卓马,zh,,374260,https://www.bilinovel.com/novel/4629.html?fromuid=374260
【完结】无限回归者讲述故事,Shin Noah(신노아),2025-10-08,完结无限回归者讲述故事.epub,【完结】无限回归者讲述故事,Shin Noah(신노아),zh,https://www.esjzone.one/detail/1742794290.html,,urn:uuid:7baf6b49-8bcf-4ec6-ae96-e89e2ada3ca0
あまらぶＬＯＶＥ！ ツンな彼女と恋のステップ,愛内なの,2025-08-12,あまらぶＬＯＶＥ ツンな彼女と恋のステップ.epub,あまらぶＬＯＶＥ！ ツンな彼女と恋のステップ,愛内なの,zh-CN,,株式会社パラダイム,calibre:304
お兄ちゃんのこと、好き好き大好き好き好き,水無瀬さんご,2025-07-03,お兄ちゃんのこと好き好き大好き好き好き.epub,お兄ちゃんのこと、好き好き大好き好き好き,水無瀬さんご,zh-CN,,フランス書院,urn:uuid:b47b6e18-b778-49a6-a084-fcead6d9f6c9
こちら、終末停滞委員会。６【電子特別版】,逢縁奇演,2026-07-11,こちら終末停滞委員会６電子特別版.epub,こちら、終末停滞委員会。６【電子特別版】,逢縁奇演,zh-CN,,株式会社ＫＡＤＯＫＡＷＡ,04952304A25522300000
たかがアイドル！ ～されど、やっぱり顔はいい～,西　条陽,2026-05-09,たかがアイドル　～されどやっぱり顔はいい～.epub,たかがアイドル！ ～されど、やっぱり顔はいい～,西 条陽,zh-CN,,株式会社ＫＡＤＯＫＡＷＡ,urn:uuid:7e20f4a1-842a-4f92-abbf-a26e924e4823
たぶん、彼女は人を殺せる【電子特典付き】,丸深　まろやか,2026-05-09,たぶん彼女は人を殺せる電子特典付き.epub,たぶん、彼女は人を殺せる【電子特典付き】,丸深 まろやか,zh-CN,,株式会社ＫＡＤＯＫＡＷＡ,urn:uuid:871fb7e9-50b1-4b53-8d53-cb38004edaad
どうか俺を放っておいてくれ３ なぜかぼっちの終わった高校生活を彼女が変えようとしてくる (GA文庫),相崎 壁際,2025-11-10,どうか俺を放っておいてくれ３ なぜかぼっちの終わった高校生活を彼女が変えようとしてくる GA文庫.epub,どうか俺を放っておいてくれ３ なぜかぼっちの終わった高校生活を彼女が変えようとしてくる (GA文庫),相崎 壁際,zh-CN,,SBクリエイティブ株式会社,4cf9c51c-88b1-4d09-bde4-00bcd77007b9
ほうかごがかり６ あかね小学校(電撃文庫),甲田学人,2025-12-12,ほうかごがかり６ あかね小学校電撃文庫.epub,ほうかごがかり６ あかね小学校(電撃文庫),甲田学人,zh-CN,,KADOKAWA,9962d693-43ec-4237-9db7-39bc765835e2
ぼくのことバカにしていた後輩ギャルたちがハーレム全裸土下座した文化祭メモリアルパック (フランス書院eブックス),ＸＰＪｂｏｘ,2025-07-10,ぼくのことバカにしていた後輩ギャルたちがハーレム全裸土下座した文化祭メモリアルパック フランス書院eブックス.epub,ぼくのことバカにしていた後輩ギャルたちがハーレム全裸土下座した文化祭メモリアルパック (フランス書院eブックス),ＸＰＪｂｏｘ,zh-CN,,フランス書院,B0F11Y3JLN
また殺されてしまったのですね、探偵様５ 【電子特典付き】,てにをは,2025-11-30,また殺されてしまったのですね探偵様５ 電子特典付き.epub,また殺されてしまったのですね、探偵様５ 【電子特典付き】,てにをは,zh-CN,,株式会社ＫＡＤＯＫＡＷＡ,calibre:1368
もっと！ 孕ませ！ 炎のおっぱい異世界超エロサキュバス学園！「特別増量版」,川原圭人,2025-09-22,もっと 孕ませ 炎のおっぱい異世界超エロサキュバス学園特別増量版.epub,もっと！ 孕ませ！ 炎のおっぱい異世界超エロサキュバス学園！「特別増量版」,川原圭人,zh-CN,,株式会社パラダイム,xxxx-xxxx
わたし、二番目の彼女でいいから。９【電子豪華版】,西　条陽,2026-05-09,わたし二番目の彼女でいいから９電子豪華版.epub,わたし、二番目の彼女でいいから。９【電子豪華版】,西 条陽,zh-CN,,株式会社ＫＡＤＯＫＡＷＡ,04915915A19084700000
エッチできるＶＲＭＭＯで性奴隷にした美少女たちがリアルでも知り合いだった件,ソルティ,2025-05-19,エッチできるＶＲＭＭＯで性奴隷にした美少女たちがリアルでも知り合いだった件.epub,エッチできるＶＲＭＭＯで性奴隷にした美少女たちがリアルでも知り合いだった件,ソルティ,ja,,フランス書院,urn:uuid:896a9454-c29b-de37-4d09-29bb1e5f3a14
エッチできるＶＲＭＭＯで性奴隷にした美少女たちがリアルでも知り合いだった件【修学旅行でゲーム＆リアルハーレム】,ソルティ,2025-05-19,エッチできるＶＲＭＭＯで性奴隷にした美少女たちがリアルでも知り合いだった件修学旅行でゲームリアルハーレム.epub,エッチできるＶＲＭＭＯで性奴隷にした美少女たちがリアルでも知り合いだった件【修学旅行でゲーム＆リアルハーレム】,ソルティ,ja,,フランス書院,urn:uuid:c993c057-f145-2cff-02c3-a5df4965463b
エッチできるＶＲＭＭＯで性奴隷にした美少女たちがリアルでも知り合いだった件【性なる夜の種付けハーレムエッチ】,ソルティ,2025-05-19,エッチできるＶＲＭＭＯで性奴隷にした美少女たちがリアルでも知り合いだった件性なる夜の種付けハーレムエッチ.epub,エッチできるＶＲＭＭＯで性奴隷にした美少女たちがリアルでも知り合いだった件【性なる夜の種付けハーレムエッチ】,ソルティ,ja,,フランス書院,urn:uuid:04993a26-c287-bc02-0be0-5f288309d110
エッチできるＶＲＭＭＯで性奴隷にした美少女たちがリアルでも知り合いだった件【性奴隷たちと夢のリアルハーレム】,ソルティ,2025-05-19,エッチできるＶＲＭＭＯで性奴隷にした美少女たちがリアルでも知り合いだった件性奴隷たちと夢のリアルハーレム.epub,エッチできるＶＲＭＭＯで性奴隷にした美少女たちがリアルでも知り合いだった件【性奴隷たちと夢のリアルハーレム】,ソルティ,ja,,フランス書院,urn:uuid:afa3e342-77b7-2b2b-d7e8-3a66d4110b4a
エッチできるＶＲＭＭＯで性奴隷にした美少女たちがリアルでも知り合いだった件【淫魔姫と初イベント】,ソルティ,2025-05-19,エッチできるＶＲＭＭＯで性奴隷にした美少女たちがリアルでも知り合いだった件淫魔姫と初イベント.epub,エッチできるＶＲＭＭＯで性奴隷にした美少女たちがリアルでも知り合いだった件【淫魔姫と初イベント】,ソルティ,ja,,フランス書院,urn:uuid:a21dc8be-ac74-56be-f6b3-d15b5fcbb999
エッチできるＶＲＭＭＯで性奴隷にした美少女たちがリアルでも知り合いだった件【祝！ 修学旅行でハーレム完成】,ソルティ,2025-05-19,エッチできるＶＲＭＭＯで性奴隷にした美少女たちがリアルでも知り合いだった件祝　修学旅行でハーレム完成.epub,エッチできるＶＲＭＭＯで性奴隷にした美少女たちがリアルでも知り合いだった件【祝！ 修学旅行でハーレム完成】,ソルティ,ja,,フランス書院,urn:uuid:9f4c9c77-1cd6-462b-91b8-2ba2053527e3
エロゲのヒロインを淫魔スキルで支配する【電子特別版】,千月さかき,2026-07-04,エロゲのヒロインを淫魔スキルで支配する電子特別版.epub,エロゲのヒロインを淫魔スキルで支配する【電子特別版】,千月さかき,zh-CN,,株式会社ＫＡＤＯＫＡＷＡ,04117505A25447000000
エロゲの伯爵令嬢を奉仕メイド堕ちさせる悪役御曹司に転生した俺はざまぁを回避する2 その結果、隣国の皇女がバニーガール姿で毎日慰安に来るのだが……,東夷,2025-07-19,エロゲの伯爵令嬢を奉仕メイド堕ちさせる悪役御曹司に転生した俺はざまぁを回避する2　その結果隣国の皇女がバニーガール姿で毎日慰安に来るのだが.epub,エロゲの伯爵令嬢を奉仕メイド堕ちさせる悪役御曹司に転生した俺はざまぁを回避する2 その結果、隣国の皇女がバニーガール姿で毎日慰安に来るのだが……,東夷,zh-CN,,株式会社ＫＡＤＯＫＡＷＡ,04076019A22198100000
オーク英雄物語７ 忖度列伝,理不尽な孫の手,2025-06-24,オーク英雄物語７　忖度列伝.epub,オーク英雄物語７ 忖度列伝,理不尽な孫の手,zh-CN,,KADOKAWA,book-downloader: 822979_007
キャッスルプリズナー 雌将校隷属調教 (二次元ドリームノベルズ),夜士郎,2025-05-19,キャッスルプリズナー 雌将校隷属調教 二次元ドリームノベルズ.epub,キャッスルプリズナー 雌将校隷属調教 (二次元ドリームノベルズ),夜士郎,ja,,株式会社キルタイムコミュニケーション,3b7e10f2-bdd0-413a-9145-8aaf0aa36291
ギャルゲー世界にニューゲームしたら、ヒロイン全員攻略された記憶があって修羅場です……,ひつじ,2025-06-10,ギャルゲー世界にニューゲームしたらヒロイン全員攻略された記憶があって修羅場です.epub,ギャルゲー世界にニューゲームしたら、ヒロイン全員攻略された記憶があって修羅場です……,ひつじ,zh-CN,,株式会社ＫＡＤＯＫＡＷＡ,04915557A16519800000
ギャルゲー世界にニューゲームしたら、ヒロイン全員攻略された記憶があって修羅場です……,ひつじ,2025-12-23,ギャルゲー世界にニューゲームしたらヒロイン全員攻略された記憶があって修羅場です 1.epub,ギャルゲー世界にニューゲームしたら、ヒロイン全員攻略された記憶があって修羅場です……,ひつじ,zh-CN,,株式会社ＫＡＤＯＫＡＷＡ,04915557A16519800000
クラス転移で俺だけ〇〇が過酷な強制ハーレム異世界ダンジョン 1,右近衛将監,2025-09-15,クラス転移で俺だけ〇〇が過酷な強制ハーレム異世界ダンジョン 1.epub,クラス転移で俺だけ〇〇が過酷な強制ハーレム異世界ダンジョン 1,右近衛将監,zh-CN,,株式会社ＫＡＤＯＫＡＷＡ,
クラス転移で俺だけ〇〇が過酷な強制ハーレム異世界ダンジョン 2,右近衛将監,2025-09-15,クラス転移で俺だけ〇〇が過酷な強制ハーレム異世界ダンジョン 2.epub,クラス転移で俺だけ〇〇が過酷な強制ハーレム異世界ダンジョン 2,右近衛将監,zh-CN,,株式会社ＫＡＤＯＫＡＷＡ,
サンバカ!!!,助六　稲荷,2025-05-19,サンバカ.epub,サンバカ!!!,助六 稲荷,ja,,株式会社ＫＡＤＯＫＡＷＡ,urn:uuid:f436b333-d55d-44ea-9418-63224d3a6f9c
シスターと触手 ２ 邪眼の聖女と不適切な魔女,川岸殴魚,2025-05-19,シスターと触手　２　邪眼の聖女と不適切な魔女.epub,シスターと触手 ２ 邪眼の聖女と不適切な魔女,川岸殴魚,ja,,株式会社小学館,urn:uuid:1f07160b-43d4-4501-b9ac-899aa5aed530
スパイ教室13 《燎火》のクラウス,竹町,2025-11-24,スパイ教室13　燎火のクラウス.epub,スパイ教室13 《燎火》のクラウス,竹町,zh-CN,,株式会社ＫＡＤＯＫＡＷＡ,calibre:600
スパイ教室14 《夢幻劇》のティア (富士見ファンタジア文庫),竹町,2025-11-24,スパイ教室14 夢幻劇のティア 富士見ファンタジア文庫.epub,スパイ教室14 《夢幻劇》のティア (富士見ファンタジア文庫),竹町,zh-CN,,株式会社ＫＡＤＯＫＡＷＡ,161a2688-1191-4bc7-a268-1d4d8a189a4b
ダンジョンに出会いを求めるのは間違っているだろうか外伝 ソード・オラトリア１６ (GA文庫),大森 藤ノ,2025-10-11,ダンジョンに出会いを求めるのは間違っているだろうか外伝 ソードオラトリア１６ GA文庫.epub,ダンジョンに出会いを求めるのは間違っているだろうか外伝 ソード・オラトリア１６ (GA文庫),大森 藤ノ,zh-CN,,SBクリエイティブ株式会社,ASIN:B0FB36BV3M
ド屑２,五月 什一,2025-11-30,ド屑２.epub,ド屑２,五月 什一,zh-CN,,株式会社ＫＡＤＯＫＡＷＡ,B0DCMPB9QC
ハズレ枠の【状態異常スキル】で最強になった俺がすべてを蹂躙するまで 13,篠崎 芳,2025-05-19,ハズレ枠の状態異常スキルで最強になった俺がすべてを蹂躙するまで 13.epub,ハズレ枠の【状態異常スキル】で最強になった俺がすべてを蹂躙するまで 13,篠崎 芳,ja,,株式会社オーバーラップ,urn:uuid:2c66a922-aac4-4f19-b731-aca472492291
ハズレ枠の【状態異常スキル】で最強になった俺がすべてを蹂躙するまで 13,篠崎 芳,2025-07-08,ハズレ枠の状態異常スキルで最強になった俺がすべてを蹂躙するまで 13 1.epub,ハズレ枠の【状態異常スキル】で最強になった俺がすべてを蹂躙するまで 13,篠崎 芳,zh-CN,,株式会社オーバーラップ,urn:uuid:2c66a922-aac4-4f19-b731-aca472492291
ハブられルーン使いの異世界冒険譚 5,黄金の黒山羊,2025-12-23,ハブられルーン使いの異世界冒険譚 5.epub,ハブられルーン使いの異世界冒険譚 5,黄金の黒山羊,zh-CN,,株式会社マイクロマガジン社,urn:isbn:9784867168837
パジャマのきみと、教室で青春を,山賀 塩太郎,2025-10-04,パジャマのきみと教室で青春を 1.epub,パジャマのきみと、教室で青春を,山賀 塩太郎,zh-CN,,株式会社ＫＡＤＯＫＡＷＡ,calibre:551
ボッチの僕でも、クズのヤリチンになれるってホントですか？ 美人女子大生を混浴温泉で寝取っちゃえ！,黄金の黒山羊,2025-09-01,ボッチの僕でもクズのヤリチンになれるってホントですか 美人女子大生を混浴温泉で寝取っちゃえ.epub,ボッチの僕でも、クズのヤリチンになれるってホントですか？ 美人女子大生を混浴温泉で寝取っちゃえ！,黄金の黒山羊,zh-CN,,フランス書院,mobi-asin:B0F1XFVMCX
一周目女主记得调教记忆,사워크림,2026-03-07,一周目女主记得调教记忆.epub,一周目女主记得调教记忆,사워크림,zh,,NovelSite,urn:uuid:42b83e96-d06c-4a6f-b807-d8ffc50b6142
一般人の俺を芸能科女子達が逃がしてくれない件。,膳所々,2025-10-08,一般人の俺を芸能科女子達が逃がしてくれない件.epub,一般人の俺を芸能科女子達が逃がしてくれない件。,膳所々,zh-CN,,株式会社ＫＡＤＯＫＡＷＡ,04115986A20926200000
三角的距离无限趋近零 短篇,岬鷺宮,2025-10-31,三角的距离无限趋近零 短篇.epub,三角的距离无限趋近零 短篇,岬鷺宮,zh,https://www.wenku8.cc/book/2510.htm,电击文库,calibre:18870
三角的距离无限趋近零 第一卷,岬鷺宮,2025-10-31,三角的距离无限趋近零 第一卷.epub,三角的距离无限趋近零 第一卷,岬鷺宮,zh,https://www.wenku8.cc/book/2510.htm,电击文库,calibre:18867
三角的距离无限趋近零 第七卷,岬鷺宮,2025-10-31,三角的距离无限趋近零 第七卷.epub,三角的距离无限趋近零 第七卷,岬鷺宮,zh,https://www.wenku8.cc/book/2510.htm,电击文库,calibre:18875
三角的距离无限趋近零 第三卷,岬鷺宮,2025-10-31,三角的距离无限趋近零 第三卷.epub,三角的距离无限趋近零 第三卷,岬鷺宮,zh,https://www.wenku8.cc/book/2510.htm,电击文库,calibre:18869
三角的距离无限趋近零 第九卷 AfterStory,岬鷺宮,2025-10-31,三角的距离无限趋近零 第九卷 AfterStory.epub,三角的距离无限趋近零 第九卷 AfterStory,岬鷺宮,zh,https://www.wenku8.cc/book/2510.htm,电击文库,calibre:18866
三角的距离无限趋近零 第二卷,岬鷺宮,2025-10-31,三角的距离无限趋近零 第二卷.epub,三角的距离无限趋近零 第二卷,岬鷺宮,zh,https://www.wenku8.cc/book/2510.htm,电击文库,calibre:18868
三角的距离无限趋近零 第五卷,岬鷺宮,2025-10-31,三角的距离无限趋近零 第五卷.epub,三角的距离无限趋近零 第五卷,岬鷺宮,zh,https://www.wenku8.cc/book/2510.htm,电击文库,calibre:18872
三角的距离无限趋近零 第八卷,岬鷺宮,2025-10-31,三角的距离无限趋近零 第八卷.epub,三角的距离无限趋近零 第八卷,岬鷺宮,zh,https://www.wenku8.cc/book/2510.htm,电击文库,calibre:18874
三角的距离无限趋近零 第六卷,岬鷺宮,2025-10-31,三角的距离无限趋近零 第六卷.epub,三角的距离无限趋近零 第六卷,岬鷺宮,zh,https://www.wenku8.cc/book/2510.htm,电击文库,calibre:18873
三角的距离无限趋近零 第四卷,岬鷺宮,2025-10-31,三角的距离无限趋近零 第四卷.epub,三角的距离无限趋近零 第四卷,岬鷺宮,zh,https://www.wenku8.cc/book/2510.htm,电击文库,calibre:18871
下班回家，单身美女上司对我有事相求 [第三卷],望公太,2025-08-11,下班回家单身美女上司对我有事相求 第三卷.epub,下班回家，单身美女上司对我有事相求 [第三卷],望公太,zh,,374260,https://www.bilinovel.com/novel/3703.html?fromuid=374260
下班回家，单身美女上司对我有事相求。 1,望公太,2025-08-11,下班回家单身美女上司对我有事相求 1.epub,下班回家，单身美女上司对我有事相求。 1,望公太,zh,,,urn:uuid:5208e6bb-5d25-45b0-a7fd-b97d79a85fd4
下班回家，单身美女上司对我有事相求。 2,望公太,2025-08-11,下班回家单身美女上司对我有事相求 2.epub,下班回家，单身美女上司对我有事相求。 2,望公太,zh,,,urn:uuid:5208e6bb-5d25-45b0-a7fd-b97d79a85fd4
不时轻声地以俄语遮羞的邻座艾莉同学 第九卷,燦々SUN,2025-11-09,不时轻声地以俄语遮羞的邻座艾莉同学 第九卷.epub,不时轻声地以俄语遮羞的邻座艾莉同学 第九卷,燦々SUN,zh,https://www.wenku8.cc/book/2930.htm,角川文库,calibre:23621
不时轻声地以俄语遮羞的邻座艾莉同学 第十卷,燦々SUN,2025-11-09,不时轻声地以俄语遮羞的邻座艾莉同学 第十卷.epub,不时轻声地以俄语遮羞的邻座艾莉同学 第十卷,燦々SUN,zh,https://www.wenku8.cc/book/2930.htm,角川文库,calibre:1467
不时轻声地以俄语遮羞的邻座艾莉同学-第四卷-迷糊轻小说,,2025-11-09,不时轻声地以俄语遮羞的邻座艾莉同学-第四卷-迷糊轻小说.epub,不时轻声地以俄语遮羞的邻座艾莉同学-第四卷-迷糊轻小说,,zh,http://www.yidm.com/article/info/2/2954.html,迷糊轻小说(www.yidm.com),http://www.yidm.com/article/info/2/2954.html
不時輕聲地以俄語遮羞的鄰座艾莉同學 4.5 Summer Stories,燦燦SUN,2025-11-09,不時輕聲地以俄語遮羞的鄰座艾莉同學 45 Summer Stories.epub,不時輕聲地以俄語遮羞的鄰座艾莉同學 4.5 Summer Stories,燦燦SUN,zh-TW,天使動漫錄入組,台灣角川,calibre:2282
不時輕聲地以俄語遮羞的鄰座艾莉同學 5,燦燦SUN,2025-11-09,不時輕聲地以俄語遮羞的鄰座艾莉同學 5.epub,不時輕聲地以俄語遮羞的鄰座艾莉同學 5,燦燦SUN,zh-TW,https://www.wenku8.cc/book/2930.htm,台灣角川,calibre:2752
不時輕聲地以俄語遮羞的鄰座艾莉同學 6,燦燦SUN,2025-11-09,不時輕聲地以俄語遮羞的鄰座艾莉同學 6.epub,不時輕聲地以俄語遮羞的鄰座艾莉同學 6,燦燦SUN,zh-TW,https://www.wenku8.cc/book/2930.htm,角川文庫,calibre:2753
不時輕聲地以俄語遮羞的鄰座艾莉同學 7,燦燦SUN,2025-11-09,不時輕聲地以俄語遮羞的鄰座艾莉同學 7.epub,不時輕聲地以俄語遮羞的鄰座艾莉同學 7,燦燦SUN,zh,,角川文庫,calibre:2750
不炫耀异能的她们更加可爱 第一卷,榛名千紘,2025-12-23,不炫耀异能的她们更加可爱 第一卷.epub,不炫耀异能的她们更加可爱 第一卷,榛名千紘,zh,https://www.wenku8.net/book/3791.htm,电击文库,calibre:22140
与高中时期的傲慢女王大人同居的生活意外还不赖 第一卷,ミソネタ・ドザえもん,2025-11-24,与高中时期的傲慢女王大人同居的生活意外还不赖 第一卷.epub,与高中时期的傲慢女王大人同居的生活意外还不赖 第一卷,ミソネタ・ドザえもん,zh,https://www.wenku8.cc/book/3884.htm,集英社,calibre:810
为了女儿，我说不定连魔王都能干掉 1,CHIROLU,2025-05-19,为了女儿我说不定连魔王都能干掉 1.epub,为了女儿，我说不定连魔王都能干掉 1,CHIROLU,zh-TW,轻之国度,,urn:uuid:63adf839-bed4-41a5-9b05-76f5defd5688
为了女儿，我说不定连魔王都能干掉 2,CHIROLU,2025-05-19,为了女儿我说不定连魔王都能干掉 2.epub,为了女儿，我说不定连魔王都能干掉 2,CHIROLU,zh-TW,轻之国度,,urn:uuid:63adf839-bed4-41a5-9b05-76f5defd5688
为了女儿，我说不定连魔王都能干掉 [白金妖精姬与恋爱插话集],CHIROLU,2025-05-19,为了女儿我说不定连魔王都能干掉 白金妖精姬与恋爱插话集.epub,为了女儿，我说不定连魔王都能干掉 [白金妖精姬与恋爱插话集],CHIROLU,zh,,374260,https://www.bilinovel.com/novel/2352.html?fromuid=374260
为了女儿，我说不定连魔王都能干掉。 3,CHIROLU,2025-05-19,为了女儿我说不定连魔王都能干掉 3.epub,为了女儿，我说不定连魔王都能干掉。 3,CHIROLU,zh-TW,轻之国度,,urn:uuid:63adf839-bed4-41a5-9b05-76f5defd5688
为了女儿，我说不定连魔王都能干掉。 4,CHIROLU,2025-05-19,为了女儿我说不定连魔王都能干掉 4.epub,为了女儿，我说不定连魔王都能干掉。 4,CHIROLU,zh-TW,轻之国度,,urn:uuid:63adf839-bed4-41a5-9b05-76f5defd5688
为了女儿，我说不定连魔王都能干掉。 5,CHIROLU,2025-05-19,为了女儿我说不定连魔王都能干掉 5.epub,为了女儿，我说不定连魔王都能干掉。 5,CHIROLU,zh-TW,TSDM,,urn:uuid:63adf839-bed4-41a5-9b05-76f5defd5688
为了女儿，我说不定连魔王都能干掉。 6,CHIROLU,2025-05-19,为了女儿我说不定连魔王都能干掉 6.epub,为了女儿，我说不定连魔王都能干掉。 6,CHIROLU,zh-TW,TSDM,,urn:uuid:63adf839-bed4-41a5-9b05-76f5defd5688
为了女儿，我说不定连魔王都能干掉。 7,CHIROLU,2025-05-19,为了女儿我说不定连魔王都能干掉 7.epub,为了女儿，我说不定连魔王都能干掉。 7,CHIROLU,zh-TW,轻之国度,,urn:uuid:63adf839-bed4-41a5-9b05-76f5defd5688
为了女儿，我说不定连魔王都能干掉。 8,CHIROLU,2025-05-19,为了女儿我说不定连魔王都能干掉 8.epub,为了女儿，我说不定连魔王都能干掉。 8,CHIROLU,zh-CN,轻之国度,,urn:uuid:63adf839-bed4-41a5-9b05-76f5defd5688
为了女儿，我说不定连魔王都能干掉。 9,CHIROLU,2025-05-19,为了女儿我说不定连魔王都能干掉 9.epub,为了女儿，我说不定连魔王都能干掉。 9,CHIROLU,zh-CN,轻之国度,,urn:uuid:63adf839-bed4-41a5-9b05-76f5defd5688
主人公の幼馴染が、脇役の俺にグイグイくる２ (電撃文庫),駱駝,2025-05-19,主人公の幼馴染が脇役の俺にグイグイくる２ 電撃文庫.epub,主人公の幼馴染が、脇役の俺にグイグイくる２ (電撃文庫),駱駝,ja,,株式会社ＫＡＤＯＫＡＷＡ,2b17b011-4a3d-43a9-be98-af07a701b52a
主人公の幼馴染が、脇役の俺にグイグイくる３,駱駝,2025-12-11,主人公の幼馴染が脇役の俺にグイグイくる３.epub,主人公の幼馴染が、脇役の俺にグイグイくる３,駱駝,zh-CN,,株式会社ＫＡＤＯＫＡＷＡ,04916763A23201200000
主人公の幼馴染が、脇役の俺にグイグイくる４,駱駝,2026-06-11,主人公の幼馴染が脇役の俺にグイグイくる４.epub,主人公の幼馴染が、脇役の俺にグイグイくる４,駱駝,zh-CN,,株式会社ＫＡＤＯＫＡＷＡ,04916967A24312400000
主角的青梅竹马，对我这个配角来势汹汹 01,駱駝,2025-05-19,主角的青梅竹马对我这个配角来势汹汹 01.epub,主角的青梅竹马，对我这个配角来势汹汹 01,駱駝,zh-CN,,,
义妹不在出轨范围内哦，哥哥 第一卷,三原みつき,2025-10-31,义妹不在出轨范围内哦哥哥 第一卷.epub,义妹不在出轨范围内哦，哥哥 第一卷,三原みつき,zh,https:/www.wenku8.cc/book/3131.htm,富士见文库,calibre:365
义妹不在出轨范围内哦，哥哥 第二卷,三原みつき,2025-10-31,义妹不在出轨范围内哦哥哥 第二卷.epub,义妹不在出轨范围内哦，哥哥 第二卷,三原みつき,zh,https:/www.wenku8.cc/book/3131.htm,富士见文库,calibre:366
义妹生活 [第十卷],三河ごーすと,2025-05-19,义妹生活 第十卷.epub,义妹生活 [第十卷],三河ごーすと,zh,,,urn:uuid:00000000-0000-0000-0000-000000000000
乐园NOISE 第一卷,杉井光,2025-05-19,乐园NOISE 第一卷.epub,乐园NOISE 第一卷,杉井光,zh,https://www.wenku8.net/book/2785.htm,电击文库,calibre:21191
乐园NOISE 第三卷,杉井光,2025-05-19,乐园NOISE 第三卷.epub,乐园NOISE 第三卷,杉井光,zh,https://www.wenku8.net/book/2785.htm,电击文库,calibre:21193
乐园NOISE 第二卷,杉井光,2025-05-19,乐园NOISE 第二卷.epub,乐园NOISE 第二卷,杉井光,zh,https://www.wenku8.net/book/2785.htm,电击文库,calibre:21192
乐园NOISE 第五卷,杉井光,2025-05-19,乐园NOISE 第五卷.epub,乐园NOISE 第五卷,杉井光,zh,https://www.wenku8.cc/book/2785.htm,电击文库,calibre:21190
乐园NOISE 第六卷,杉井光,2025-05-19,乐园NOISE 第六卷.epub,乐园NOISE 第六卷,杉井光,zh,https://www.wenku8.net/book/2785.htm,电击文库,calibre:21194
乐园NOISE 第四卷,杉井光,2025-05-19,乐园NOISE 第四卷.epub,乐园NOISE 第四卷,杉井光,zh,https://www.wenku8.net/book/2785.htm,电击文库,calibre:21195
乐园杂音 07,杉井　光,2025-07-20,乐园杂音 07.epub,乐园杂音 07,杉井 光,zh,,,none
乳神家の館 ～淫欲の247～「特別増量版」,土竜卑行,2025-08-04,乳神家の館　～淫欲の247～特別増量版.epub,乳神家の館 ～淫欲の247～「特別増量版」,土竜卑行,zh-CN,,株式会社パラダイム,9784801593794
事到如今，喜欢上了青梅竹马 [第一卷],丸户史明,2025-08-29,事到如今喜欢上了青梅竹马 第一卷.epub,事到如今，喜欢上了青梅竹马 [第一卷],丸户史明,zh,,374260,https://www.bilinovel.com/novel/4787.html?fromuid=374260
人妻教师被班里的女高中生迷的神魂颠倒的故事 [第一卷],入间人间,2025-09-11,人妻教师被班里的女高中生迷的神魂颠倒的故事 第一卷.epub,人妻教师被班里的女高中生迷的神魂颠倒的故事 [第一卷],入间人间,zh,,374260,https://www.bilinovel.com/novel/4526.html?fromuid=374260
人妻教师被班里的女高中生迷的神魂颠倒的故事 [第二卷],入间人间,2025-09-11,人妻教师被班里的女高中生迷的神魂颠倒的故事 第二卷.epub,人妻教师被班里的女高中生迷的神魂颠倒的故事 [第二卷],入间人间,zh,,374260,https://www.bilinovel.com/novel/4526.html?fromuid=374260
人妻教師が教え子の女子高生にドはまりする話３,入間　人間,2025-09-15,人妻教師が教え子の女子高生にドはまりする話３.epub,人妻教師が教え子の女子高生にドはまりする話３,入間 人間,zh-CN,,株式会社ＫＡＤＯＫＡＷＡ,04916535A22108900000
人渣 第一卷,五月什一,2025-11-30,人渣 第一卷.epub,人渣 第一卷,五月什一,zh,https://www.wenku8.cc/book/3671.htm,MF文库J,calibre:20252
人生二周目的镝木学姐,としぞう,2025-06-04,人生二周目的镝木学姐.epub,人生二周目的镝木学姐,としぞう,zh,,,none
今はセフレでいいから,佐間野隆紀,2025-07-26,今はセフレでいいから.epub,今はセフレでいいから,佐間野隆紀,zh-CN,,フランス書院,book-downloader: 1937181_001
今はセフレでいいから,佐間野隆紀,2025-10-04,今はセフレでいいから 1.epub,今はセフレでいいから,佐間野隆紀,zh-CN,,フランス書院,book-downloader: 1937181_001
以为转生就能逃掉吗，哥哥？,紙城境介,2025-05-19,以为转生就能逃掉吗哥哥.epub,以为转生就能逃掉吗，哥哥？,紙城境介,zh-CN,,,syosetu.n7437dj
你们赶紧给我结婚吧！被这么说的女生居然有三个？ 01,優汰,2025-12-07,你们赶紧给我结婚吧被这么说的女生居然有三个 01.epub,你们赶紧给我结婚吧！被这么说的女生居然有三个？ 01,優汰,zh,,,none
你又被杀了呢，侦探大人 第一卷,てにをは,2025-11-30,你又被杀了呢侦探大人 第一卷.epub,你又被杀了呢，侦探大人 第一卷,てにをは,zh,https://www.wenku8.cc/book/3473.htm,MF文库J,calibre:1369
你又被杀了呢，侦探大人 第三卷,てにをは,2025-11-30,你又被杀了呢侦探大人 第三卷.epub,你又被杀了呢，侦探大人 第三卷,てにをは,zh,https://www.wenku8.cc/book/3473.htm,MF文库J,calibre:1370
你又被杀了呢，侦探大人 第二卷,てにをは,2025-11-30,你又被杀了呢侦探大人 第二卷.epub,你又被杀了呢，侦探大人 第二卷,てにをは,zh,https://www.wenku8.cc/book/3473.htm,MF文库J,calibre:19325
你又被杀了呢，侦探大人 第四卷,てにをは,2025-11-30,你又被杀了呢侦探大人 第四卷.epub,你又被杀了呢，侦探大人 第四卷,てにをは,zh,https://www.wenku8.cc/book/3473.htm,MF文库J,calibre:19324
你喜欢的不是女儿而是我!? 第一卷,望公太,2025-08-11,你喜欢的不是女儿而是我 第一卷.epub,你喜欢的不是女儿而是我!? 第一卷,望公太,zh,https:/www.wenku8.net/book/2848.htm,电击文库,calibre:16144
你喜欢的不是女儿而是我!? 第七卷,望公太,2025-08-11,你喜欢的不是女儿而是我 第七卷.epub,你喜欢的不是女儿而是我!? 第七卷,望公太,zh,https:/www.wenku8.net/book/2848.htm,电击文库,calibre:16143
你喜欢的不是女儿而是我!? 第三卷,望公太,2025-08-11,你喜欢的不是女儿而是我 第三卷.epub,你喜欢的不是女儿而是我!? 第三卷,望公太,zh,https:/www.wenku8.net/book/2848.htm,电击文库,calibre:16146
你喜欢的不是女儿而是我!? 第二卷,望公太,2025-08-11,你喜欢的不是女儿而是我 第二卷.epub,你喜欢的不是女儿而是我!? 第二卷,望公太,zh,https:/www.wenku8.net/book/2848.htm,电击文库,calibre:16145
你喜欢的不是女儿而是我!? 第五卷,望公太,2025-08-11,你喜欢的不是女儿而是我 第五卷.epub,你喜欢的不是女儿而是我!? 第五卷,望公太,zh,https:/www.wenku8.net/book/2848.htm,电击文库,calibre:16149
你喜欢的不是女儿而是我!? 第六卷,望公太,2025-08-11,你喜欢的不是女儿而是我 第六卷.epub,你喜欢的不是女儿而是我!? 第六卷,望公太,zh,https:/www.wenku8.net/book/2848.htm,电击文库,calibre:16148
你喜欢的不是女儿而是我!? 第四卷,望公太,2025-08-11,你喜欢的不是女儿而是我 第四卷.epub,你喜欢的不是女儿而是我!? 第四卷,望公太,zh,https:/www.wenku8.net/book/2848.htm,电击文库,calibre:16147
你是我的后悔——regret 第一卷,しめさば,2025-11-28,你是我的后悔regret 第一卷.epub,你是我的后悔——regret 第一卷,しめさば,zh,https://www.wenku8.cc/book/3010.htm,集英社,calibre:709
你是我的后悔——regret 第三卷,しめさば,2025-11-28,你是我的后悔regret 第三卷.epub,你是我的后悔——regret 第三卷,しめさば,zh,https://www.wenku8.cc/book/3010.htm,集英社,calibre:708
你是我的后悔——regret 第二卷,しめさば,2025-11-28,你是我的后悔regret 第二卷.epub,你是我的后悔——regret 第二卷,しめさば,zh,https://www.wenku8.cc/book/3010.htm,集英社,calibre:18333
侵略少女与谎言的庭院,清水マリコ,2026-02-26,侵略少女与谎言的庭院.epub,侵略少女与谎言的庭院,清水マリコ,zh-CN,http://www.cnepub.com,epub掌上书苑,
俺の妹が最高のオカズだった クールな彼女がＨのときだけデレる理由,風見源一郎,2025-05-19,俺の妹が最高のオカズだった　クールな彼女がＨのときだけデレる理由.epub,俺の妹が最高のオカズだった クールな彼女がＨのときだけデレる理由,風見源一郎,ja,,フランス書院,urn:uuid:9be57b5b-2929-43bd-8450-7f10325ce4cb
俺の妹が最高のオカズだった～射精禁止の修学旅行と甘々妹生活～,風見源一郎,2025-05-19,俺の妹が最高のオカズだった～射精禁止の修学旅行と甘々妹生活～.epub,俺の妹が最高のオカズだった～射精禁止の修学旅行と甘々妹生活～,風見源一郎,ja,,フランス書院,urn:uuid:d391c935-031d-8945-934d-4f0d41b7d0d3
借给朋友500圆，他竟然拿妹妹来抵债，我到底该如何是好 第一卷,としぞう,2025-06-04,借给朋友500圆他竟然拿妹妹来抵债我到底该如何是好 第一卷.epub,借给朋友500圆，他竟然拿妹妹来抵债，我到底该如何是好 第一卷,としぞう,zh,https://www.wenku8.cc/book/3445.htm,Fami通文库,calibre:19847
借给朋友500圆，他竟然拿妹妹来抵债，我到底该如何是好 第三卷,としぞう,2025-06-04,借给朋友500圆他竟然拿妹妹来抵债我到底该如何是好 第三卷.epub,借给朋友500圆，他竟然拿妹妹来抵债，我到底该如何是好 第三卷,としぞう,zh,https://www.wenku8.cc/book/3445.htm,Fami通文库,calibre:19850
借给朋友500圆，他竟然拿妹妹来抵债，我到底该如何是好 第二卷,としぞう,2025-06-04,借给朋友500圆他竟然拿妹妹来抵债我到底该如何是好 第二卷.epub,借给朋友500圆，他竟然拿妹妹来抵债，我到底该如何是好 第二卷,としぞう,zh,https://www.wenku8.cc/book/3445.htm,Fami通文库,calibre:19848
借给朋友500圆，他竟然拿妹妹来抵债，我到底该如何是好 第五卷,としぞう,2025-06-04,借给朋友500圆他竟然拿妹妹来抵债我到底该如何是好 第五卷.epub,借给朋友500圆，他竟然拿妹妹来抵债，我到底该如何是好 第五卷,としぞう,zh,https://www.wenku8.cc/book/3445.htm,Fami通文库,calibre:19865
借给朋友500圆，他竟然拿妹妹来抵债，我到底该如何是好 第四卷,としぞう,2025-06-04,借给朋友500圆他竟然拿妹妹来抵债我到底该如何是好 第四卷.epub,借给朋友500圆，他竟然拿妹妹来抵债，我到底该如何是好 第四卷,としぞう,zh,https://www.wenku8.cc/book/3445.htm,Fami通文库,calibre:19849
催眠学園 祭,布施はるか,2025-08-04,催眠学園 祭.epub,催眠学園 祭,布施はるか,zh-CN,,株式会社パラダイム,urn:uuid:0833299f-9804-4b65-8ffb-507c29921537
儿时玩伴成为人气偶像～甜美的她们负责供养我～ 第一卷,くろねこどらごん,2025-11-29,儿时玩伴成为人气偶像～甜美的她们负责供养我～ 第一卷.epub,儿时玩伴成为人气偶像～甜美的她们负责供养我～ 第一卷,くろねこどらごん,zh,https://www.wenku8.cc/book/3736.htm,其他文库,calibre:1702
儿时玩伴成为人气偶像～甜美的她们负责供养我～ 第二卷,くろねこどらごん,2025-11-29,儿时玩伴成为人气偶像～甜美的她们负责供养我～ 第二卷.epub,儿时玩伴成为人气偶像～甜美的她们负责供养我～ 第二卷,くろねこどらごん,zh,https://www.wenku8.cc/book/3736.htm,其他文库,calibre:1701
元カノ先生は、ちょっぴりエッチな家庭訪問できみとの愛を育みたい。1 (HJ文庫),猫又ぬこ,2025-08-04,元カノ先生はちょっぴりエッチな家庭訪問できみとの愛を育みたい1 HJ文庫.epub,元カノ先生は、ちょっぴりエッチな家庭訪問できみとの愛を育みたい。1 (HJ文庫),猫又ぬこ,zh-CN,,ホビージャパン,733aa2f7-5795-4c1c-9331-1ad64a391407
元カノ先生は、ちょっぴりエッチな家庭訪問できみとの愛を育みたい。2 (HJ文庫),猫又ぬこ,2025-08-04,元カノ先生はちょっぴりエッチな家庭訪問できみとの愛を育みたい2 HJ文庫.epub,元カノ先生は、ちょっぴりエッチな家庭訪問できみとの愛を育みたい。2 (HJ文庫),猫又ぬこ,zh-CN,,ホビージャパン,4651f993-00aa-4c0c-906e-50537743f4bd
元カノ先生は、ちょっぴりエッチな家庭訪問できみとの愛を育みたい。3 (HJ文庫),猫又ぬこ,2025-08-04,元カノ先生はちょっぴりエッチな家庭訪問できみとの愛を育みたい3 HJ文庫.epub,元カノ先生は、ちょっぴりエッチな家庭訪問できみとの愛を育みたい。3 (HJ文庫),猫又ぬこ,zh-CN,,ホビージャパン,42755d10-5b3f-421c-b24c-ef47a5f721c9
克罗洛战记 1 转移到异世界的我，最擅长的好像只有床上功夫,サイトウアユム,2025-05-19,克罗洛战记 1 转移到异世界的我最擅长的好像只有床上功夫.epub,克罗洛战记 1 转移到异世界的我，最擅长的好像只有床上功夫,サイトウアユム,zh-CN,轻之国度,,urn:uuid:63adf839-bed4-41a5-9b05-76f5defd5688
克罗洛战记 2 转移到异世界的我，最擅长的好像只有床上功夫,サイトウアユム,2025-06-03,克罗洛战记 2 转移到异世界的我最擅长的好像只有床上功夫.epub,克罗洛战记 2 转移到异世界的我，最擅长的好像只有床上功夫,サイトウアユム,zh-CN,轻之国度,,urn:uuid:63adf839-bed4-41a5-9b05-76f5defd5688
克罗洛战记 3 转移到异世界的我，最擅长的好像只有床上功夫,サイトウアユム,2025-06-03,克罗洛战记 3 转移到异世界的我最擅长的好像只有床上功夫.epub,克罗洛战记 3 转移到异世界的我，最擅长的好像只有床上功夫,サイトウアユム,zh-CN,轻之国度,,urn:uuid:63adf839-bed4-41a5-9b05-76f5defd5688
克罗洛战记 4 转移到异世界的我，最擅长的好像只有床上功夫,サイトウアユム,2025-06-03,克罗洛战记 4 转移到异世界的我最擅长的好像只有床上功夫.epub,克罗洛战记 4 转移到异世界的我，最擅长的好像只有床上功夫,サイトウアユム,zh-CN,轻之国度,,urn:uuid:63adf839-bed4-41a5-9b05-76f5defd5688
克罗洛战记 5 转移到异世界的我，最擅长的好像只有床上功夫,サイトウアユム,2025-06-03,克罗洛战记 5 转移到异世界的我最擅长的好像只有床上功夫.epub,克罗洛战记 5 转移到异世界的我，最擅长的好像只有床上功夫,サイトウアユム,zh-CN,轻之国度,,urn:uuid:63adf839-bed4-41a5-9b05-76f5defd5688
公主骑士的小白脸 [第五卷],白金透,2025-05-19,公主骑士的小白脸 第五卷.epub,公主骑士的小白脸 [第五卷],白金透,zh,,374260,https://www.bilinovel.com/novel/3354.html?fromuid=374260
公主骑士的小白脸 第一卷,白金透,2025-05-19,公主骑士的小白脸 第一卷.epub,公主骑士的小白脸 第一卷,白金透,zh,https://www.wenku8.net/book/3230.htm,电击文库,calibre:20409
公主骑士的小白脸 第三卷,白金透,2025-05-19,公主骑士的小白脸 第三卷.epub,公主骑士的小白脸 第三卷,白金透,zh,https://www.wenku8.net/book/3230.htm,电击文库,calibre:20410
公主骑士的小白脸 第二卷,白金透,2025-05-19,公主骑士的小白脸 第二卷.epub,公主骑士的小白脸 第二卷,白金透,zh,https://www.wenku8.net/book/3230.htm,电击文库,calibre:20411
公主骑士的小白脸 第四卷,白金透,2025-05-19,公主骑士的小白脸 第四卷.epub,公主骑士的小白脸 第四卷,白金透,zh,https://www.wenku8.net/book/3230.htm,电击文库,calibre:20408
公务员，中田忍的恶德 1,立川浦々,2025-06-24,公务员中田忍的恶德 1.epub,公务员，中田忍的恶德 1,立川浦々,zh,,,urn:uuid:5208e6bb-5d25-45b0-a7fd-b97d79a85fd4
公女殿下の家庭教師20 暁告げし星杖,七野りく,2025-07-19,公女殿下の家庭教師20　暁告げし星杖.epub,公女殿下の家庭教師20 暁告げし星杖,七野りく,zh-CN,,株式会社ＫＡＤＯＫＡＷＡ,04075976A21974000000
公女殿下の家庭教師21 誓遂げし月鍵,七野りく,2025-11-24,公女殿下の家庭教師21 誓遂げし月鍵.epub,公女殿下の家庭教師21 誓遂げし月鍵,七野りく,zh-CN,,株式会社ＫＡＤＯＫＡＷＡ,calibre:4
公女殿下の家庭教師０ 王立学校編,七野りく,2025-07-19,公女殿下の家庭教師０　王立学校編.epub,公女殿下の家庭教師０ 王立学校編,七野りく,zh-CN,,株式会社ＫＡＤＯＫＡＷＡ,04075978A21974200000
公爵千金的家庭教师 第一卷 谦虚青年的破格魔法教学即将开始,七野りく,2025-06-03,公爵千金的家庭教师 第一卷 谦虚青年的破格魔法教学即将开始.epub,公爵千金的家庭教师 第一卷 谦虚青年的破格魔法教学即将开始,七野りく,zh,https://www.wenku8.net/book/2757.htm,富士见文库,calibre:19620
公爵千金的家庭教师 第七卷 指引的圣女与北方决战,七野りく,2025-06-03,公爵千金的家庭教师 第七卷 指引的圣女与北方决战.epub,公爵千金的家庭教师 第七卷 指引的圣女与北方决战,七野りく,zh,https://www.wenku8.net/book/2757.htm,富士见文库,calibre:19626
公爵千金的家庭教师 第三卷 以魔法革命指引迷茫圣女,七野りく,2025-06-03,公爵千金的家庭教师 第三卷 以魔法革命指引迷茫圣女.epub,公爵千金的家庭教师 第三卷 以魔法革命指引迷茫圣女,七野りく,zh,https://www.wenku8.net/book/2757.htm,富士见文库,calibre:19622
公爵千金的家庭教师 第九卷 英雄的休假日,七野りく,2025-06-03,公爵千金的家庭教师 第九卷 英雄的休假日.epub,公爵千金的家庭教师 第九卷 英雄的休假日,七野りく,zh,https://www.wenku8.net/book/2757.htm,富士见文库,calibre:19628
公爵千金的家庭教师 第二卷 与最强剑姫创造新传说,七野りく,2025-06-03,公爵千金的家庭教师 第二卷 与最强剑姫创造新传说.epub,公爵千金的家庭教师 第二卷 与最强剑姫创造新传说,七野りく,zh,https://www.wenku8.net/book/2757.htm,富士见文库,calibre:19621
公爵千金的家庭教师 第五卷 雷狼义妹与王国内乱,七野りく,2025-06-03,公爵千金的家庭教师 第五卷 雷狼义妹与王国内乱.epub,公爵千金的家庭教师 第五卷 雷狼义妹与王国内乱,七野りく,zh,https://www.wenku8.net/book/2757.htm,富士见文库,calibre:19624
公爵千金的家庭教师 第八卷 再临的流星与东都终局,七野りく,2025-06-03,公爵千金的家庭教师 第八卷 再临的流星与东都终局.epub,公爵千金的家庭教师 第八卷 再临的流星与东都终局,七野りく,zh,https://www.wenku8.net/book/2757.htm,富士见文库,calibre:19627
公爵千金的家庭教师 第六卷 恸哭的剑姬与南方战役,七野りく,2025-06-03,公爵千金的家庭教师 第六卷 恸哭的剑姬与南方战役.epub,公爵千金的家庭教师 第六卷 恸哭的剑姬与南方战役,七野りく,zh,https://www.wenku8.net/book/2757.htm,富士见文库,calibre:19625
公爵千金的家庭教师 第十一卷 历史的幻影,七野りく,2025-06-03,公爵千金的家庭教师 第十一卷 历史的幻影.epub,公爵千金的家庭教师 第十一卷 历史的幻影,七野りく,zh,https://www.wenku8.net/book/2757.htm,富士见文库,calibre:19630
公爵千金的家庭教师 第十三卷 大树守卫的遗言,七野りく,2025-06-03,公爵千金的家庭教师 第十三卷 大树守卫的遗言.epub,公爵千金的家庭教师 第十三卷 大树守卫的遗言,七野りく,zh,https://www.wenku8.cc/book/2757.htm,富士见文库,calibre:19633
公爵千金的家庭教师 第十二卷 约定的花园,七野りく,2025-06-03,公爵千金的家庭教师 第十二卷 约定的花园.epub,公爵千金的家庭教师 第十二卷 约定的花园,七野りく,zh,https://www.wenku8.cc/book/2757.htm,富士见文库,calibre:19631
公爵千金的家庭教师 第十卷 千年之都,七野りく,2025-06-03,公爵千金的家庭教师 第十卷 千年之都.epub,公爵千金的家庭教师 第十卷 千年之都,七野りく,zh,https://www.wenku8.net/book/2757.htm,富士见文库,calibre:19629
公爵千金的家庭教师 第十四卷 违背星约的天使,七野りく,2025-06-03,公爵千金的家庭教师 第十四卷 违背星约的天使.epub,公爵千金的家庭教师 第十四卷 违背星约的天使,七野りく,zh,https://www.wenku8.cc/book/2757.htm,富士见文库,calibre:19619
公爵千金的家庭教师 第四卷 与冰炎千金在暑假拯救王国,七野りく,2025-06-03,公爵千金的家庭教师 第四卷 与冰炎千金在暑假拯救王国.epub,公爵千金的家庭教师 第四卷 与冰炎千金在暑假拯救王国,七野りく,zh,https://www.wenku8.net/book/2757.htm,富士见文库,calibre:19623
关于转生成日式幻想黄油路人这件事,鉄钢怪人,2025-05-19,关于转生成日式幻想黄油路人这件事.epub,关于转生成日式幻想黄油路人这件事,鉄钢怪人,zh,,,urn:uuid:5be0917b-e4d0-4948-a930-0e9f335627aa
其中1个是妹妹！ 1,田口一,2026-02-11,其中1个是妹妹 1.epub,其中1个是妹妹！ 1,田口一,zh,,,none
其中1个是妹妹！ 10,田口一,2026-02-11,其中1个是妹妹 10.epub,其中1个是妹妹！ 10,田口一,zh,,,none
其中1个是妹妹！ 2,田口一,2026-02-11,其中1个是妹妹 2.epub,其中1个是妹妹！ 2,田口一,zh,,,none
其中1个是妹妹！ 3,田口一,2026-02-11,其中1个是妹妹 3.epub,其中1个是妹妹！ 3,田口一,zh,,,none
其中1个是妹妹！ 4,田口一,2026-02-11,其中1个是妹妹 4.epub,其中1个是妹妹！ 4,田口一,zh,,,none
其中1个是妹妹！ 5,田口一,2026-02-11,其中1个是妹妹 5 1.epub,其中1个是妹妹！ 5,田口一,zh,,,none
其中1个是妹妹！ 5.5,田口一,2026-02-11,其中1个是妹妹 5.epub,其中1个是妹妹！ 5.5,田口一,zh,,,none
其中1个是妹妹！ 6,田口一,2026-02-11,其中1个是妹妹 6.epub,其中1个是妹妹！ 6,田口一,zh,,,none
其中1个是妹妹！ 7,田口一,2026-02-11,其中1个是妹妹 7.epub,其中1个是妹妹！ 7,田口一,zh,,,none
其中1个是妹妹！ 8,田口一,2026-02-11,其中1个是妹妹 8.epub,其中1个是妹妹！ 8,田口一,zh,,,none
其中1个是妹妹！ 9,田口一,2026-02-11,其中1个是妹妹 9.epub,其中1个是妹妹！ 9,田口一,zh,,,none
其中1个是妹妹！②,田口一,2026-02-11,其中1个是妹妹②.epub,其中1个是妹妹！②,田口一,zh-CN,http://www.lightnovel.cn,yyacgn,
其中1个是妹妹！③,田口一,2026-02-11,其中1个是妹妹③.epub,其中1个是妹妹！③,田口一,zh-CN,http://www.lightnovel.cn,yyacgn,
其中1个是妹妹！④,田口一,2026-02-11,其中1个是妹妹④.epub,其中1个是妹妹！④,田口一,zh-CN,http://www.lightnovel.cn,yyacgn,
其中1个是妹妹！⑤,田口一,2026-02-11,其中1个是妹妹⑤.epub,其中1个是妹妹！⑤,田口一,zh-CN,http://www.lightnovel.cn,yyacgn,
其中一个是妹妹！ ⑦,田口一,2026-02-11,其中一个是妹妹 ⑦.epub,其中一个是妹妹！ ⑦,田口一,zh-CN,http://www.cnepub.com,epub掌上书苑,
利用转世到异世界的智慧和力量，只是为了做爱【※漫画标题『異世界好色無双』】,イクヒト,2025-05-19,利用转世到异世界的智慧和力量只是为了做爱漫画标题異世界好色無双.epub,利用转世到异世界的智慧和力量，只是为了做爱【※漫画标题『異世界好色無双』】,イクヒト,zh-CN,,,syosetu.n9878gr
十年后的同窗冰山美人,雨音惠,2025-09-22,十年后的同窗冰山美人.epub,十年后的同窗冰山美人,雨音惠,zh-CN,,,none
半兽人英雄物语 忖度列传 2,理不尽な孙の手,2025-05-19,半兽人英雄物语 忖度列传 2.epub,半兽人英雄物语 忖度列传 2,理不尽な孙の手,zh-CN,TSDM,,urn:uuid:63adf839-bed4-41a5-9b05-76f5defd5688
半兽人英雄物语 忖度列传 3,理不尽な孙の手,2025-05-19,半兽人英雄物语 忖度列传 3.epub,半兽人英雄物语 忖度列传 3,理不尽な孙の手,zh-CN,TSDM,,urn:uuid:63adf839-bed4-41a5-9b05-76f5defd5688
半兽人英雄物语 忖度列传 4,理不尽な孙の手,2025-05-19,半兽人英雄物语 忖度列传 4.epub,半兽人英雄物语 忖度列传 4,理不尽な孙の手,zh-CN,TSDM,,urn:uuid:63adf839-bed4-41a5-9b05-76f5defd5688
半兽人英雄物语 忖度列传 5,理不尽な孙の手,2025-05-19,半兽人英雄物语 忖度列传 5.epub,半兽人英雄物语 忖度列传 5,理不尽な孙の手,zh-CN,TSDM,,urn:uuid:63adf839-bed4-41a5-9b05-76f5defd5688
半兽人英雄物语 忖度列传 6,理不尽な孙の手,2025-06-09,半兽人英雄物语 忖度列传 6.epub,半兽人英雄物语 忖度列传 6,理不尽な孙の手,zh,,,urn:uuid:29976a0f-9f1b-41cb-8e9a-48d945e47aef
半兽人英雄物语~忖度列传 1,理不尽な孫の手,2025-05-19,半兽人英雄物语~忖度列传 1.epub,半兽人英雄物语~忖度列传 1,理不尽な孫の手,zh,,,urn:uuid:5208e6bb-5d25-45b0-a7fd-b97d79a85fd4
原本阴沉的我要向青春复仇 和那个天使般的女孩一起Re life 第一卷,慶野由志,2025-11-24,原本阴沉的我要向青春复仇 和那个天使般的女孩一起Re life 第一卷.epub,原本阴沉的我要向青春复仇 和那个天使般的女孩一起Re life 第一卷,慶野由志,zh,https://www.wenku8.net/book/3387.htm,角川文库,calibre:20540
原本阴沉的我要向青春复仇 和那个天使般的女孩一起Re life 第三卷,慶野由志,2025-11-24,原本阴沉的我要向青春复仇 和那个天使般的女孩一起Re life 第三卷.epub,原本阴沉的我要向青春复仇 和那个天使般的女孩一起Re life 第三卷,慶野由志,zh,https://www.wenku8.net/book/3387.htm,角川文库,calibre:20543
原本阴沉的我要向青春复仇 和那个天使般的女孩一起Re life 第二卷,慶野由志,2025-11-24,原本阴沉的我要向青春复仇 和那个天使般的女孩一起Re life 第二卷.epub,原本阴沉的我要向青春复仇 和那个天使般的女孩一起Re life 第二卷,慶野由志,zh,https://www.wenku8.net/book/3387.htm,角川文库,calibre:20541
原本阴沉的我要向青春复仇 和那个天使般的女孩一起Re life 第五卷,慶野由志,2025-11-24,原本阴沉的我要向青春复仇 和那个天使般的女孩一起Re life 第五卷.epub,原本阴沉的我要向青春复仇 和那个天使般的女孩一起Re life 第五卷,慶野由志,zh,https://www.wenku8.net/book/3387.htm,角川文库,calibre:20539
原本阴沉的我要向青春复仇 和那个天使般的女孩一起Re life 第六卷,慶野由志,2025-11-24,原本阴沉的我要向青春复仇 和那个天使般的女孩一起Re life 第六卷.epub,原本阴沉的我要向青春复仇 和那个天使般的女孩一起Re life 第六卷,慶野由志,zh,https://www.wenku8.cc/book/3387.htm,角川文库,calibre:485
原本阴沉的我要向青春复仇 和那个天使般的女孩一起Re life 第四卷,慶野由志,2025-11-24,原本阴沉的我要向青春复仇 和那个天使般的女孩一起Re life 第四卷.epub,原本阴沉的我要向青春复仇 和那个天使般的女孩一起Re life 第四卷,慶野由志,zh,https://www.wenku8.net/book/3387.htm,角川文库,calibre:20542
双子まとめて『カノジョ』にしない？３,白井 ムク,2025-12-25,双子まとめてカノジョにしない３.epub,双子まとめて『カノジョ』にしない？３,白井 ムク,zh-CN,,株式会社ＫＡＤＯＫＡＷＡ,calibre:2636
双子まとめて『カノジョ』にしない？４,白井 ムク,2025-12-25,双子まとめてカノジョにしない４.epub,双子まとめて『カノジョ』にしない？４,白井 ムク,zh-CN,,株式会社ＫＡＤＯＫＡＷＡ,calibre:2637
双子まとめて『カノジョ』にしない？５,白井 ムク,2025-12-25,双子まとめてカノジョにしない５.epub,双子まとめて『カノジョ』にしない？５,白井 ムク,zh-CN,,株式会社ＫＡＤＯＫＡＷＡ,calibre:2641
双生子一起当「女朋友」不好吗？ 第一卷,白井ムク,2025-12-25,双生子一起当女朋友不好吗 第一卷.epub,双生子一起当「女朋友」不好吗？ 第一卷,白井ムク,zh,https://www.wenku8.cc/book/3670.htm,富士见文库,calibre:2640
双生子一起当「女朋友」不好吗？ 第二卷,白井ムク,2025-12-25,双生子一起当女朋友不好吗 第二卷.epub,双生子一起当「女朋友」不好吗？ 第二卷,白井ムク,zh,https://www.wenku8.cc/book/3670.htm,富士见文库,calibre:2639
双生恋情密不可分 第一卷,高村資本,2025-10-04,双生恋情密不可分 第一卷.epub,双生恋情密不可分 第一卷,高村資本,zh,https://www.wenku8.net/book/3672.htm,电击文库,calibre:1423
双生恋情密不可分 第三卷,高村資本,2025-10-04,双生恋情密不可分 第三卷.epub,双生恋情密不可分 第三卷,高村資本,zh,https://www.wenku8.net/book/3672.htm,电击文库,calibre:22003
双生恋情密不可分 第二卷,高村資本,2025-10-04,双生恋情密不可分 第二卷.epub,双生恋情密不可分 第二卷,高村資本,zh,https://www.wenku8.net/book/3672.htm,电击文库,calibre:22002
双生恋情密不可分 第五卷,高村資本,2025-10-04,双生恋情密不可分 第五卷.epub,双生恋情密不可分 第五卷,高村資本,zh,https://www.wenku8.net/book/3672.htm,电击文库,calibre:1422
双生恋情密不可分 第四卷,高村資本,2025-10-04,双生恋情密不可分 第四卷.epub,双生恋情密不可分 第四卷,高村資本,zh,https://www.wenku8.net/book/3672.htm,电击文库,calibre:22005
反正，这个夏天都会结束,野宮 有,2025-05-19,反正这个夏天都会结束.epub,反正，这个夏天都会结束,野宮 有,zh,,,none
反派千金与反派少爷若是在相遇后坠入情网 01,榛名丼,2026-03-06,反派千金与反派少爷若是在相遇后坠入情网 01.epub,反派千金与反派少爷若是在相遇后坠入情网 01,榛名丼,zh-CN,,,
反派千金与反派少爷若是在相遇后坠入情网 02,榛名丼,2026-03-06,反派千金与反派少爷若是在相遇后坠入情网 02.epub,反派千金与反派少爷若是在相遇后坠入情网 02,榛名丼,zh-CN,,,
反派千金与反派少爷若是在相遇后坠入情网 03,榛名丼,2026-03-06,反派千金与反派少爷若是在相遇后坠入情网 03.epub,反派千金与反派少爷若是在相遇后坠入情网 03,榛名丼,zh-CN,,,
只向我展示羞耻姿态的学园公主大人 01,雨音恵,2025-11-28,只向我展示羞耻姿态的学园公主大人 01.epub,只向我展示羞耻姿态的学园公主大人 01,雨音恵,,,,none
叹息的亡灵想引退13,槻影,2025-11-08,叹息的亡灵想引退13.epub,叹息的亡灵想引退13,槻影,zh,,,210e71db-2d7b-431a-8af2-b2aeb085fd02
叹气的亡灵想隐退～最弱猎人的强队伍育成术～ 第一卷,槻影,2025-11-08,叹气的亡灵想隐退～最弱猎人的强队伍育成术～ 第一卷.epub,叹气的亡灵想隐退～最弱猎人的强队伍育成术～ 第一卷,槻影,zh,https://www.wenku8.cc/book/3256.htm,其他文库,calibre:24350
叹气的亡灵想隐退～最弱猎人的强队伍育成术～ 第三卷,槻影,2025-11-08,叹气的亡灵想隐退～最弱猎人的强队伍育成术～ 第三卷.epub,叹气的亡灵想隐退～最弱猎人的强队伍育成术～ 第三卷,槻影,zh,https://www.wenku8.cc/book/3256.htm,其他文库,calibre:24353
叹气的亡灵想隐退～最弱猎人的强队伍育成术～ 第二卷,槻影,2025-11-08,叹气的亡灵想隐退～最弱猎人的强队伍育成术～ 第二卷.epub,叹气的亡灵想隐退～最弱猎人的强队伍育成术～ 第二卷,槻影,zh,https://www.wenku8.cc/book/3256.htm,其他文库,calibre:24351
叹气的亡灵想隐退～最弱猎人的强队伍育成术～ 第四卷,槻影,2025-11-08,叹气的亡灵想隐退～最弱猎人的强队伍育成术～ 第四卷.epub,叹气的亡灵想隐退～最弱猎人的强队伍育成术～ 第四卷,槻影,zh,https://www.wenku8.cc/book/3256.htm,其他文库,calibre:24349
吸血姫とミニメイドに搾られて今夜も眠れない,夜士郎,2025-05-19,吸血姫とミニメイドに搾られて今夜も眠れない.epub,吸血姫とミニメイドに搾られて今夜も眠れない,夜士郎,ja,,株式会社キルタイムコミュニケーション,B00XZTYEA0
和你恋爱什么的 应该是不可能的,筏田かつら,2025-12-23,和你恋爱什么的 应该是不可能的.epub,和你恋爱什么的 应该是不可能的,筏田かつら,zh,,,urn:uuid:5208e6bb-5d25-45b0-a7fd-b97d79a85fd4
和你恋爱什么的 应该是不可能的 然后，毕业,筏田かつら,2025-12-23,和你恋爱什么的 应该是不可能的 然后毕业.epub,和你恋爱什么的 应该是不可能的 然后，毕业,筏田かつら,zh,,,urn:uuid:5208e6bb-5d25-45b0-a7fd-b97d79a85fd4
和你恋爱什么的 应该是不可能的 课外补习仍未结束,筏田かつら,2025-12-23,和你恋爱什么的 应该是不可能的 课外补习仍未结束.epub,和你恋爱什么的 应该是不可能的 课外补习仍未结束,筏田かつら,zh,,,urn:uuid:5208e6bb-5d25-45b0-a7fd-b97d79a85fd4
喂，干脆交往吧？受到美少女青梅竹马的委托，我成了她“男朋友”。 [第一卷],叶田キズ,2025-11-03,喂干脆交往吧受到美少女青梅竹马的委托我成了她男朋友 第一卷.epub,喂，干脆交往吧？受到美少女青梅竹马的委托，我成了她“男朋友”。 [第一卷],叶田キズ,zh,,374260,https://www.bilinovel.com/novel/3751.html?fromuid=374260
喂，干脆交往吧？受到美少女青梅竹马的委托，我成了她“男朋友”。 [第三卷],叶田キズ,2025-11-03,喂干脆交往吧受到美少女青梅竹马的委托我成了她男朋友 第三卷.epub,喂，干脆交往吧？受到美少女青梅竹马的委托，我成了她“男朋友”。 [第三卷],叶田キズ,zh,,374260,https://www.bilinovel.com/novel/3751.html?fromuid=374260
喂，干脆交往吧？受到美少女青梅竹马的委托，我成了她“男朋友”。 [第二卷],叶田キズ,2025-11-03,喂干脆交往吧受到美少女青梅竹马的委托我成了她男朋友 第二卷.epub,喂，干脆交往吧？受到美少女青梅竹马的委托，我成了她“男朋友”。 [第二卷],叶田キズ,zh,,374260,https://www.bilinovel.com/novel/3751.html?fromuid=374260
喂，干脆交往吧？受到美少女青梅竹马的委托，我成了她“男朋友”。 [第五卷],叶田キズ,2025-11-03,喂干脆交往吧受到美少女青梅竹马的委托我成了她男朋友 第五卷.epub,喂，干脆交往吧？受到美少女青梅竹马的委托，我成了她“男朋友”。 [第五卷],叶田キズ,zh,,374260,https://www.bilinovel.com/novel/3751.html?fromuid=374260
喂，干脆交往吧？受到美少女青梅竹马的委托，我成了她“男朋友”。 [第四卷],叶田キズ,2025-11-03,喂干脆交往吧受到美少女青梅竹马的委托我成了她男朋友 第四卷.epub,喂，干脆交往吧？受到美少女青梅竹马的委托，我成了她“男朋友”。 [第四卷],叶田キズ,zh,,374260,https://www.bilinovel.com/novel/3751.html?fromuid=374260
喜欢本大爷的竟然只有你! 第二卷,駱駝ブリキ,2025-05-19,喜欢本大爷的竟然只有你 第二卷.epub,喜欢本大爷的竟然只有你! 第二卷,駱駝ブリキ,zh-CN,http://www.cnepub.com,epub掌上书苑,
喜欢本大爷的竟然只有你一个？10,骆驼,2025-05-19,喜欢本大爷的竟然只有你一个10.epub,喜欢本大爷的竟然只有你一个？10,骆驼,zh-CN,http://www.cnepub.com,epub掌上书苑,
喜欢本大爷的竟然就你一个,駱駝ブリキ,2025-05-19,喜欢本大爷的竟然就你一个.epub,喜欢本大爷的竟然就你一个,駱駝ブリキ,zh-CN,http://www.cnepub.com,epub掌上书苑,
喜欢本大爷的竟然就你一个？ 11,骆驼,2025-05-19,喜欢本大爷的竟然就你一个 11.epub,喜欢本大爷的竟然就你一个？ 11,骆驼,zh,,,urn:uuid:4c54f950-f41b-4eaa-86d3-9216b24f2e3a
喜欢本大爷的竟然就你一个？ 12,骆驼,2025-05-19,喜欢本大爷的竟然就你一个 12.epub,喜欢本大爷的竟然就你一个？ 12,骆驼,zh,,,urn:uuid:4c54f950-f41b-4eaa-86d3-9216b24f2e3a
喜欢本大爷的竟然就你一个？ 15,骆驼,2025-05-19,喜欢本大爷的竟然就你一个 15.epub,喜欢本大爷的竟然就你一个？ 15,骆驼,zh-CN,http://www.cnepub.com,epub掌上书苑,
喜欢本大爷的竟然就你一个？ 3,作者,2025-05-19,喜欢本大爷的竟然就你一个 3.epub,喜欢本大爷的竟然就你一个？ 3,作者,zh,,,urn:uuid:49f5ad21-7c2f-4f1d-8477-7585295768ef
喜欢本大爷的竟然就你一个？ 4,作者,2025-05-19,喜欢本大爷的竟然就你一个 4.epub,喜欢本大爷的竟然就你一个？ 4,作者,zh,,,urn:uuid:49f5ad21-7c2f-4f1d-8477-7585295768ef
喜欢本大爷的竟然就你一个？ 5,作者,2025-05-19,喜欢本大爷的竟然就你一个 5.epub,喜欢本大爷的竟然就你一个？ 5,作者,zh,,,urn:uuid:49f5ad21-7c2f-4f1d-8477-7585295768ef
喜欢本大爷的竟然就你一个？ 6,作者,2025-05-19,喜欢本大爷的竟然就你一个 6.epub,喜欢本大爷的竟然就你一个？ 6,作者,zh,,,urn:uuid:49f5ad21-7c2f-4f1d-8477-7585295768ef
喜欢本大爷的竟然就你一个？14,骆驼,2025-05-19,喜欢本大爷的竟然就你一个14.epub,喜欢本大爷的竟然就你一个？14,骆驼,zh,,,[此处填写自定义标识符]
喜欢本大爷的竟然就你一个？16,骆驼,2025-05-19,喜欢本大爷的竟然就你一个16.epub,喜欢本大爷的竟然就你一个？16,骆驼,zh,,,http://www.yidm.com/article/info/2/2129.html
喜歡本大爺的竟然就妳一個？ 7,駱駝,2025-05-19,喜歡本大爺的竟然就妳一個 7.epub,喜歡本大爺的竟然就妳一個？ 7,駱駝,zh-TW,,,urn:uuid:29429f80-81af-41e0-b23c-963a6f841a93
喜歡本大爺的竟然就妳一個？ 8,駱駝,2025-05-19,喜歡本大爺的竟然就妳一個 8.epub,喜歡本大爺的竟然就妳一個？ 8,駱駝,zh-TW,,,urn:uuid:01519127-2cdf-415f-86ba-46545ef46d15
喜歡本大爺的竟然就妳一個？第9卷,駱駝,2025-05-19,喜歡本大爺的竟然就妳一個第9卷.epub,喜歡本大爺的竟然就妳一個？第9卷,駱駝,zh-CN,http://www.cnepub.com,epub掌上书苑,
在地下城寻求邂逅是否搞错了什么 20,大森藤ノ,2025-08-11,在地下城寻求邂逅是否搞错了什么 20.epub,在地下城寻求邂逅是否搞错了什么 20,大森藤ノ,zh,,,urn:uuid:5208e6bb-5d25-45b0-a7fd-b97d79a85fd4
在地下城寻求邂逅是否搞错了什么 21,大森藤ノ,2025-12-14,在地下城寻求邂逅是否搞错了什么 21.epub,在地下城寻求邂逅是否搞错了什么 21,大森藤ノ,zh,,,urn:uuid:5208e6bb-5d25-45b0-a7fd-b97d79a85fd4
在地下城寻求邂逅是否搞错了什么 外传 剑姬神圣谭,大森藤ノ,2025-10-31,在地下城寻求邂逅是否搞错了什么 外传 剑姬神圣谭.epub,在地下城寻求邂逅是否搞错了什么 外传 剑姬神圣谭,大森藤ノ,zh,https://www.wenku8.cc/book/1508.htm,GA文库,calibre:21260
在地下城寻求邂逅是否搞错了什么 外传 剑姬神圣谭10,大森藤ノ,2025-10-31,在地下城寻求邂逅是否搞错了什么 外传 剑姬神圣谭10.epub,在地下城寻求邂逅是否搞错了什么 外传 剑姬神圣谭10,大森藤ノ,zh,https://www.wenku8.cc/book/1508.htm,GA文库,calibre:21280
在地下城寻求邂逅是否搞错了什么 外传 剑姬神圣谭11,大森藤ノ,2025-10-31,在地下城寻求邂逅是否搞错了什么 外传 剑姬神圣谭11.epub,在地下城寻求邂逅是否搞错了什么 外传 剑姬神圣谭11,大森藤ノ,zh,https://www.wenku8.cc/book/1508.htm,GA文库,calibre:21255
在地下城寻求邂逅是否搞错了什么 外传 剑姬神圣谭12,大森藤ノ,2025-10-31,在地下城寻求邂逅是否搞错了什么 外传 剑姬神圣谭12.epub,在地下城寻求邂逅是否搞错了什么 外传 剑姬神圣谭12,大森藤ノ,zh,https://www.wenku8.cc/book/1508.htm,GA文库,calibre:21263
在地下城寻求邂逅是否搞错了什么 外传 剑姬神圣谭13,大森藤ノ,2025-10-31,在地下城寻求邂逅是否搞错了什么 外传 剑姬神圣谭13.epub,在地下城寻求邂逅是否搞错了什么 外传 剑姬神圣谭13,大森藤ノ,zh,https://www.wenku8.cc/book/1508.htm,GA文库,calibre:21290
在地下城寻求邂逅是否搞错了什么 外传 剑姬神圣谭14,大森藤ノ,2025-10-31,在地下城寻求邂逅是否搞错了什么 外传 剑姬神圣谭14.epub,在地下城寻求邂逅是否搞错了什么 外传 剑姬神圣谭14,大森藤ノ,zh,https://www.wenku8.cc/book/1508.htm,GA文库,calibre:21292
在地下城寻求邂逅是否搞错了什么 外传 剑姬神圣谭2,大森藤ノ,2025-10-31,在地下城寻求邂逅是否搞错了什么 外传 剑姬神圣谭2.epub,在地下城寻求邂逅是否搞错了什么 外传 剑姬神圣谭2,大森藤ノ,zh,https://www.wenku8.cc/book/1508.htm,GA文库,calibre:21266
在地下城寻求邂逅是否搞错了什么 外传 剑姬神圣谭3,大森藤ノ,2025-10-31,在地下城寻求邂逅是否搞错了什么 外传 剑姬神圣谭3.epub,在地下城寻求邂逅是否搞错了什么 外传 剑姬神圣谭3,大森藤ノ,zh,https://www.wenku8.cc/book/1508.htm,GA文库,calibre:21269
在地下城寻求邂逅是否搞错了什么 外传 剑姬神圣谭4,大森藤ノ,2025-10-31,在地下城寻求邂逅是否搞错了什么 外传 剑姬神圣谭4.epub,在地下城寻求邂逅是否搞错了什么 外传 剑姬神圣谭4,大森藤ノ,zh,https://www.wenku8.cc/book/1508.htm,GA文库,calibre:21267
在地下城寻求邂逅是否搞错了什么 外传 剑姬神圣谭5,大森藤ノ,2025-10-31,在地下城寻求邂逅是否搞错了什么 外传 剑姬神圣谭5.epub,在地下城寻求邂逅是否搞错了什么 外传 剑姬神圣谭5,大森藤ノ,zh,https://www.wenku8.cc/book/1508.htm,GA文库,calibre:21270
在地下城寻求邂逅是否搞错了什么 外传 剑姬神圣谭6,大森藤ノ,2025-10-31,在地下城寻求邂逅是否搞错了什么 外传 剑姬神圣谭6.epub,在地下城寻求邂逅是否搞错了什么 外传 剑姬神圣谭6,大森藤ノ,zh,https://www.wenku8.cc/book/1508.htm,GA文库,calibre:21272
在地下城寻求邂逅是否搞错了什么 外传 剑姬神圣谭7,大森藤ノ,2025-10-31,在地下城寻求邂逅是否搞错了什么 外传 剑姬神圣谭7.epub,在地下城寻求邂逅是否搞错了什么 外传 剑姬神圣谭7,大森藤ノ,zh,https://www.wenku8.cc/book/1508.htm,GA文库,calibre:21274
在地下城寻求邂逅是否搞错了什么 外传 剑姬神圣谭8,大森藤ノ,2025-10-31,在地下城寻求邂逅是否搞错了什么 外传 剑姬神圣谭8.epub,在地下城寻求邂逅是否搞错了什么 外传 剑姬神圣谭8,大森藤ノ,zh,https://www.wenku8.cc/book/1508.htm,GA文库,calibre:21275
在地下城寻求邂逅是否搞错了什么 外传 剑姬神圣谭9,大森藤ノ,2025-10-31,在地下城寻求邂逅是否搞错了什么 外传 剑姬神圣谭9.epub,在地下城寻求邂逅是否搞错了什么 外传 剑姬神圣谭9,大森藤ノ,zh,https://www.wenku8.cc/book/1508.htm,GA文库,calibre:21278
在地下城寻求邂逅是否搞错了什么 第一卷,大森藤ノ,2025-10-31,在地下城寻求邂逅是否搞错了什么 第一卷.epub,在地下城寻求邂逅是否搞错了什么 第一卷,大森藤ノ,zh,https://www.wenku8.cc/book/1508.htm,GA文库,calibre:21256
在地下城寻求邂逅是否搞错了什么 第七卷,大森藤ノ,2025-10-31,在地下城寻求邂逅是否搞错了什么 第七卷.epub,在地下城寻求邂逅是否搞错了什么 第七卷,大森藤ノ,zh,https://www.wenku8.cc/book/1508.htm,GA文库,calibre:21264
在地下城寻求邂逅是否搞错了什么 第三卷,大森藤ノ,2025-10-31,在地下城寻求邂逅是否搞错了什么 第三卷.epub,在地下城寻求邂逅是否搞错了什么 第三卷,大森藤ノ,zh,https://www.wenku8.cc/book/1508.htm,GA文库,calibre:21258
在地下城寻求邂逅是否搞错了什么 第九卷,大森藤ノ,2025-10-31,在地下城寻求邂逅是否搞错了什么 第九卷.epub,在地下城寻求邂逅是否搞错了什么 第九卷,大森藤ノ,zh,https://www.wenku8.cc/book/1508.htm,GA文库,calibre:21268
在地下城寻求邂逅是否搞错了什么 第二卷,大森藤ノ,2025-10-31,在地下城寻求邂逅是否搞错了什么 第二卷.epub,在地下城寻求邂逅是否搞错了什么 第二卷,大森藤ノ,zh,https://www.wenku8.cc/book/1508.htm,GA文库,calibre:21257
在地下城寻求邂逅是否搞错了什么 第五卷,大森藤ノ,2025-10-31,在地下城寻求邂逅是否搞错了什么 第五卷.epub,在地下城寻求邂逅是否搞错了什么 第五卷,大森藤ノ,zh,https://www.wenku8.cc/book/1508.htm,GA文库,calibre:21261
在地下城寻求邂逅是否搞错了什么 第八卷,大森藤ノ,2025-10-31,在地下城寻求邂逅是否搞错了什么 第八卷.epub,在地下城寻求邂逅是否搞错了什么 第八卷,大森藤ノ,zh,https://www.wenku8.cc/book/1508.htm,GA文库,calibre:21265
在地下城寻求邂逅是否搞错了什么 第六卷,大森藤ノ,2025-10-31,在地下城寻求邂逅是否搞错了什么 第六卷.epub,在地下城寻求邂逅是否搞错了什么 第六卷,大森藤ノ,zh,https://www.wenku8.cc/book/1508.htm,GA文库,calibre:21262
在地下城寻求邂逅是否搞错了什么 第十一卷,大森藤ノ,2025-10-31,在地下城寻求邂逅是否搞错了什么 第十一卷.epub,在地下城寻求邂逅是否搞错了什么 第十一卷,大森藤ノ,zh,https://www.wenku8.cc/book/1508.htm,GA文库,calibre:21273
在地下城寻求邂逅是否搞错了什么 第十三卷,大森藤ノ,2025-10-31,在地下城寻求邂逅是否搞错了什么 第十三卷.epub,在地下城寻求邂逅是否搞错了什么 第十三卷,大森藤ノ,zh,https://www.wenku8.cc/book/1508.htm,GA文库,calibre:21277
在地下城寻求邂逅是否搞错了什么 第十二卷,大森藤ノ,2025-10-31,在地下城寻求邂逅是否搞错了什么 第十二卷.epub,在地下城寻求邂逅是否搞错了什么 第十二卷,大森藤ノ,zh,https://www.wenku8.cc/book/1508.htm,GA文库,calibre:21276
在地下城寻求邂逅是否搞错了什么 第十五卷,大森藤ノ,2025-10-31,在地下城寻求邂逅是否搞错了什么 第十五卷.epub,在地下城寻求邂逅是否搞错了什么 第十五卷,大森藤ノ,zh,https://www.wenku8.cc/book/1508.htm,GA文库,calibre:21281
在地下城寻求邂逅是否搞错了什么 第十卷,大森藤ノ,2025-10-31,在地下城寻求邂逅是否搞错了什么 第十卷.epub,在地下城寻求邂逅是否搞错了什么 第十卷,大森藤ノ,zh,https://www.wenku8.cc/book/1508.htm,GA文库,calibre:21271
在地下城寻求邂逅是否搞错了什么 第十四卷,大森藤ノ,2025-10-31,在地下城寻求邂逅是否搞错了什么 第十四卷.epub,在地下城寻求邂逅是否搞错了什么 第十四卷,大森藤ノ,zh,https://www.wenku8.cc/book/1508.htm,GA文库,calibre:21279
在地下城寻求邂逅是否搞错了什么 第四卷,大森藤ノ,2025-10-31,在地下城寻求邂逅是否搞错了什么 第四卷.epub,在地下城寻求邂逅是否搞错了什么 第四卷,大森藤ノ,zh,https://www.wenku8.cc/book/1508.htm,GA文库,calibre:21259
在地下城尋求邂逅是否搞錯了什麼 18,大森藤ノ,2025-05-19,在地下城尋求邂逅是否搞錯了什麼 18.epub,在地下城尋求邂逅是否搞錯了什麼 18,大森藤ノ,zh-TW,,青文出版社,urn:uuid:c337215a-f714-4dc9-8c47-655dfdfa50a2
在地下城尋求邂逅是否搞錯了什麼 19,大森藤ノ,2025-05-19,在地下城尋求邂逅是否搞錯了什麼 19.epub,在地下城尋求邂逅是否搞錯了什麼 19,大森藤ノ,zh-TW,,青文出版社,urn:uuid:59be3f88-a85d-40e0-bcd1-13e7467e0bb1
在地下城尋求邂逅是否搞錯了什麽 16,大森藤ノ,2025-05-19,在地下城尋求邂逅是否搞錯了什麽 16.epub,在地下城尋求邂逅是否搞錯了什麽 16,大森藤ノ,ch,,青文出版社,urn:uuid:b341c4f0-f737-4875-bdb1-4fcd1d343a16
在地下城尋求邂逅是否搞錯了什麽 17,大森藤ノ,2025-05-19,在地下城尋求邂逅是否搞錯了什麽 17.epub,在地下城尋求邂逅是否搞錯了什麽 17,大森藤ノ,en,,青文出版社,urn:uuid:a5857251-9b34-4756-9787-5d668c57df7f
在朋友背后与你悄悄牵手。谈着无法言说的恋爱 第一卷,,2025-08-29,在朋友背后与你悄悄牵手谈着无法言说的恋爱 第一卷.epub,在朋友背后与你悄悄牵手。谈着无法言说的恋爱 第一卷,,zh,,,urn:uuid:00000000-0000-0000-0000-000000000000
在朋友背后与你悄悄牵手。谈着无法言说的恋爱 第三卷,真代屋秀晃,2025-08-29,在朋友背后与你悄悄牵手谈着无法言说的恋爱 第三卷.epub,在朋友背后与你悄悄牵手。谈着无法言说的恋爱 第三卷,真代屋秀晃,zh,https:/www.wenku8.cc/book/3106.htm,电击文库,calibre:17101
在朋友背后与你悄悄牵手。谈着无法言说的恋爱 第二卷,,2025-08-29,在朋友背后与你悄悄牵手谈着无法言说的恋爱 第二卷.epub,在朋友背后与你悄悄牵手。谈着无法言说的恋爱 第二卷,,zh,,,urn:uuid:00000000-0000-0000-0000-000000000000
在男性禁入的游戏世界里，我唯一该做的事情 我转生成了夹在百合之间的男人 [第七卷],端樱了,2025-05-19,在男性禁入的游戏世界里我唯一该做的事情 我转生成了夹在百合之间的男人 第七卷.epub,在男性禁入的游戏世界里，我唯一该做的事情 我转生成了夹在百合之间的男人 [第七卷],端樱了,zh,,374260,https://www.bilinovel.com/novel/3768.html?fromuid=374260
在男性禁入的游戏世界里，我唯一该做的事情 第一卷 我转生成了夹在百合之间的男人,端桜了,2025-05-19,在男性禁入的游戏世界里我唯一该做的事情 第一卷 我转生成了夹在百合之间的男人.epub,在男性禁入的游戏世界里，我唯一该做的事情 第一卷 我转生成了夹在百合之间的男人,端桜了,zh,https://www.wenku8.cc/book/3498.htm,MF文库J,calibre:22393
在男性禁入的游戏世界里，我唯一该做的事情 第三卷,端桜了,2025-05-19,在男性禁入的游戏世界里我唯一该做的事情 第三卷.epub,在男性禁入的游戏世界里，我唯一该做的事情 第三卷,端桜了,zh,https://www.wenku8.cc/book/3498.htm,MF文库J,calibre:22389
在男性禁入的游戏世界里，我唯一该做的事情 第二卷,端桜了,2025-05-19,在男性禁入的游戏世界里我唯一该做的事情 第二卷.epub,在男性禁入的游戏世界里，我唯一该做的事情 第二卷,端桜了,zh,https://www.wenku8.cc/book/3498.htm,MF文库J,calibre:22388
在男性禁入的游戏世界里，我唯一该做的事情 第五卷,端桜了,2025-05-19,在男性禁入的游戏世界里我唯一该做的事情 第五卷.epub,在男性禁入的游戏世界里，我唯一该做的事情 第五卷,端桜了,zh,https://www.wenku8.cc/book/3498.htm,MF文库J,calibre:22391
在男性禁入的游戏世界里，我唯一该做的事情 第八卷,端桜了,2025-12-25,在男性禁入的游戏世界里我唯一该做的事情 第八卷.epub,在男性禁入的游戏世界里，我唯一该做的事情 第八卷,端桜了,zh,https://www.wenku8.cc/book/3498.htm,MF文库J,calibre:25784
在男性禁入的游戏世界里，我唯一该做的事情 第六卷,端桜了,2025-05-19,在男性禁入的游戏世界里我唯一该做的事情 第六卷.epub,在男性禁入的游戏世界里，我唯一该做的事情 第六卷,端桜了,zh,https://www.wenku8.cc/book/3498.htm,MF文库J,calibre:22386
在男性禁入的游戏世界里，我唯一该做的事情 第四卷,端桜了,2025-05-19,在男性禁入的游戏世界里我唯一该做的事情 第四卷.epub,在男性禁入的游戏世界里，我唯一该做的事情 第四卷,端桜了,zh,https://www.wenku8.cc/book/3498.htm,MF文库J,calibre:22390
在英雄世界中作为洗脑系反派生存下来,문어탄산,2025-07-04,在英雄世界中作为洗脑系反派生存下来.epub,在英雄世界中作为洗脑系反派生存下来,문어탄산,zh-CN,,,urn:uuid:3b94526b-1e16-4615-afde-a954793671d0
在青梅竹马的妹妹家开始家庭教师的工作后 第一卷 疏远的青梅竹马变得很恐怖,すかいふぁーむ,2026-02-10,在青梅竹马的妹妹家开始家庭教师的工作后 第一卷 疏远的青梅竹马变得很恐怖.epub,在青梅竹马的妹妹家开始家庭教师的工作后 第一卷 疏远的青梅竹马变得很恐怖,すかいふぁーむ,zh,https:/www.wenku8.cc/book/2948.htm,富士见文库,calibre:123
在青梅竹马的妹妹家开始家庭教师的工作后 第二卷 曾经可怕的青梅竹马变得可爱,すかいふぁーむ,2026-02-10,在青梅竹马的妹妹家开始家庭教师的工作后 第二卷 曾经可怕的青梅竹马变得可爱.epub,在青梅竹马的妹妹家开始家庭教师的工作后 第二卷 曾经可怕的青梅竹马变得可爱,すかいふぁーむ,zh,https:/www.wenku8.cc/book/2948.htm,富士见文库,calibre:16583
変人のサラダボウル ９,平坂 読,2025-12-23,変人のサラダボウル　９.epub,変人のサラダボウル ９,平坂 読,zh-CN,,株式会社小学館,calibre:2447
复制品的我也会谈恋爱 01,榛名丼,2025-09-22,复制品的我也会谈恋爱 01.epub,复制品的我也会谈恋爱 01,榛名丼,zh-CN,深夜图书会,,none
复制品的我也会谈恋爱 02,榛名丼,2025-09-22,复制品的我也会谈恋爱 02.epub,复制品的我也会谈恋爱 02,榛名丼,zh-CN,深夜读书会,,none
复制品的我也会谈恋爱 03,榛名丼,2025-09-22,复制品的我也会谈恋爱 03.epub,复制品的我也会谈恋爱 03,榛名丼,zh-CN,深夜读书会,,none
复制品的我也会谈恋爱。 04,榛名丼,2025-09-22,复制品的我也会谈恋爱 04.epub,复制品的我也会谈恋爱。 04,榛名丼,zh-CN,深夜读书会,,none
夏日时分的吸血鬼 [全一册],石川博品,2025-10-31,夏日时分的吸血鬼 全一册.epub,夏日时分的吸血鬼 [全一册],石川博品,zh,,374260,https://www.bilinovel.com/novel/1327.html?fromuid=374260
天嬢天華生徒会プリフェイズ,杉井　光,2025-06-10,天嬢天華生徒会プリフェイズ.epub,天嬢天華生徒会プリフェイズ,杉井 光,zh-CN,,株式会社ＫＡＤＯＫＡＷＡ,urn:uuid:8ef4dac8-0136-4f1c-a92a-a09bb219c061
女巫之城,섦게지는꽃,2025-07-25,女巫之城.epub,女巫之城,섦게지는꽃,zh,esj,esj,beb26786-2bf8-40ed-882b-ddf84b8e099c
女巫之城,섦게지는꽃,2025-07-25,女巫之城.epub,女巫之城,섦게지는꽃,zh,esj,esj,beb26786-2bf8-40ed-882b-ddf84b8e099c
好きだった子をメイドにしたら、俺の部屋でこっそりナニかしている,鏡　遊,2025-08-12,好きだった子をメイドにしたら俺の部屋でこっそりナニかしている.epub,好きだった子をメイドにしたら、俺の部屋でこっそりナニかしている,鏡 遊,zh-CN,,株式会社ＫＡＤＯＫＡＷＡ,04915201A14816200000
如果有妹妹就好了 2,,2025-10-29,如果有妹妹就好了 2.epub,,,,,,urn:uuid:07e90fcc-c20c-4eef-9654-44c8288025be
如果有妹妹就好了 4,平坂読,2025-10-29,如果有妹妹就好了 4.epub,如果有妹妹就好了 4,平坂読,zh-CN,http://www.ciyuangou.com,次元狗,
如果有妹妹就好了6,平坂読,2025-10-29,如果有妹妹就好了6.epub,如果有妹妹就好了6,平坂読,zh-CN,http://www.ciyuangou.com,次元狗,
如果有妹妹就好了8,平坂读,2025-10-29,如果有妹妹就好了8.epub,如果有妹妹就好了8,平坂读,en,,星恋★璇彡,6ab48b91-a894-4d60-8cd4-cd4bd1478df6
如果有妹妹就好了。 1,平坂読,2025-10-29,如果有妹妹就好了 1.epub,如果有妹妹就好了。 1,平坂読,zh-TW,贴吧,,urn:uuid:63adf839-bed4-41a5-9b05-76f5defd5688
如果有妹妹就好了。 10,平坂読,2025-10-29,如果有妹妹就好了 10.epub,如果有妹妹就好了。 10,平坂読,zh,,GA文库,urn:uuid:1a38d206-029a-4867-aa6b-197e8b1f3d12
如果有妹妹就好了。 13,平坂读,2025-10-29,如果有妹妹就好了 13.epub,如果有妹妹就好了。 13,平坂读,zh-TW,轻之国度,GA文库,urn:uuid:63adf839-bed4-41a5-9b05-76f5defd5688
如果有妹妹就好了。 14,平坂読,2025-10-29,如果有妹妹就好了 14.epub,如果有妹妹就好了。 14,平坂読,zh,轻之国度,,urn:uuid:63adf839-bed4-41a5-9b05-76f5defd5688
如果有妹妹就好了。 3,平坂読,2025-10-29,如果有妹妹就好了 3.epub,如果有妹妹就好了。 3,平坂読,zh-TW,LK,,urn:uuid:63adf839-bed4-41a5-9b05-76f5defd5688
如果有妹妹就好了。 7,平坂読,2025-10-29,如果有妹妹就好了 7.epub,如果有妹妹就好了。 7,平坂読,zh,,GA文库,urn:uuid:1a38d206-029a-4867-aa6b-197e8b1f3d12
如果有妹妹就好了。9,平坂读,2025-10-29,如果有妹妹就好了9.epub,如果有妹妹就好了。9,平坂读,zh,,星恋★璇彡,8640a475-7c9e-454e-a27e-a2ba85998f6f
妖精の物理学 ―PHysics PHenomenon PHantom―,電磁幽体,2025-05-19,妖精の物理学　PHysics PHenomenon PHantom.epub,妖精の物理学 ―PHysics PHenomenon PHantom―,電磁幽体,ja,,株式会社ＫＡＤＯＫＡＷＡ,urn:uuid:98005b30-8187-4261-84f8-0b47934c649b
妹さえいればいい。12 (ガガガ文庫),平坂读,2025-10-29,妹さえいればいい12 ガガガ文庫.epub,妹さえいればいい。12 (ガガガ文庫),平坂读,en,,株式会社小学館,36a86e4b-dace-4a09-8368-e7c4ed68d90c
妹の親友？ もう俺の女友達？ なら、その次は‐‐？,エパンテリアス,2025-07-01,妹の親友　もう俺の女友達　ならその次は.epub,妹の親友？ もう俺の女友達？ なら、その次は‐‐？,エパンテリアス,zh-CN,,株式会社ＫＡＤＯＫＡＷＡ,B09L7GMJ9R
妹の親友？ もう俺の女友達？ なら、その次は‐‐？,エパンテリアス,2026-02-10,妹の親友　もう俺の女友達　ならその次は 1.epub,妹の親友？ もう俺の女友達？ なら、その次は‐‐？,エパンテリアス,zh-CN,,株式会社ＫＡＤＯＫＡＷＡ,B09L7GMJ9R
妹妹人生-上卷-迷糊轻小说,,2025-05-19,妹妹人生-上卷-迷糊轻小说.epub,妹妹人生-上卷-迷糊轻小说,,zh,http://www.yidm.com/article/info/2/2114.html,迷糊轻小说(www.yidm.com),http://www.yidm.com/article/info/2/2114.html
妹妹人生_下卷,,2025-05-19,妹妹人生_下卷.epub,妹妹人生-下卷-迷糊轻小说,,zh,http://www.yidm.com/article/info/2/2114.html,迷糊轻小说(www.yidm.com),http://www.yidm.com/article/info/2/2114.html
妹妹是不能当女友的，可是…… 第一卷,鏡遊,2026-02-10,妹妹是不能当女友的可是 第一卷.epub,妹妹是不能当女友的，可是…… 第一卷,鏡遊,zh,https://www.wenku8.cc/book/3224.htm,电击文库,calibre:835
妹妹是不能当女友的，可是…… 第三卷,鏡遊,2026-02-10,妹妹是不能当女友的可是 第三卷.epub,妹妹是不能当女友的，可是…… 第三卷,鏡遊,zh,https://www.wenku8.cc/book/3224.htm,电击文库,calibre:25901
妹妹是不能当女友的，可是…… 第二卷,鏡遊,2026-02-10,妹妹是不能当女友的可是 第二卷.epub,妹妹是不能当女友的，可是…… 第二卷,鏡遊,zh,https://www.wenku8.cc/book/3224.htm,电击文库,calibre:25899
妹妹是不能当女友的，可是…… 第五卷,鏡遊,2026-02-10,妹妹是不能当女友的可是 第五卷.epub,妹妹是不能当女友的，可是…… 第五卷,鏡遊,zh,https://www.wenku8.cc/book/3224.htm,电击文库,calibre:836
妹妹是不能当女友的，可是…… 第四卷,鏡遊,2026-02-10,妹妹是不能当女友的可是 第四卷.epub,妹妹是不能当女友的，可是…… 第四卷,鏡遊,zh,https://www.wenku8.cc/book/3224.htm,电击文库,calibre:25900
孤高なカノジョと、彼女の部屋でシてること (角川スニーカー文庫),雲雀湯,2025-08-29,孤高なカノジョと彼女の部屋でシてること 角川スニーカー文庫.epub,孤高なカノジョと、彼女の部屋でシてること (角川スニーカー文庫),雲雀湯,zh-CN,,株式会社ＫＡＤＯＫＡＷＡ,B0FM2DC2ZY
孤高の電波美少女と恋で繋がったらギガ重い,神宮寺　文鷹,2025-07-01,孤高の電波美少女と恋で繋がったらギガ重い.epub,孤高の電波美少女と恋で繋がったらギガ重い,神宮寺 文鷹,zh-CN,,株式会社ＫＡＤＯＫＡＷＡ,urn:uuid:a7f5a473-1ce5-4e41-919c-7138a832b662
学園女王の妹（顔がいい）は俺の土下座に逆らえない,橘トラ,2025-08-11,学園女王の妹顔がいいは俺の土下座に逆らえない.epub,学園女王の妹（顔がいい）は俺の土下座に逆らえない,橘トラ,zh-CN,,株式会社パラダイム,calibre:113
学生会的一存 碧阳学园学生会议事录 1,葵せきな,2025-12-23,学生会的一存　碧阳学园学生会议事录 1.epub,学生会的一存 碧阳学园学生会议事录 1,葵せきな,zh,,,urn:uuid:4c54f950-f41b-4eaa-86d3-9216b24f2e3a
学生会的七光 碧阳学园学生会议事录 7,葵せきな,2025-12-23,学生会的七光　碧阳学园学生会议事录 7.epub,学生会的七光 碧阳学园学生会议事录 7,葵せきな,zh,,,urn:uuid:4c54f950-f41b-4eaa-86d3-9216b24f2e3a
学生会的三振 碧阳学园学生会议事录 3,葵せきな,2025-12-23,学生会的三振　碧阳学园学生会议事录 3.epub,学生会的三振 碧阳学园学生会议事录 3,葵せきな,zh,,,urn:uuid:4c54f950-f41b-4eaa-86d3-9216b24f2e3a
学生会的九重 碧阳学园学生会议事录 9,葵せきな,2025-12-23,学生会的九重　碧阳学园学生会议事录 9.epub,学生会的九重 碧阳学园学生会议事录 9,葵せきな,zh,,,urn:uuid:4c54f950-f41b-4eaa-86d3-9216b24f2e3a
学生会的二心 碧阳学园学生会议事录 2,葵せきな,2025-12-23,学生会的二心　碧阳学园学生会议事录 2.epub,学生会的二心 碧阳学园学生会议事录 2,葵せきな,zh,,,urn:uuid:4c54f950-f41b-4eaa-86d3-9216b24f2e3a
学生会的五彩 碧阳学园学生会议事录 5,葵せきな,2025-12-23,学生会的五彩　碧阳学园学生会议事录 5.epub,学生会的五彩 碧阳学园学生会议事录 5,葵せきな,zh,,,urn:uuid:4c54f950-f41b-4eaa-86d3-9216b24f2e3a
学生会的八方 碧阳学园学生会议事录 8,葵せきな,2025-12-23,学生会的八方　碧阳学园学生会议事录 8.epub,学生会的八方 碧阳学园学生会议事录 8,葵せきな,zh,,,urn:uuid:4c54f950-f41b-4eaa-86d3-9216b24f2e3a
学生会的六花 碧阳学园学生会议事录 6,葵せきな,2025-12-23,学生会的六花　碧阳学园学生会议事录 6.epub,学生会的六花 碧阳学园学生会议事录 6,葵せきな,zh,,,urn:uuid:4c54f950-f41b-4eaa-86d3-9216b24f2e3a
学生会的十代 碧阳学园学生会议事录 10,葵せきな,2025-12-23,学生会的十代　碧阳学园学生会议事录 10.epub,学生会的十代 碧阳学园学生会议事录 10,葵せきな,zh,,,urn:uuid:4c54f950-f41b-4eaa-86d3-9216b24f2e3a
学生会的四散 碧阳学园学生会议事录 4,葵せきな,2025-12-23,学生会的四散　碧阳学园学生会议事录 4.epub,学生会的四散 碧阳学园学生会议事录 4,葵せきな,zh,,,urn:uuid:4c54f950-f41b-4eaa-86d3-9216b24f2e3a
学生会的土产 碧阳学园学生会默示录 7,葵せきな,2025-12-23,学生会的土产 碧阳学园学生会默示录 7.epub,学生会的土产 碧阳学园学生会默示录 7,葵せきな,zh,,,urn:uuid:4c54f950-f41b-4eaa-86d3-9216b24f2e3a
学生会的日常 碧阳学园学生会默示录 1,葵せきな,2025-12-23,学生会的日常 碧阳学园学生会默示录 1.epub,学生会的日常 碧阳学园学生会默示录 1,葵せきな,zh,,,urn:uuid:4c54f950-f41b-4eaa-86d3-9216b24f2e3a
学生会的月末 碧阳学园学生会默示录 2,葵せきな,2025-12-23,学生会的月末 碧阳学园学生会默示录 2.epub,学生会的月末 碧阳学园学生会默示录 2,葵せきな,zh,,,urn:uuid:4c54f950-f41b-4eaa-86d3-9216b24f2e3a
学生会的木阴 碧阳学园学生会默示录 5,葵せきな,2025-12-23,学生会的木阴 碧阳学园学生会默示录 5.epub,学生会的木阴 碧阳学园学生会默示录 5,葵せきな,zh,,,urn:uuid:4c54f950-f41b-4eaa-86d3-9216b24f2e3a
学生会的水际 碧阳学园学生会默示录 4,葵せきな,2025-12-23,学生会的水际 碧阳学园学生会默示录 4.epub,学生会的水际 碧阳学园学生会默示录 4,葵せきな,zh,,,urn:uuid:4c54f950-f41b-4eaa-86d3-9216b24f2e3a
学生会的火种 碧阳学园学生会默示录 3,葵せきな,2025-12-23,学生会的火种 碧阳学园学生会默示录 3.epub,学生会的火种 碧阳学园学生会默示录 3,葵せきな,zh,,,urn:uuid:4c54f950-f41b-4eaa-86d3-9216b24f2e3a
学生会的祝日 碧阳学园学生会默示录 8,葵せきな,2025-12-23,学生会的祝日 碧阳学园学生会默示录 8.epub,学生会的祝日 碧阳学园学生会默示录 8,葵せきな,zh,,,urn:uuid:4c54f950-f41b-4eaa-86d3-9216b24f2e3a
学生会的金兰 碧阳学园学生会默示录 6,葵せきな,2025-12-23,学生会的金兰 碧阳学园学生会默示录 6.epub,学生会的金兰 碧阳学园学生会默示录 6,葵せきな,zh,,,urn:uuid:4c54f950-f41b-4eaa-86d3-9216b24f2e3a
家属 ～母と姉妹の嬌声～「特別増量版」,雑賀匡,2025-09-03,家属 ～母と姉妹の嬌声～特別増量版.epub,家属 ～母と姉妹の嬌声～「特別増量版」,雑賀匡,zh-CN,,株式会社パラダイム,calibre:50
寢取魔法使的冒險01,まじかり,2025-05-20,寢取魔法使的冒險01.epub,寢取魔法使的冒險01,まじかり,,,KADOKAWA,urn:uuid:83bc5e6b-2f84-49d2-9021-33c697c1ee6c
寢取魔法使的冒險02,まじかり,2025-05-23,寢取魔法使的冒險02.epub,寢取魔法使的冒險02,まじかり,,,KADOKAWA,urn:uuid:83bc5e6b-2f84-49d2-9021-33c697c1ee6c
寢取魔法使的冒險03,まじかり,2025-05-23,寢取魔法使的冒險03.epub,寢取魔法使的冒險03,まじかり,,,KADOKAWA,urn:uuid:83bc5e6b-2f84-49d2-9021-33c697c1ee6c
寢取魔法使的冒險04,まじかり,2025-05-23,寢取魔法使的冒險04.epub,寢取魔法使的冒險04,まじかり,,,KADOKAWA,urn:uuid:83bc5e6b-2f84-49d2-9021-33c697c1ee6c
寢取魔法使的冒險05,まじかり,2025-05-23,寢取魔法使的冒險05.epub,寢取魔法使的冒險05,まじかり,,,KADOKAWA,urn:uuid:83bc5e6b-2f84-49d2-9021-33c697c1ee6c
寢取魔法使的冒險06,まじかり,2025-05-23,寢取魔法使的冒險06.epub,寢取魔法使的冒險06,まじかり,,,KADOKAWA,urn:uuid:83bc5e6b-2f84-49d2-9021-33c697c1ee6c
寢取魔法使的冒險07,まじかり,2025-05-23,寢取魔法使的冒險07.epub,寢取魔法使的冒險07,まじかり,,,KADOKAWA,urn:uuid:83bc5e6b-2f84-49d2-9021-33c697c1ee6c
寢取魔法使的冒險08,まじかり,2025-05-23,寢取魔法使的冒險08.epub,寢取魔法使的冒險08,まじかり,,,KADOKAWA,urn:uuid:83bc5e6b-2f84-49d2-9021-33c697c1ee6c
寢取魔法使的冒險09,まじかり,2025-05-27,寢取魔法使的冒險09.epub,寢取魔法使的冒險09,まじかり,,,KADOKAWA,urn:uuid:83bc5e6b-2f84-49d2-9021-33c697c1ee6c
寢取魔法使的冒險10,まじかり,2025-05-27,寢取魔法使的冒險10.epub,寢取魔法使的冒險10,まじかり,,,KADOKAWA,urn:uuid:83bc5e6b-2f84-49d2-9021-33c697c1ee6c
寢取魔法使的冒險11,まじかり,2025-05-28,寢取魔法使的冒險11.epub,寢取魔法使的冒險11,まじかり,,,KADOKAWA,urn:uuid:83bc5e6b-2f84-49d2-9021-33c697c1ee6c
寢取魔法使的冒險12,まじかり,2025-05-28,寢取魔法使的冒險12.epub,寢取魔法使的冒險12,まじかり,,,KADOKAWA,urn:uuid:83bc5e6b-2f84-49d2-9021-33c697c1ee6c
寢取魔法使的冒險13,まじかり,2025-05-29,寢取魔法使的冒險13.epub,寢取魔法使的冒險13,まじかり,,,KADOKAWA,urn:uuid:83bc5e6b-2f84-49d2-9021-33c697c1ee6c
寢取魔法使的冒險14,まじかり,2025-05-29,寢取魔法使的冒險14.epub,寢取魔法使的冒險14,まじかり,,,KADOKAWA,urn:uuid:83bc5e6b-2f84-49d2-9021-33c697c1ee6c
寢取魔法使的冒險15,まじかり,2025-09-20,寢取魔法使的冒險15.epub,寢取魔法使的冒險15,まじかり,,,KADOKAWA,urn:uuid:83bc5e6b-2f84-49d2-9021-33c697c1ee6c
将告别之花束，献予天使胸膛 余命为负的我想在死前做的一件事,葉月文,2025-06-09,将告别之花束献予天使胸膛 余命为负的我想在死前做的一件事.epub,将告别之花束，献予天使胸膛 余命为负的我想在死前做的一件事,葉月文,zh-CN,,,none
将告别之花束，献予天使胸膛 2 余命为负的我想在死前做的一件事,葉月文,2025-06-09,将告别之花束献予天使胸膛 2 余命为负的我想在死前做的一件事.epub,将告别之花束，献予天使胸膛 2 余命为负的我想在死前做的一件事,葉月文,zh-CN,,,none
小恶魔学妹缠上了被女友劈腿的我 第一卷,御宫ゆう,2025-06-04,小恶魔学妹缠上了被女友劈腿的我 第一卷.epub,小恶魔学妹缠上了被女友劈腿的我 第一卷,御宫ゆう,zh,https://www.wenku8.cc/book/2725.htm,角川文库,calibre:20802
小恶魔学妹缠上了被女友劈腿的我 第七卷,御宫ゆう,2025-06-04,小恶魔学妹缠上了被女友劈腿的我 第七卷.epub,小恶魔学妹缠上了被女友劈腿的我 第七卷,御宫ゆう,zh,https://www.wenku8.cc/book/2725.htm,角川文库,calibre:20807
小恶魔学妹缠上了被女友劈腿的我 第三卷,御宫ゆう,2025-06-04,小恶魔学妹缠上了被女友劈腿的我 第三卷.epub,小恶魔学妹缠上了被女友劈腿的我 第三卷,御宫ゆう,zh,https://www.wenku8.cc/book/2725.htm,角川文库,calibre:20804
小恶魔学妹缠上了被女友劈腿的我 第二卷,御宫ゆう,2025-06-04,小恶魔学妹缠上了被女友劈腿的我 第二卷.epub,小恶魔学妹缠上了被女友劈腿的我 第二卷,御宫ゆう,zh,https://www.wenku8.cc/book/2725.htm,角川文库,calibre:20803
小恶魔学妹缠上了被女友劈腿的我 第五卷,御宫ゆう,2025-06-04,小恶魔学妹缠上了被女友劈腿的我 第五卷.epub,小恶魔学妹缠上了被女友劈腿的我 第五卷,御宫ゆう,zh,https://www.wenku8.cc/book/2725.htm,角川文库,calibre:20806
小恶魔学妹缠上了被女友劈腿的我 第八卷,御宫ゆう,2025-06-04,小恶魔学妹缠上了被女友劈腿的我 第八卷.epub,小恶魔学妹缠上了被女友劈腿的我 第八卷,御宫ゆう,zh,https://www.wenku8.cc/book/2725.htm,角川文库,calibre:20801
小恶魔学妹缠上了被女友劈腿的我 第六卷,御宫ゆう,2025-06-04,小恶魔学妹缠上了被女友劈腿的我 第六卷.epub,小恶魔学妹缠上了被女友劈腿的我 第六卷,御宫ゆう,zh,https://www.wenku8.cc/book/2725.htm,角川文库,calibre:20808
小恶魔学妹缠上了被女友劈腿的我 第四卷,御宫ゆう,2025-06-04,小恶魔学妹缠上了被女友劈腿的我 第四卷.epub,小恶魔学妹缠上了被女友劈腿的我 第四卷,御宫ゆう,zh,https://www.wenku8.cc/book/2725.htm,角川文库,calibre:20805
少女事件 [第三卷],西条阳,2025-10-31,少女事件 第三卷.epub,少女事件 [第三卷],西条阳,zh,,374260,https://www.bilinovel.com/novel/3910.html?fromuid=374260
少女事案 炎上して敏感になる京野月子と死の未来を猫として回避する雪見文香,西条陽,2025-05-19,少女事案　炎上して敏感になる京野月子と死の未来を猫として回避する雪見文香.epub,少女事案 炎上して敏感になる京野月子と死の未来を猫として回避する雪見文香,西条陽,ja,,株式会社小学館,B0CMCSP9C9
崩坏世界的魔杖匠人 1,黒留ハガネ,2025-12-28,崩坏世界的魔杖匠人 1.epub,崩坏世界的魔杖匠人 1,黒留ハガネ,zh,,,none
平凡職業造就世界最強 01,白米良,2025-05-19,平凡職業造就世界最強 01.epub,平凡職業造就世界最強 01,白米良,zh-TW,,東立出版社,urn:uuid:0cd441ed-f864-4421-adda-a594125d2745
平凡職業造就世界最強 02,白米良,2025-05-19,平凡職業造就世界最強 02.epub,平凡職業造就世界最強 02,白米良,zh-TW,,東立出版社,urn:uuid:751a4be2-f100-402d-b9cc-34177ea8d80d
平凡職業造就世界最強 03,白米良,2025-05-19,平凡職業造就世界最強 03.epub,平凡職業造就世界最強 03,白米良,zh-TW,,東立出版社,urn:uuid:e72b896e-3702-47e0-bf89-230bf03f6ec1
平凡職業造就世界最強 04,白米良,2025-05-19,平凡職業造就世界最強 04.epub,平凡職業造就世界最強 04,白米良,zh-TW,,東立出版社,urn:uuid:8f2234e3-49a6-44a9-b9af-2c1dd06a98f7
平凡職業造就世界最強 05,白米良,2025-05-19,平凡職業造就世界最強 05.epub,平凡職業造就世界最強 05,白米良,zh-TW,,東立出版社,urn:uuid:6922364c-2bd0-4d73-acb1-d4562522106b
平凡職業造就世界最強 06,白米良,2025-05-19,平凡職業造就世界最強 06.epub,平凡職業造就世界最強 06,白米良,zh-TW,,東立出版社,urn:uuid:94ab380c-1a07-4713-8a91-b55fc8af7386
平凡職業造就世界最強 07,白米良,2025-05-19,平凡職業造就世界最強 07.epub,平凡職業造就世界最強 07,白米良,zh-TW,,東立出版社,urn:uuid:3a106b4a-4124-4c82-a326-07f40f5634db
平凡職業造就世界最強 08,白米良,2025-05-19,平凡職業造就世界最強 08.epub,平凡職業造就世界最強 08,白米良,zh-TW,,東立出版社,urn:uuid:d9468e78-5510-4c2c-a1bc-c719eb8cb531
平凡職業造就世界最強 09,白米良,2025-05-19,平凡職業造就世界最強 09.epub,平凡職業造就世界最強 09,白米良,zh-TW,,東立出版社,urn:uuid:487d4910-ea1d-4290-92a7-3f67b22dd744
平凡職業造就世界最強 10,白米良,2025-05-19,平凡職業造就世界最強 10.epub,平凡職業造就世界最強 10,白米良,zh-TW,,東立出版社,urn:uuid:ff05b752-c7d5-475d-b347-247f531262d0
平凡職業造就世界最強 11,白米良,2025-05-19,平凡職業造就世界最強 11.epub,平凡職業造就世界最強 11,白米良,zh-TW,,東立出版社,urn:uuid:755ab19c-1b0d-4244-8c7e-1102a280b49f
平凡職業造就世界最強 12,白米良,2025-05-19,平凡職業造就世界最強 12.epub,平凡職業造就世界最強 12,白米良,zh-TW,,東立出版社,urn:uuid:eaa60f97-d634-4941-b3ee-99a34e9b60e9
平凡職業造就世界最強 13,白米良,2025-05-19,平凡職業造就世界最強 13.epub,平凡職業造就世界最強 13,白米良,zh,,東立出版社,d340e639-ca3e-436a-81ed-eb19fb6d87e5
平凡職業造就世界最強 短篇集,白米良,2025-05-19,平凡職業造就世界最強 短篇集.epub,平凡職業造就世界最強 短篇集,白米良,zh-TW,,東立出版社,urn:uuid:d1962a13-bae6-4f74-98cb-1062e2fa2be4
幼女战记 1 Deus lo vult,カルロ·ゼン,2025-05-27,幼女战记 1 Deus lo vult.epub,幼女战记 1 Deus lo vult,カルロ·ゼン,zh,天使动漫,,urn:uuid:d75121ad-4110-40f9-bcbf-0b67881eef15
幼女战记 10 Viribus Unitis,カルロ·ゼン,2025-05-27,幼女战记 10 Viribus Unitis.epub,幼女战记 10 Viribus Unitis,カルロ·ゼン,zh,天使动漫,,urn:uuid:d75121ad-4110-40f9-bcbf-0b67881eef15
幼女战记 11 Alea iacta est,カルロ・ゼン,2025-05-27,幼女战记 11 Alea iacta est.epub,幼女战记 11 Alea iacta est,カルロ・ゼン,zh-CH,轻书架,KADOKAWA / 角川书店,TAIWAN_KADOKAWA_E_CL0239_11
"幼女战记 12 Mundus vult decipi, ergo decipiatur",カルロ・ゼン,2025-05-27,幼女战记 12 Mundus vult decipi ergo decipiatur.epub,"幼女战记 12 Mundus vult decipi, ergo decipiatur",カルロ・ゼン,zh-CN,天使动漫论坛,,urn:uuid:b95c21fb-597a-4156-8c32-6809cb110a84
"幼女战记 14 Dum spiro,spero ‐下‐",カルロ・ゼン,2025-05-27,幼女战记 14 Dum spirospero 下.epub,"幼女战记 14 Dum spiro,spero ‐下‐",カルロ・ゼン,zh-CN,,,urn:uuid:03746306-0d41-49b9-be87-b68f86298ae6
幼女战记 2 Plus Ultra,カルロ·ゼン,2025-05-27,幼女战记 2 Plus Ultra.epub,幼女战记 2 Plus Ultra,カルロ·ゼン,zh,天使动漫,,urn:uuid:d75121ad-4110-40f9-bcbf-0b67881eef15
幼女战记 3 The Finest Hour,カルロ·ゼン,2025-05-27,幼女战记 3 The Finest Hour.epub,幼女战记 3 The Finest Hour,カルロ·ゼン,zh,天使动漫,,urn:uuid:d75121ad-4110-40f9-bcbf-0b67881eef15
幼女战记 4 Dabit deus his quoque finem,カルロ·ゼン,2025-05-27,幼女战记 4 Dabit deus his quoque finem.epub,幼女战记 4 Dabit deus his quoque finem,カルロ·ゼン,zh,天使动漫,,urn:uuid:d75121ad-4110-40f9-bcbf-0b67881eef15
幼女战记 5 Abyssus abyssum invocat,カルロ·ゼン,2025-05-27,幼女战记 5 Abyssus abyssum invocat.epub,幼女战记 5 Abyssus abyssum invocat,カルロ·ゼン,zh,天使动漫,,urn:uuid:d75121ad-4110-40f9-bcbf-0b67881eef15
幼女战记 6 Nil admirari,カルロ·ゼン,2025-05-27,幼女战记 6 Nil admirari.epub,幼女战记 6 Nil admirari,カルロ·ゼン,zh,天使动漫,,urn:uuid:d75121ad-4110-40f9-bcbf-0b67881eef15
"幼女战记 7 Ut sementem feceris,ita metes",カルロ·ゼン,2025-05-27,幼女战记 7 Ut sementem fecerisita metes.epub,"幼女战记 7 Ut sementem feceris,ita metes",カルロ·ゼン,zh,天使动漫,,urn:uuid:d75121ad-4110-40f9-bcbf-0b67881eef15
幼女战记 8 In omnia paratusi,カルロ·ゼン,2025-05-27,幼女战记 8 In omnia paratusi.epub,幼女战记 8 In omnia paratusi,カルロ·ゼン,zh,天使动漫,,urn:uuid:d75121ad-4110-40f9-bcbf-0b67881eef15
幼女战记 9 Omnes una manet nox,カルロ·ゼン,2025-05-27,幼女战记 9 Omnes una manet nox.epub,幼女战记 9 Omnes una manet nox,カルロ·ゼン,zh,天使动漫,,urn:uuid:d75121ad-4110-40f9-bcbf-0b67881eef15
"幼女战记 第十三卷 Dum spiro, spero 上",カルロ・ゼン,2025-05-27,幼女战记 第十三卷 Dum spiro spero 上.epub,"幼女战记 第十三卷 Dum spiro, spero 上",カルロ・ゼン,zh,https://www.wenku8.cc/book/1792.htm,Fami通文库,calibre:22308
幼馴染の妹の家庭教師をはじめたら４ 彼女になった幼馴染とキスをした (富士見ファンタジア文庫),すかいふぁーむ,2026-02-10,幼馴染の妹の家庭教師をはじめたら４ 彼女になった幼馴染とキスをした 富士見ファンタジア文庫.epub,幼馴染の妹の家庭教師をはじめたら４ 彼女になった幼馴染とキスをした (富士見ファンタジア文庫),すかいふぁーむ,zh-CN,,株式会社ＫＡＤＯＫＡＷＡ,c6d76746-f462-472a-8b35-d4380837276b
异世界拷问姬-第一卷-迷糊轻小说,,2025-06-03,异世界拷问姬-第一卷-迷糊轻小说.epub,异世界拷问姬-第一卷-迷糊轻小说,,zh,http://www.yidm.com/article/info/2/2035.html,迷糊轻小说(www.yidm.com),http://www.yidm.com/article/info/2/2035.html
异世界拷问姬-第七卷-迷糊轻小说,,2025-06-03,异世界拷问姬-第七卷-迷糊轻小说.epub,异世界拷问姬-第七卷-迷糊轻小说,,zh,http://www.yidm.com/article/info/2/2035.html,迷糊轻小说(www.yidm.com),http://www.yidm.com/article/info/2/2035.html
异世界拷问姬-第三卷-迷糊轻小说,,2025-05-19,异世界拷问姬-第三卷-迷糊轻小说.epub,异世界拷问姬-第三卷-迷糊轻小说,,zh,http://www.yidm.com/article/info/2/2035.html,迷糊轻小说(www.yidm.com),http://www.yidm.com/article/info/2/2035.html
异世界拷问姬-第九卷-迷糊轻小说,,2025-06-03,异世界拷问姬-第九卷-迷糊轻小说.epub,异世界拷问姬-第九卷-迷糊轻小说,,zh,http://www.yidm.com/article/info/2/2035.html,迷糊轻小说(www.yidm.com),http://www.yidm.com/article/info/2/2035.html
异世界拷问姬-第二卷-迷糊轻小说,,2025-06-03,异世界拷问姬-第二卷-迷糊轻小说.epub,异世界拷问姬-第二卷-迷糊轻小说,,zh,http://www.yidm.com/article/info/2/2035.html,迷糊轻小说(www.yidm.com),http://www.yidm.com/article/info/2/2035.html
异世界拷问姬-第五卷-迷糊轻小说,,2025-06-03,异世界拷问姬-第五卷-迷糊轻小说.epub,异世界拷问姬-第五卷-迷糊轻小说,,zh,http://www.yidm.com/article/info/2/2035.html,迷糊轻小说(www.yidm.com),http://www.yidm.com/article/info/2/2035.html
异世界拷问姬-第八卷-迷糊轻小说,,2025-06-03,异世界拷问姬-第八卷-迷糊轻小说.epub,异世界拷问姬-第八卷-迷糊轻小说,,zh,http://www.yidm.com/article/info/2/2035.html,迷糊轻小说(www.yidm.com),http://www.yidm.com/article/info/2/2035.html
异世界拷问姬-第六卷-迷糊轻小说,,2025-06-03,异世界拷问姬-第六卷-迷糊轻小说.epub,异世界拷问姬-第六卷-迷糊轻小说,,zh,http://www.yidm.com/article/info/2/2035.html,迷糊轻小说(www.yidm.com),http://www.yidm.com/article/info/2/2035.html
异世界拷问姬-第四卷-迷糊轻小说,,2025-06-03,异世界拷问姬-第四卷-迷糊轻小说.epub,异世界拷问姬-第四卷-迷糊轻小说,,zh,http://www.yidm.com/article/info/2/2035.html,迷糊轻小说(www.yidm.com),http://www.yidm.com/article/info/2/2035.html
弹珠汽水瓶里的千岁同学 短篇集册子,裕夢,2025-10-04,弹珠汽水瓶里的千岁同学 短篇集册子.epub,弹珠汽水瓶里的千岁同学 短篇集册子,裕夢,zh,https://www.wenku8.cc/book/2784.htm,小学馆,calibre:22585
弹珠汽水瓶里的千岁同学 第6.5卷,裕夢,2025-10-04,弹珠汽水瓶里的千岁同学 第6.epub,弹珠汽水瓶里的千岁同学 第6.5卷,裕夢,zh,https://www.wenku8.cc/book/2784.htm,小学馆,calibre:22587
弹珠汽水瓶里的千岁同学 第一卷,裕夢,2025-10-04,弹珠汽水瓶里的千岁同学 第一卷.epub,弹珠汽水瓶里的千岁同学 第一卷,裕夢,zh,https://www.wenku8.cc/book/2784.htm,小学馆,calibre:22580
弹珠汽水瓶里的千岁同学 第七卷,裕夢,2025-10-04,弹珠汽水瓶里的千岁同学 第七卷.epub,弹珠汽水瓶里的千岁同学 第七卷,裕夢,zh,https://www.wenku8.cc/book/2784.htm,小学馆,calibre:22589
弹珠汽水瓶里的千岁同学 第三卷,裕夢,2025-10-04,弹珠汽水瓶里的千岁同学 第三卷.epub,弹珠汽水瓶里的千岁同学 第三卷,裕夢,zh,https://www.wenku8.cc/book/2784.htm,小学馆,calibre:22582
弹珠汽水瓶里的千岁同学 第九卷,裕夢,2025-10-04,弹珠汽水瓶里的千岁同学 第九卷.epub,弹珠汽水瓶里的千岁同学 第九卷,裕夢,zh,https://www.wenku8.cc/book/2784.htm,小学馆,calibre:22579
弹珠汽水瓶里的千岁同学 第二卷,裕夢,2025-10-04,弹珠汽水瓶里的千岁同学 第二卷.epub,弹珠汽水瓶里的千岁同学 第二卷,裕夢,zh,https://www.wenku8.cc/book/2784.htm,小学馆,calibre:22581
弹珠汽水瓶里的千岁同学 第五卷,裕夢,2025-10-04,弹珠汽水瓶里的千岁同学 第五卷.epub,弹珠汽水瓶里的千岁同学 第五卷,裕夢,zh,https://www.wenku8.cc/book/2784.htm,小学馆,calibre:22584
弹珠汽水瓶里的千岁同学 第八卷,裕夢,2025-10-04,弹珠汽水瓶里的千岁同学 第八卷.epub,弹珠汽水瓶里的千岁同学 第八卷,裕夢,zh,https://www.wenku8.cc/book/2784.htm,小学馆,calibre:22588
弹珠汽水瓶里的千岁同学 第六卷,裕夢,2025-10-04,弹珠汽水瓶里的千岁同学 第六卷.epub,弹珠汽水瓶里的千岁同学 第六卷,裕夢,zh,https://www.wenku8.cc/book/2784.htm,小学馆,calibre:22586
弹珠汽水瓶里的千岁同学 第四卷,裕夢,2025-10-04,弹珠汽水瓶里的千岁同学 第四卷.epub,弹珠汽水瓶里的千岁同学 第四卷,裕夢,zh,https://www.wenku8.cc/book/2784.htm,小学馆,calibre:22583
性状王【斐川紫旺編】,,2025-08-01,性状王斐川紫旺編.epub,性状王【斐川紫旺編】,,zh-CN,,,urn:uuid:748e9071-eaa1-40e5-bff7-98fa4dde6e17
怪人的沙拉碗 第一卷,平坂読,2025-12-23,怪人的沙拉碗 第一卷.epub,怪人的沙拉碗 第一卷,平坂読,zh,https://www.wenku8.cc/book/3354.htm,小学馆,calibre:23414
怪人的沙拉碗 第七卷,平坂読,2025-12-23,怪人的沙拉碗 第七卷.epub,怪人的沙拉碗 第七卷,平坂読,zh,https://www.wenku8.cc/book/3354.htm,小学馆,calibre:23413
怪人的沙拉碗 第三卷,平坂読,2025-12-23,怪人的沙拉碗 第三卷.epub,怪人的沙拉碗 第三卷,平坂読,zh,https://www.wenku8.cc/book/3354.htm,小学馆,calibre:23416
怪人的沙拉碗 第二卷,平坂読,2025-12-23,怪人的沙拉碗 第二卷.epub,怪人的沙拉碗 第二卷,平坂読,zh,https://www.wenku8.cc/book/3354.htm,小学馆,calibre:27562
怪人的沙拉碗 第五卷,平坂読,2025-12-23,怪人的沙拉碗 第五卷.epub,怪人的沙拉碗 第五卷,平坂読,zh,https://www.wenku8.net/book/3354.htm,小学馆,calibre:21402
怪人的沙拉碗 第八卷,平坂読,2025-12-23,怪人的沙拉碗 第八卷.epub,怪人的沙拉碗 第八卷,平坂読,zh,https://www.wenku8.cc/book/3354.htm,小学馆,calibre:2449
怪人的沙拉碗 第六卷,平坂読,2025-12-23,怪人的沙拉碗 第六卷.epub,怪人的沙拉碗 第六卷,平坂読,zh,https://www.wenku8.cc/book/3354.htm,小学馆,calibre:23418
怪人的沙拉碗 第四卷,平坂読,2025-12-23,怪人的沙拉碗 第四卷.epub,怪人的沙拉碗 第四卷,平坂読,zh,https://www.wenku8.cc/book/3354.htm,小学馆,calibre:23417
恋は双子で割り切れない６ (電撃文庫),高村 資本,2025-10-04,恋は双子で割り切れない６ 電撃文庫.epub,恋は双子で割り切れない６ (電撃文庫),高村 資本,zh-CN,,株式会社ＫＡＤＯＫＡＷＡ,mobi-asin:B0D8RZBVN6
恋入膏肓,,2026-01-24,恋入膏肓.epub,恋入膏肓,,zh,,,urn:isbn:1
恶女的唯一朋友,포포김,2025-11-30,恶女的唯一朋友.epub,恶女的唯一朋友,포포김,zh,https://www.esjzone.cc/detail/1759741332.html,,urn:uuid:b8f81bb3-ba6f-43a5-9f05-b4bdd8d5bc78
我。当备胎女友就可以 第四卷,西 条陽,2025-05-19,我当备胎女友就可以 第四卷.epub,我。当备胎女友就可以 第四卷,西 条陽,zh-CN,,,urn:uuid:329f185a-3160-4554-9773-926a051c70d5
我与学生的禁断之吻。一旦曝光就完了。 第一卷,扇風気周,2025-11-24,我与学生的禁断之吻一旦曝光就完了 第一卷.epub,我与学生的禁断之吻。一旦曝光就完了。 第一卷,扇風気周,zh,https://www.wenku8.cc/book/3882.htm,电击文库,calibre:23954
我买下了与她的每周密会～以五千圆为借口，共度两人时光～ 短篇,羽田宇佐,2025-08-20,我买下了与她的每周密会～以五千圆为借口共度两人时光～ 短篇.epub,我买下了与她的每周密会～以五千圆为借口，共度两人时光～ 短篇,羽田宇佐,zh,https://www.wenku8.net/book/3519.htm,富士见文库,calibre:21940
我买下了与她的每周密会～以五千圆为借口，共度两人时光～ 第七卷,羽田宇佐,2025-08-25,我买下了与她的每周密会～以五千圆为借口共度两人时光～ 第七卷.epub,我买下了与她的每周密会～以五千圆为借口，共度两人时光～ 第七卷,羽田宇佐,zh,https://www.wenku8.cc/book/3519.htm,富士见文库,calibre:26597
我们不可能成为恋人！绝对不行。(※似乎可行？) 短篇,みかみてれん,2025-09-24,我们不可能成为恋人绝对不行似乎可行 短篇.epub,我们不可能成为恋人！绝对不行。(※似乎可行？) 短篇,みかみてれん,zh,https://www.wenku8.cc/book/2751.htm,集英社,calibre:24475
我们不可能成为恋人！绝对不行。(※似乎可行？) 第一卷,みかみてれん,2025-09-24,我们不可能成为恋人绝对不行似乎可行 第一卷.epub,我们不可能成为恋人！绝对不行。(※似乎可行？) 第一卷,みかみてれん,zh,https://www.wenku8.cc/book/2751.htm,集英社,calibre:544
我们不可能成为恋人！绝对不行。(※似乎可行？) 第七卷,みかみてれん,2025-09-24,我们不可能成为恋人绝对不行似乎可行 第七卷.epub,我们不可能成为恋人！绝对不行。(※似乎可行？) 第七卷,みかみてれん,zh,https://www.wenku8.cc/book/2751.htm,集英社,calibre:545
我们不可能成为恋人！绝对不行。(※似乎可行？) 第三卷,みかみてれん,2025-09-24,我们不可能成为恋人绝对不行似乎可行 第三卷.epub,我们不可能成为恋人！绝对不行。(※似乎可行？) 第三卷,みかみてれん,zh,https://www.wenku8.cc/book/2751.htm,集英社,calibre:24473
我们不可能成为恋人！绝对不行。(※似乎可行？) 第二卷,みかみてれん,2025-09-24,我们不可能成为恋人绝对不行似乎可行 第二卷.epub,我们不可能成为恋人！绝对不行。(※似乎可行？) 第二卷,みかみてれん,zh,https://www.wenku8.cc/book/2751.htm,集英社,calibre:24472
我们不可能成为恋人！绝对不行。(※似乎可行？) 第五卷,みかみてれん,2025-09-24,我们不可能成为恋人绝对不行似乎可行 第五卷.epub,我们不可能成为恋人！绝对不行。(※似乎可行？) 第五卷,みかみてれん,zh,https://www.wenku8.cc/book/2751.htm,集英社,calibre:24476
我们不可能成为恋人！绝对不行。(※似乎可行？) 第六卷,みかみてれん,2025-09-24,我们不可能成为恋人绝对不行似乎可行 第六卷.epub,我们不可能成为恋人！绝对不行。(※似乎可行？) 第六卷,みかみてれん,zh,https://www.wenku8.cc/book/2751.htm,集英社,calibre:24470
我们不可能成为恋人！绝对不行。(※似乎可行？) 第四卷,みかみてれん,2025-09-24,我们不可能成为恋人绝对不行似乎可行 第四卷.epub,我们不可能成为恋人！绝对不行。(※似乎可行？) 第四卷,みかみてれん,zh,https://www.wenku8.cc/book/2751.htm,集英社,calibre:24474
我依然心系于你 [第一卷],あまさきみりと,2025-08-10,我依然心系于你 第一卷.epub,我依然心系于你 [第一卷],あまさきみりと,zh,,374260,https://www.bilinovel.com/novel/2948.html?fromuid=374260
我依然心系于你 [第二卷],あまさきみりと,2025-08-10,我依然心系于你 第二卷.epub,我依然心系于你 [第二卷],あまさきみりと,zh,,374260,https://www.bilinovel.com/novel/2948.html?fromuid=374260
我和女友的妹妹接吻了,,2025-05-19,我和女友的妹妹接吻了.epub,我和女友的妹妹接吻了,,zh-CN,,,urn:uuid:d77ef021-33dd-468e-87c0-0eac8518f452
我和女友的妹妹接吻了 2,,2025-05-19,我和女友的妹妹接吻了 2.epub,我和女友的妹妹接吻了 2,,zh-CN,,,urn:uuid:d77ef021-33dd-468e-87c0-0eac8518f452
我和女友的妹妹接吻了 4,海空陆,2025-05-19,我和女友的妹妹接吻了 4.epub,我和女友的妹妹接吻了 4,海空陆,zh,,,http://www.yidm.com/article/info/2/2129.html
我和女友的妹妹接吻了。 03,海空りく,2025-05-19,我和女友的妹妹接吻了 03.epub,我和女友的妹妹接吻了。 03,海空りく,zh-CN,,,urn:uuid:d77ef021-33dd-468e-87c0-0eac8518f452
我和班上第二可爱的女生成为朋友 第一卷,たかた,2025-08-29,我和班上第二可爱的女生成为朋友 第一卷.epub,我和班上第二可爱的女生成为朋友 第一卷,たかた,zh,https://www.wenku8.net/book/3496.htm,角川文库,calibre:21448
我和班上第二可爱的女生成为朋友 第三卷,たかた,2025-08-29,我和班上第二可爱的女生成为朋友 第三卷.epub,我和班上第二可爱的女生成为朋友 第三卷,たかた,zh,https://www.wenku8.net/book/3496.htm,角川文库,calibre:21451
我和班上第二可爱的女生成为朋友 第二卷,たかた,2025-08-29,我和班上第二可爱的女生成为朋友 第二卷.epub,我和班上第二可爱的女生成为朋友 第二卷,たかた,zh,https://www.wenku8.net/book/3496.htm,角川文库,calibre:21449
我和班上第二可爱的女生成为朋友 第五卷,たかた,2025-08-29,我和班上第二可爱的女生成为朋友 第五卷.epub,我和班上第二可爱的女生成为朋友 第五卷,たかた,zh,https://www.wenku8.cc/book/3496.htm,角川文库,calibre:21447
我和班上第二可爱的女生成为朋友 第六卷,たかた,2025-08-29,我和班上第二可爱的女生成为朋友 第六卷.epub,我和班上第二可爱的女生成为朋友 第六卷,たかた,zh,https://www.wenku8.cc/book/3496.htm,角川文库,calibre:25116
我和班上第二可爱的女生成为朋友 第四卷,たかた,2025-08-29,我和班上第二可爱的女生成为朋友 第四卷.epub,我和班上第二可爱的女生成为朋友 第四卷,たかた,zh,https://www.wenku8.net/book/3496.htm,角川文库,calibre:21450
我喜欢的妹妹不是妹妹 1,恵比须清司,2025-10-29,我喜欢的妹妹不是妹妹 1.epub,我喜欢的妹妹不是妹妹 1,恵比须清司,zh-TW,轻之国度,,urn:uuid:63adf839-bed4-41a5-9b05-76f5defd5688
我喜欢的妹妹不是妹妹 2,恵比须清司,2025-10-29,我喜欢的妹妹不是妹妹 2.epub,我喜欢的妹妹不是妹妹 2,恵比须清司,zh-TW,轻之国度,,urn:uuid:63adf839-bed4-41a5-9b05-76f5defd5688
我喜欢的妹妹不是妹妹 3,恵比须清司,2025-10-29,我喜欢的妹妹不是妹妹 3.epub,我喜欢的妹妹不是妹妹 3,恵比须清司,zh-TW,轻之国度,,urn:uuid:63adf839-bed4-41a5-9b05-76f5defd5688
我喜欢的妹妹不是妹妹 4,恵比须清司,2025-10-29,我喜欢的妹妹不是妹妹 4.epub,我喜欢的妹妹不是妹妹 4,恵比须清司,zh-TW,轻之国度,,urn:uuid:63adf839-bed4-41a5-9b05-76f5defd5688
我喜欢的妹妹不是妹妹 5,恵比须清司,2025-10-29,我喜欢的妹妹不是妹妹 5.epub,我喜欢的妹妹不是妹妹 5,恵比须清司,zh-TW,轻之国度,,urn:uuid:63adf839-bed4-41a5-9b05-76f5defd5688
我喜欢的妹妹不是妹妹 6,恵比须清司,2025-10-29,我喜欢的妹妹不是妹妹 6.epub,我喜欢的妹妹不是妹妹 6,恵比须清司,zh-CN,轻之国度,,urn:uuid:63adf839-bed4-41a5-9b05-76f5defd5688
我喜欢的妹妹不是妹妹 7,恵比须清司,2025-10-29,我喜欢的妹妹不是妹妹 7 1.epub,我喜欢的妹妹不是妹妹 7,恵比须清司,zh-CN,轻之国度,,urn:uuid:63adf839-bed4-41a5-9b05-76f5defd5688
我喜欢的妹妹不是妹妹 7.5,恵比须清司,2025-10-29,我喜欢的妹妹不是妹妹 7.epub,我喜欢的妹妹不是妹妹 7.5,恵比须清司,zh-CN,轻之国度,,urn:uuid:63adf839-bed4-41a5-9b05-76f5defd5688
我喜欢的妹妹不是妹妹 8,恵比须清司,2025-10-29,我喜欢的妹妹不是妹妹 8.epub,我喜欢的妹妹不是妹妹 8,恵比须清司,zh-CN,轻之国度,,urn:uuid:63adf839-bed4-41a5-9b05-76f5defd5688
我喜欢的是妹妹但不是妹妹 10,恵比须清司,2025-10-29,我喜欢的是妹妹但不是妹妹 10.epub,我喜欢的是妹妹但不是妹妹 10,恵比须清司,zh-CN,悠月汉化组,,urn:uuid:63adf839-bed4-41a5-9b05-76f5defd5688
我喜欢的是妹妹但不是妹妹 11,恵比须清司,2025-10-29,我喜欢的是妹妹但不是妹妹 11.epub,我喜欢的是妹妹但不是妹妹 11,恵比须清司,zh-CN,悠月汉化组,,urn:uuid:63adf839-bed4-41a5-9b05-76f5defd5688
我喜欢的是妹妹但不是妹妹 2017富士见感谢祭短篇,惠比须清司,2025-10-29,我喜欢的是妹妹但不是妹妹 2017富士见感谢祭短篇.epub,我喜欢的是妹妹但不是妹妹 2017富士见感谢祭短篇,惠比须清司,zh-CN,,,urn:uuid:273fd756-62f2-4858-8d67-99e08f24bba9
我喜欢的是妹妹但不是妹妹 2018圣诞短篇,惠比须清司,2025-10-29,我喜欢的是妹妹但不是妹妹 2018圣诞短篇.epub,我喜欢的是妹妹但不是妹妹 2018圣诞短篇,惠比须清司,zh-CN,,,urn:uuid:273fd756-62f2-4858-8d67-99e08f24bba9
我喜欢的是妹妹但不是妹妹 2019日历短篇,惠比须清司,2025-10-29,我喜欢的是妹妹但不是妹妹 2019日历短篇.epub,我喜欢的是妹妹但不是妹妹 2019日历短篇,惠比须清司,zh-CN,,,urn:uuid:273fd756-62f2-4858-8d67-99e08f24bba9
我喜欢的是妹妹但不是妹妹 9,恵比须清司,2025-10-29,我喜欢的是妹妹但不是妹妹 9.epub,我喜欢的是妹妹但不是妹妹 9,恵比须清司,zh-CN,悠月汉化组,,urn:uuid:63adf839-bed4-41a5-9b05-76f5defd5688
我喜欢的是妹妹但不是妹妹 Dragon magazine短篇,惠比须清司,2025-10-29,我喜欢的是妹妹但不是妹妹 Dragon magazine短篇.epub,我喜欢的是妹妹但不是妹妹 Dragon magazine短篇,惠比须清司,zh-CN,,,urn:uuid:273fd756-62f2-4858-8d67-99e08f24bba9
我当备胎女友也没关系。 [第七卷],西条阳,2025-08-29,我当备胎女友也没关系 第七卷.epub,我当备胎女友也没关系。 [第七卷],西条阳,zh,,374260,https://www.bilinovel.com/novel/3080.html?fromuid=374260
我当备胎女友也没关系。 [第八卷],西条阳,2025-08-29,我当备胎女友也没关系 第八卷.epub,我当备胎女友也没关系。 [第八卷],西条阳,zh,,374260,https://www.bilinovel.com/novel/3080.html?fromuid=374260
我当备胎女友也没关系。 [第六卷],西条阳,2025-08-29,我当备胎女友也没关系 第六卷.epub,我当备胎女友也没关系。 [第六卷],西条阳,zh,,374260,https://www.bilinovel.com/novel/3080.html?fromuid=374260
我当备胎女友也没关系。 第一卷,,2025-05-19,我当备胎女友也没关系 第一卷.epub,我当备胎女友也没关系。 第一卷,,zh,,,urn:uuid:00000000-0000-0000-0000-000000000000
我当备胎女友也没关系。 第七卷,,2025-05-19,我当备胎女友也没关系 第七卷.epub,我当备胎女友也没关系。 [第七卷],西条阳,zh,,374260,https://www.bilinovel.com/novel/3080.html?fromuid=374260
我当备胎女友也没关系。 第三卷,,2025-05-19,我当备胎女友也没关系 第三卷.epub,我当备胎女友也没关系。 第三卷,,zh,,,urn:uuid:00000000-0000-0000-0000-000000000000
我当备胎女友也没关系。 第二卷,,2025-05-19,我当备胎女友也没关系 第二卷.epub,我当备胎女友也没关系。 第二卷,,zh,,,urn:uuid:00000000-0000-0000-0000-000000000000
我心爱之人的妹妹 短篇,犬甘あんず,2026-02-11,我心爱之人的妹妹 短篇.epub,我心爱之人的妹妹 短篇,犬甘あんず,zh,https://www.wenku8.cc/book/3763.htm,角川文库,calibre:26112
我心爱之人的妹妹 第一卷,犬甘あんず,2026-02-11,我心爱之人的妹妹 第一卷.epub,我心爱之人的妹妹 第一卷,犬甘あんず,zh,https://www.wenku8.cc/book/3763.htm,角川文库,calibre:26111
我心爱之人的妹妹 第三卷,犬甘あんず,2026-02-11,我心爱之人的妹妹 第三卷.epub,我心爱之人的妹妹 第三卷,犬甘あんず,zh,https://www.wenku8.cc/book/3763.htm,角川文库,calibre:26110
我心爱之人的妹妹 第二卷,犬甘あんず,2026-02-11,我心爱之人的妹妹 第二卷.epub,我心爱之人的妹妹 第二卷,犬甘あんず,zh,https://www.wenku8.cc/book/3763.htm,角川文库,calibre:26113
我的妹妹哪有这么可爱！ 14 绫濑if 下,伏見つかさ,2026-02-11,我的妹妹哪有这么可爱 14 绫濑if 下.epub,我的妹妹哪有这么可爱！ 14 绫濑if 下,伏見つかさ,zh,,,urn:uuid:4c54f950-f41b-4eaa-86d3-9216b24f2e3a
我的妹妹哪有这么可爱！01,伏见つかさ,2026-02-11,我的妹妹哪有这么可爱01.epub,我的妹妹哪有这么可爱！01,伏见つかさ,zh,http://www.lightnovel.cn,轻之国度,urn:uuid:5208e6bb-5d25-45b0-a7fd-b97d79a85fd4
我的妹妹哪有这么可爱！02,伏见つかさ,2026-02-11,我的妹妹哪有这么可爱02.epub,我的妹妹哪有这么可爱！02,伏见つかさ,zh,http://www.lightnovel.cn,轻之国度,urn:uuid:5208e6bb-5d25-45b0-a7fd-b97d79a85fd4
我的妹妹哪有这么可爱！03,伏见つかさ,2026-02-11,我的妹妹哪有这么可爱03.epub,我的妹妹哪有这么可爱！03,伏见つかさ,zh,http://www.lightnovel.cn,轻之国度,urn:uuid:5208e6bb-5d25-45b0-a7fd-b97d79a85fd4
我的妹妹哪有这么可爱！04,伏见つかさ,2026-02-11,我的妹妹哪有这么可爱04.epub,我的妹妹哪有这么可爱！04,伏见つかさ,zh,http://www.lightnovel.cn,轻之国度,urn:uuid:5208e6bb-5d25-45b0-a7fd-b97d79a85fd4
我的妹妹哪有这么可爱！05,伏见つかさ,2026-02-11,我的妹妹哪有这么可爱05.epub,我的妹妹哪有这么可爱！05,伏见つかさ,zh,http://www.lightnovel.cn,轻之国度,urn:uuid:5208e6bb-5d25-45b0-a7fd-b97d79a85fd4
我的妹妹哪有这么可爱！06,伏见つかさ,2026-02-11,我的妹妹哪有这么可爱06.epub,我的妹妹哪有这么可爱！06,伏见つかさ,zh,http://www.lightnovel.cn,轻之国度,urn:uuid:5208e6bb-5d25-45b0-a7fd-b97d79a85fd4
我的妹妹哪有这么可爱！07,伏见つかさ,2026-02-11,我的妹妹哪有这么可爱07.epub,我的妹妹哪有这么可爱！07,伏见つかさ,zh,http://www.lightnovel.cn,轻之国度,urn:uuid:5208e6bb-5d25-45b0-a7fd-b97d79a85fd4
我的妹妹哪有这么可爱！08,伏见つかさ,2026-02-11,我的妹妹哪有这么可爱08.epub,我的妹妹哪有这么可爱！08,伏见つかさ,zh,http://www.lightnovel.cn,轻之国度,urn:uuid:5208e6bb-5d25-45b0-a7fd-b97d79a85fd4
我的妹妹哪有这么可爱！09,伏见つかさ,2026-02-11,我的妹妹哪有这么可爱09.epub,我的妹妹哪有这么可爱！09,伏见つかさ,zh,http://www.lightnovel.cn,轻之国度,urn:uuid:5208e6bb-5d25-45b0-a7fd-b97d79a85fd4
我的妹妹哪有这么可爱！10,伏见つかさ,2026-02-11,我的妹妹哪有这么可爱10.epub,我的妹妹哪有这么可爱！10,伏见つかさ,zh,http://www.lightnovel.cn,轻之国度,urn:uuid:5208e6bb-5d25-45b0-a7fd-b97d79a85fd4
我的妹妹哪有这么可爱！11,伏见つかさ,2026-02-11,我的妹妹哪有这么可爱11.epub,我的妹妹哪有这么可爱！11,伏见つかさ,zh,http://www.lightnovel.cn,轻之国度,urn:uuid:5208e6bb-5d25-45b0-a7fd-b97d79a85fd4
我的妹妹哪有这么可爱！12,伏见つかさ,2026-02-11,我的妹妹哪有这么可爱12.epub,我的妹妹哪有这么可爱！12,伏见つかさ,zh,http://www.lightnovel.cn,轻之国度,urn:uuid:5208e6bb-5d25-45b0-a7fd-b97d79a85fd4
我的妹妹哪有这么可爱！13 绫濑if 上,伏見つかさ,2026-02-11,我的妹妹哪有这么可爱13 绫濑if　上.epub,我的妹妹哪有这么可爱！13 绫濑if 上,伏見つかさ,zh-CN,,大地个人自制,urn:uuid:5208e6bb-5d25-45b0-a7fd-b97d79a85fd4
我的妹妹哪有这么可爱！15 黑猫if 上,伏見つかさ,2026-02-11,我的妹妹哪有这么可爱15 黑猫if 上.epub,我的妹妹哪有这么可爱！15 黑猫if 上,伏見つかさ,zh,,,urn:uuid:4c54f950-f41b-4eaa-86d3-9216b24f2e3a
我的妹妹哪有这么可爱！16 黑猫if 下,伏見つかさ,2026-02-11,我的妹妹哪有这么可爱16 黑猫if 下.epub,我的妹妹哪有这么可爱！16 黑猫if 下,伏見つかさ,zh,,,urn:uuid:4c54f950-f41b-4eaa-86d3-9216b24f2e3a
我的妹妹是最棒的配菜,風見源一郎,2025-05-19,我的妹妹是最棒的配菜 1.epub,我的妹妹是最棒的配菜,風見源一郎,zh,,,urn:uuid:13e26bf9-8364-4f9c-a0e0-8bc113a3ba23
我的妹妹是最棒的配菜 1,风见源一郎,2025-05-19,我的妹妹是最棒的配菜 1 1.epub,我的妹妹是最棒的配菜 1,风见源一郎,zh,,株式会社フランス书院,calibre:10
我的妹妹是最棒的配菜 2,风见源一郎,2025-05-19,我的妹妹是最棒的配菜 2.epub,我的妹妹是最棒的配菜 2,风见源一郎,zh,,株式会社フランス书院,822b7dd4-d606-4af4-9c79-ef04631858fc
我的妹妹是最棒的配菜 3,风见源一郎,2025-05-19,我的妹妹是最棒的配菜 3.epub,我的妹妹是最棒的配菜 3,风见源一郎,zh,,株式会社フランス书院,calibre:7
我的妹妹是最棒的配菜 4,风见源一郎,2025-05-19,我的妹妹是最棒的配菜 4.epub,我的妹妹是最棒的配菜 4,风见源一郎,zh,,株式会社フランス书院,calibre:6
我的妹妹是最棒的配菜 5,风见源一郎,2025-05-19,我的妹妹是最棒的配菜 5.epub,我的妹妹是最棒的配菜 5,风见源一郎,zh,,株式会社フランス书院,calibre:5
我的妹妹是最棒的配菜 6,风见源一郎,2025-05-19,我的妹妹是最棒的配菜 6.epub,我的妹妹是最棒的配菜 6,风见源一郎,zh,,株式会社フランス书院,calibre:11
我的妹妹是最棒的配菜 7,风见源一郎,2025-05-19,我的妹妹是最棒的配菜 7.epub,我的妹妹是最棒的配菜 7,风见源一郎,zh,,株式会社フランス书院,calibre:12
我的妹妹是最棒的配菜 8,风见源一郎,2025-05-19,我的妹妹是最棒的配菜 8.epub,我的妹妹是最棒的配菜 8,风见源一郎,zh,,株式会社フランス书院,calibre:13
我的妹妹是最棒的配菜 9,风见源一郎,2025-05-19,我的妹妹是最棒的配菜 9.epub,我的妹妹是最棒的配菜 9,风见源一郎,zh,,株式会社フランス书院,calibre:16
我的老婆竟然是个魔法少女。,국거리장단,2026-02-06,我的老婆竟然是个魔法少女.epub,我的老婆竟然是个魔法少女。,국거리장단,zh,,NovelSite,urn:uuid:d854f833-712a-47dd-bb20-7c172280f272
我的青春恋爱物语果然有问题。新 1,渡航,2026-01-15,我的青春恋爱物语果然有问题新 1.epub,我的青春恋爱物语果然有问题。新 1,渡航,zh-CN,花祈梦、一绪,,urn:uuid:63adf839-bed4-41a5-9b05-76f5defd5688
所谓爱恋，无聊至极 [第一卷],云雀汤,2025-05-19,所谓爱恋无聊至极 第一卷.epub,所谓爱恋，无聊至极 [第一卷],云雀汤,zh,,374260,https://www.bilinovel.com/novel/4385.html?fromuid=374260
所谓爱恋，无聊至极 [第三卷],云雀汤,2025-10-31,所谓爱恋无聊至极 第三卷.epub,所谓爱恋，无聊至极 [第三卷],云雀汤,zh,,374260,https://www.bilinovel.com/novel/4385.html?fromuid=374260
所谓爱恋，无聊至极 [第二卷],云雀汤,2025-05-19,所谓爱恋无聊至极 第二卷.epub,所谓爱恋，无聊至极 [第二卷],云雀汤,zh,,374260,https://www.bilinovel.com/novel/4385.html?fromuid=374260
手に入れた催眠アプリで夢のハーレム生活を送りたい２,みょん,2025-11-24,手に入れた催眠アプリで夢のハーレム生活を送りたい２.epub,手に入れた催眠アプリで夢のハーレム生活を送りたい２,みょん,zh-CN,,株式会社ＫＡＤＯＫＡＷＡ,calibre:976
手に入れた催眠アプリで夢のハーレム生活を送りたい３【電子特別版】,みょん,2025-11-24,手に入れた催眠アプリで夢のハーレム生活を送りたい３電子特別版.epub,手に入れた催眠アプリで夢のハーレム生活を送りたい３【電子特別版】,みょん,zh-CN,,株式会社ＫＡＤＯＫＡＷＡ,calibre:974
手に入れた催眠アプリで夢のハーレム生活を送りたい４,みょん,2025-11-24,手に入れた催眠アプリで夢のハーレム生活を送りたい４.epub,手に入れた催眠アプリで夢のハーレム生活を送りたい４,みょん,zh-CN,,株式会社ＫＡＤＯＫＡＷＡ,calibre:975
才女的侍从 第一卷 在满是高岭之花的贵族学校暗中照顾（毫无生活自理能力的）学院第一大小姐,坂石遊作,2025-05-19,才女的侍从 第一卷 在满是高岭之花的贵族学校暗中照顾毫无生活自理能力的学院第一大小姐.epub,才女的侍从 第一卷 在满是高岭之花的贵族学校暗中照顾（毫无生活自理能力的）学院第一大小姐,坂石遊作,zh,https://www.wenku8.cc/book/2967.htm,HJ文库,calibre:24847
才女的侍从 第七卷,坂石遊作,2025-05-19,才女的侍从 第七卷.epub,才女的侍从 第七卷,坂石遊作,zh,https://www.wenku8.cc/book/2967.htm,HJ文库,calibre:24846
才女的侍从 第三卷,坂石遊作,2025-05-19,才女的侍从 第三卷.epub,才女的侍从 第三卷,坂石遊作,zh,https://www.wenku8.cc/book/2967.htm,HJ文库,calibre:24841
才女的侍从 第九卷,坂石遊作,2025-05-19,才女的侍从 第九卷.epub,才女的侍从 第九卷,坂石遊作,zh,https://www.wenku8.cc/book/2967.htm,HJ文库,calibre:24848
才女的侍从 第二卷,坂石遊作,2025-05-19,才女的侍从 第二卷.epub,才女的侍从 第二卷,坂石遊作,zh,https://www.wenku8.cc/book/2967.htm,HJ文库,calibre:24840
才女的侍从 第五卷,坂石遊作,2025-05-19,才女的侍从 第五卷.epub,才女的侍从 第五卷,坂石遊作,zh,https://www.wenku8.cc/book/2967.htm,HJ文库,calibre:24843
才女的侍从 第八卷,坂石遊作,2025-05-19,才女的侍从 第八卷.epub,才女的侍从 第八卷,坂石遊作,zh,https://www.wenku8.cc/book/2967.htm,HJ文库,calibre:24849
才女的侍从 第六卷,坂石遊作,2025-05-19,才女的侍从 第六卷.epub,才女的侍从 第六卷,坂石遊作,zh,https://www.wenku8.cc/book/2967.htm,HJ文库,calibre:24844
才女的侍从 第四卷,坂石遊作,2025-05-19,才女的侍从 第四卷.epub,才女的侍从 第四卷,坂石遊作,zh,https://www.wenku8.cc/book/2967.htm,HJ文库,calibre:24842
拼死回避全灭结局。队伍的精神出了问题。 [第一卷],雨糸雀,2025-05-19,拼死回避全灭结局队伍的精神出了问题 第一卷.epub,拼死回避全灭结局。队伍的精神出了问题。 [第一卷],雨糸雀,zh,,374260,https://www.bilinovel.com/novel/4285.html?fromuid=374260
推しの敵になったので,土岐丘しゅろ,2025-06-12,推しの敵になったので.epub,推しの敵になったので,土岐丘しゅろ,zh-CN,,TOブックス,B0CKZ1NFPW
支配異世界的技能掠奪者～從零開始建造奴隸後宮～01,柑橘ゆすら,2025-05-19,支配異世界的技能掠奪者～從零開始建造奴隸後宮～01.epub,支配異世界的技能掠奪者～從零開始建造奴隸後宮～01,柑橘ゆすら,zh-TW,,東立出版社,urn:uuid:2704f056-05c5-42b9-a34b-ea5a39ab8e25
支配異世界的技能掠奪者～從零開始建造奴隸後宮～02,柑橘ゆすら,2025-05-19,支配異世界的技能掠奪者～從零開始建造奴隸後宮～02.epub,支配異世界的技能掠奪者～從零開始建造奴隸後宮～02,柑橘ゆすら,zh-TW,,東立出版社,urn:uuid:ac2ee6b2-2ba8-4f82-b27c-1a9b47d99af1
支配異世界的技能掠奪者～從零開始建造奴隸後宮～03,柑橘ゆすら,2025-05-19,支配異世界的技能掠奪者～從零開始建造奴隸後宮～03.epub,支配異世界的技能掠奪者～從零開始建造奴隸後宮～03,柑橘ゆすら,zh-TW,,東立出版社,urn:uuid:796ce75e-d5ac-4a74-8641-944707a827f1
支配異世界的技能掠奪者～從零開始建造奴隸後宮～04,柑橘ゆすら,2025-05-19,支配異世界的技能掠奪者～從零開始建造奴隸後宮～04.epub,支配異世界的技能掠奪者～從零開始建造奴隸後宮～04,柑橘ゆすら,zh-TW,,東立出版社,urn:uuid:197c83e2-5571-4111-9d0e-2e4ac4e3929f
支配異世界的技能掠奪者～從零開始建造奴隸後宮～05,柑橘ゆすら,2025-05-19,支配異世界的技能掠奪者～從零開始建造奴隸後宮～05.epub,支配異世界的技能掠奪者～從零開始建造奴隸後宮～05,柑橘ゆすら,zh-TW,,東立出版社,urn:uuid:873ca637-0d52-4b13-9d62-4aff8e2463d7
支配異世界的技能掠奪者～從零開始建造奴隸後宮～06,柑橘ゆすら,2025-05-19,支配異世界的技能掠奪者～從零開始建造奴隸後宮～06.epub,支配異世界的技能掠奪者～從零開始建造奴隸後宮～06,柑橘ゆすら,zh-TW,,東立出版社,urn:uuid:75eed7c2-6f06-4b17-bcad-98f21ce5ebe2
支配異世界的技能掠奪者～從零開始建造奴隸後宮～07,柑橘ゆすら,2025-05-19,支配異世界的技能掠奪者～從零開始建造奴隸後宮～07.epub,支配異世界的技能掠奪者～從零開始建造奴隸後宮～07,柑橘ゆすら,zh-TW,,東立出版社,urn:uuid:b22b464e-08a3-43cb-be1e-1076d7f65a15
支配異世界的技能掠奪者～從零開始建造奴隸後宮～08,柑橘ゆすら,2025-05-19,支配異世界的技能掠奪者～從零開始建造奴隸後宮～08.epub,支配異世界的技能掠奪者～從零開始建造奴隸後宮～08,柑橘ゆすら,zh-TW,,東立出版社,urn:uuid:699025fa-35be-47e2-8dea-327b2d918ba0
支配異世界的技能掠奪者～從零開始建造奴隸後宮～09,柑橘ゆすら,2025-05-19,支配異世界的技能掠奪者～從零開始建造奴隸後宮～09.epub,支配異世界的技能掠奪者～從零開始建造奴隸後宮～09,柑橘ゆすら,zh-TW,,東立出版社,urn:uuid:6aae917b-cf67-4830-a9e0-e5013d6451bf
支配異世界的技能掠奪者～從零開始建造奴隸後宮～10,柑橘ゆすら,2025-05-19,支配異世界的技能掠奪者～從零開始建造奴隸後宮～10.epub,支配異世界的技能掠奪者～從零開始建造奴隸後宮～10,柑橘ゆすら,zh-TW,,東立出版社,urn:uuid:17a3d9bd-1535-42ab-ad75-9a5104c96a81
支配異世界的技能掠奪者～從零開始建造奴隸後宮～11,柑橘ゆすら,2025-05-19,支配異世界的技能掠奪者～從零開始建造奴隸後宮～11.epub,支配異世界的技能掠奪者～從零開始建造奴隸後宮～11,柑橘ゆすら,zh-TW,,東立出版社,urn:uuid:9af7ba0f-44f0-44d4-9eae-b94a1d20f6e4
放学后的异世界咖啡馆 04,風見鶏,2025-11-17,放学后的异世界咖啡馆 04 1.epub,放学后的异世界咖啡馆 04,風見鶏,zh,百度贴吧：KLeony,,urn:uuid:572a6b34-e731-4a25-bb88-769f748f904e
放学后的异世界咖啡馆 05,風見鶏,2025-11-17,放学后的异世界咖啡馆 05 1.epub,放学后的异世界咖啡馆 05,風見鶏,zh,百度贴吧：KLeony,,urn:uuid:b19f7b1d-27ab-4765-80da-996e214da0b8
放学后的异世界咖啡馆 06,風見鶏,2025-11-17,放学后的异世界咖啡馆 06 1.epub,放学后的异世界咖啡馆 06,風見鶏,zh,百度贴吧：KLeony,,urn:uuid:572a6b34-e731-4a25-bb88-769f748f904e
放学后股长 第一卷,甲田学人,2025-12-12,放学后股长 第一卷.epub,放学后股长 第一卷,甲田学人,zh,https://www.wenku8.cc/book/3579.htm,电击文库,calibre:2371
放学后股长 第三卷,甲田学人,2025-12-12,放学后股长 第三卷.epub,放学后股长 第三卷,甲田学人,zh,https://www.wenku8.cc/book/3579.htm,电击文库,calibre:2369
放学后股长 第二卷,甲田学人,2025-12-12,放学后股长 第二卷.epub,放学后股长 第二卷,甲田学人,zh,https://www.wenku8.cc/book/3579.htm,电击文库,calibre:2370
放学后股长 第五卷 朱音小学篇,甲田学人,2025-12-12,放学后股长 第五卷 朱音小学篇.epub,放学后股长 第五卷 朱音小学篇,甲田学人,zh,https://www.wenku8.cc/book/3579.htm,电击文库,calibre:2368
放学后股长 第四卷 朱音小学篇,甲田学人,2025-12-12,放学后股长 第四卷 朱音小学篇.epub,放学后股长 第四卷 朱音小学篇,甲田学人,zh,https://www.wenku8.cc/book/3579.htm,电击文库,calibre:2367
放学后，到异世界咖啡厅喝杯咖啡 1,风见鶏,2025-11-17,放学后到异世界咖啡厅喝杯咖啡 1.epub,放学后，到异世界咖啡厅喝杯咖啡 1,风见鶏,zh-TW,轻之国度,,urn:uuid:63adf839-bed4-41a5-9b05-76f5defd5688
放学后，到异世界咖啡厅喝杯咖啡 2,风见鶏,2025-11-17,放学后到异世界咖啡厅喝杯咖啡 2.epub,放学后，到异世界咖啡厅喝杯咖啡 2,风见鶏,zh-CN,轻之国度,,urn:uuid:63adf839-bed4-41a5-9b05-76f5defd5688
放学后，到异世界咖啡厅喝杯咖啡 3,风见鶏,2025-11-17,放学后到异世界咖啡厅喝杯咖啡 3.epub,放学后，到异世界咖啡厅喝杯咖啡 3,风见鶏,zh-CN,轻之国度,,urn:uuid:63adf839-bed4-41a5-9b05-76f5defd5688
断章格林童话 I,甲田学人,2025-11-24,断章格林童话 I.epub,断章格林童话 I,甲田学人,zh,http://www.lightnovel.cn,轻之国度,urn:uuid:5208e6bb-5d25-45b0-a7fd-b97d79a85fd4
断章格林童话 Ⅱ,甲田学人,2025-11-24,断章格林童话 Ⅱ.epub,断章格林童话 Ⅱ,甲田学人,zh,http://www.lightnovel.cn,轻之国度,urn:uuid:5208e6bb-5d25-45b0-a7fd-b97d79a85fd4
断章格林童话 Ⅲ,甲田学人,2025-11-24,断章格林童话 Ⅲ.epub,断章格林童话 Ⅲ,甲田学人,zh,http://www.lightnovel.cn,轻之国度,urn:uuid:5208e6bb-5d25-45b0-a7fd-b97d79a85fd4
断章格林童话 Ⅵ 小红帽·下,甲田学人,2025-11-24,断章格林童话 Ⅵ 小红帽下.epub,断章格林童话 Ⅵ 小红帽·下,甲田学人,zh,reAct木子&amp;天使动漫,ePub制作组,urn:uuid:5208e6bb-5d25-45b0-a7fd-b97d79a85fd4
断章格林童话 Ⅶ 下金蛋的母鸡,甲田学人,2025-11-24,断章格林童话 Ⅶ 下金蛋的母鸡.epub,断章格林童话 Ⅶ 下金蛋的母鸡,甲田学人,zh,reAct木子&amp;天使动漫,ePub制作组,urn:uuid:5208e6bb-5d25-45b0-a7fd-b97d79a85fd4
断章格林童话 Ⅷ 石竹花·上,甲田学人,2025-11-24,断章格林童话 Ⅷ 石竹花上.epub,断章格林童话 Ⅷ 石竹花·上,甲田学人,zh,reAct木子&amp;天使动漫,ePub制作组,urn:uuid:5208e6bb-5d25-45b0-a7fd-b97d79a85fd4
断章格林童话 Ⅹ 玫瑰公主·上,甲田学人,2025-11-24,断章格林童话 Ⅹ 玫瑰公主上.epub,断章格林童话 Ⅹ 玫瑰公主·上,甲田学人,zh,reAct木子&amp;天使动漫,ePub制作组,urn:uuid:5208e6bb-5d25-45b0-a7fd-b97d79a85fd4
断章格林童话 ⅩⅢ 幸福王子（快乐王子）·下,甲田学人,2025-11-24,断章格林童话 ⅩⅢ 幸福王子快乐王子下.epub,断章格林童话 ⅩⅢ 幸福王子（快乐王子）·下,甲田学人,zh,reAct木子&amp;天使动漫,ePub制作组,urn:uuid:5208e6bb-5d25-45b0-a7fd-b97d79a85fd4
断章格林童话 ⅩⅣ 莴苣姑娘·上,甲田学人,2025-11-24,断章格林童话 ⅩⅣ 莴苣姑娘上.epub,断章格林童话 ⅩⅣ 莴苣姑娘·上,甲田学人,zh,reAct木子&amp;天使动漫,ePub制作组,urn:uuid:5208e6bb-5d25-45b0-a7fd-b97d79a85fd4
断章格林童话 Ⅺ 玫瑰公主·下,甲田学人,2025-11-24,断章格林童话 Ⅺ 玫瑰公主下.epub,断章格林童话 Ⅺ 玫瑰公主·下,甲田学人,zh,reAct木子&amp;天使动漫,ePub制作组,urn:uuid:5208e6bb-5d25-45b0-a7fd-b97d79a85fd4
断章格林童话 Ⅻ 幸福王子（快乐王子）·上,甲田学人,2025-11-24,断章格林童话 Ⅻ 幸福王子快乐王子上.epub,断章格林童话 Ⅻ 幸福王子（快乐王子）·上,甲田学人,zh,reAct木子&amp;天使动漫,ePub制作组,urn:uuid:5208e6bb-5d25-45b0-a7fd-b97d79a85fd4
断章格林童话-短篇-迷糊轻小说,,2025-11-24,断章格林童话-短篇-迷糊轻小说.epub,断章格林童话-短篇-迷糊轻小说,,zh,http://www.yidm.com/article/info/0/588.html,迷糊轻小说(www.yidm.com),http://www.yidm.com/article/info/0/588.html
断章格林童话Ⅳ 人鱼公主·下,甲田学人,2025-11-24,断章格林童话Ⅳ 人鱼公主下.epub,断章格林童话Ⅳ 人鱼公主·下,甲田学人,zh,reAct木子&amp;天使动漫,ePub制作组,urn:uuid:5208e6bb-5d25-45b0-a7fd-b97d79a85fd4
断章格林童话Ⅴ 小红帽·上,甲田学人,2025-11-24,断章格林童话Ⅴ 小红帽上.epub,断章格林童话Ⅴ 小红帽·上,甲田学人,zh,reAct木子&amp;天使动漫,ePub制作组,urn:uuid:5208e6bb-5d25-45b0-a7fd-b97d79a85fd4
断章格林童话ⅩⅤ 莴苣姑娘·下,甲田学人,2025-11-24,断章格林童话ⅩⅤ 莴苣姑娘下.epub,断章格林童话ⅩⅤ 莴苣姑娘·下,甲田学人,zh,reAct木子&amp;天使动漫,ePub制作组,urn:uuid:5208e6bb-5d25-45b0-a7fd-b97d79a85fd4
断章格林童话ⅩⅥ 白雪公主·上,甲田学人,2025-11-24,断章格林童话ⅩⅥ 白雪公主上.epub,断章格林童话ⅩⅥ 白雪公主·上,甲田学人,zh,reAct木子&amp;天使动漫,ePub制作组,urn:uuid:5208e6bb-5d25-45b0-a7fd-b97d79a85fd4
断章格林童话ⅩⅦ 白雪公主·下,甲田学人,2025-11-24,断章格林童话ⅩⅦ 白雪公主下.epub,断章格林童话ⅩⅦ 白雪公主·下,甲田学人,zh,reAct木子&amp;天使动漫,ePub制作组,urn:uuid:5208e6bb-5d25-45b0-a7fd-b97d79a85fd4
新妹魔王的契约者 1,上栖缀人,2025-05-19,新妹魔王的契约者 1.epub,新妹魔王的契约者 1,上栖缀人,en,,,urn:uuid:1a6421f0-3657-4630-b4fd-8f510c70de6d
新妹魔王的契约者 12,长月达平,2025-10-31,新妹魔王的契约者 12.epub,新妹魔王的契约者 12,长月达平,zh,,,urn:uuid:5208e6bb-5d25-45b0-a7fd-b97d79a85fd4
新妹魔王的契约者 13,上栖缀人,2025-10-31,新妹魔王的契约者 13.epub,新妹魔王的契约者 13,上栖缀人,zh-CN,轻之国度,,urn:uuid:63adf839-bed4-41a5-9b05-76f5defd5688
新妹魔王的契约者 Ⅳ,上栖缀人,2025-10-31,新妹魔王的契约者 Ⅳ.epub,新妹魔王的契约者 Ⅳ,上栖缀人,台简,,,urn:uuid:e38857bc-81eb-4508-9487-f70734bf9a41
新妹魔王的契约者03,上栖缀人,2025-10-31,新妹魔王的契约者03.epub,新妹魔王的契约者03,上栖缀人,台简,,,urn:uuid:dc2210b2-6c09-4dcb-949f-3d0cf76e419e
新妹魔王的契约者Ⅰ,上栖缀人,2025-10-31,新妹魔王的契约者Ⅰ.epub,新妹魔王的契约者Ⅰ,上栖缀人,台简,,,urn:uuid:93bb0304-7e7b-4b69-9ddc-8bc845ea3a1e
新妹魔王的契约者Ⅱ,上栖缀人,2025-10-31,新妹魔王的契约者Ⅱ.epub,新妹魔王的契约者Ⅱ,上栖缀人,台简,,,urn:uuid:bd0c61d7-494d-4272-af0e-eaea7ce6163b
新妹魔王的契约者Ⅴ,上栖缀人,2025-10-31,新妹魔王的契约者Ⅴ.epub,新妹魔王的契约者Ⅴ,上栖缀人,台简,,,urn:uuid:b970dd6d-5864-49f8-a812-36d48d1a339a
新妹魔王的契约者Ⅵ,上栖缀人,2025-10-31,新妹魔王的契约者Ⅵ.epub,新妹魔王的契约者Ⅵ,上栖缀人,台简,,,urn:uuid:cc0a5ab0-0b2b-4325-99d7-75ddd650a0b3
新妹魔王的契约者Ⅶ,上栖缀人,2025-10-31,新妹魔王的契约者Ⅶ.epub,新妹魔王的契约者Ⅶ,上栖缀人,台简,,,urn:uuid:4130c53d-cdf7-4ba6-965a-7787182fa794
新妹魔王的契约者Ⅷ,上栖缀人,2025-05-19,新妹魔王的契约者Ⅷ.epub,新妹魔王的契约者Ⅷ,上栖缀人,台简,,,urn:uuid:49611d03-76df-4002-bcd9-7f862a2a251c
新妹魔王的契约者Ⅷ,上栖缀人,2025-10-31,新妹魔王的契约者Ⅷ 1.epub,新妹魔王的契约者Ⅷ,上栖缀人,台简,,,urn:uuid:49611d03-76df-4002-bcd9-7f862a2a251c
新妹魔王的契约者Ⅸ,上栖缀人,2025-10-31,新妹魔王的契约者Ⅸ.epub,新妹魔王的契约者Ⅸ,上栖缀人,台简,,,urn:uuid:bfc7e3a0-2c58-4db3-9ca9-612afb0be987
新妹魔王的契约者Ⅹ,上栖缀人,2025-10-31,新妹魔王的契约者Ⅹ.epub,新妹魔王的契约者Ⅹ,上栖缀人,台简,,,urn:uuid:d11a66aa-68d0-401c-849b-3eca0af15f3f
新妹魔王的契约者Ⅺ,上栖缀人,2025-10-31,新妹魔王的契约者Ⅺ.epub,新妹魔王的契约者Ⅺ,上栖缀人,台简,,,urn:uuid:9165b414-232e-450e-8e89-5c225f2b2a7e
新学生会的一存 碧阳学园新学生会议事录 上,葵せきな,2025-12-23,新学生会的一存 碧阳学园新学生会议事录 上.epub,新学生会的一存 碧阳学园新学生会议事录 上,葵せきな,zh,,,urn:uuid:4c54f950-f41b-4eaa-86d3-9216b24f2e3a
新学生会的一存 碧阳学园新学生会议事录 下,葵せきな,2025-12-23,新学生会的一存 碧阳学园新学生会议事录 下.epub,新学生会的一存 碧阳学园新学生会议事录 下,葵せきな,zh,,,urn:uuid:4c54f950-f41b-4eaa-86d3-9216b24f2e3a
无可挑剔的恋爱喜剧-第一卷,铃木大辅,2025-12-23,无可挑剔的恋爱喜剧-第一卷.epub,无可挑剔的恋爱喜剧-第一卷,铃木大辅,zh-CN,,集英社,9f3ebb9b-dec2-43c5-8a9f-1630a1d57b8e
无可挑剔的恋爱喜剧-第七卷,铃木大辅,2025-12-23,无可挑剔的恋爱喜剧-第七卷.epub,无可挑剔的恋爱喜剧-第七卷,铃木大辅,zh-CN,,集英社,0fccc79d-1b8b-49f8-aa92-dcc0da330705
无可挑剔的恋爱喜剧-第三卷,铃木大辅,2025-12-23,无可挑剔的恋爱喜剧-第三卷.epub,无可挑剔的恋爱喜剧-第三卷,铃木大辅,zh-CN,,集英社,
无可挑剔的恋爱喜剧-第二卷,铃木大辅,2025-12-23,无可挑剔的恋爱喜剧-第二卷.epub,无可挑剔的恋爱喜剧-第二卷,铃木大辅,zh-CN,,集英社,95059091-7abc-4c6e-8458-268f480cfd1b
无可挑剔的恋爱喜剧-第五卷,铃木大辅,2025-12-23,无可挑剔的恋爱喜剧-第五卷.epub,无可挑剔的恋爱喜剧-第五卷,铃木大辅,zh-CN,,集英社,
无可挑剔的恋爱喜剧-第六卷,铃木大辅,2025-12-23,无可挑剔的恋爱喜剧-第六卷.epub,无可挑剔的恋爱喜剧-第六卷,铃木大辅,zh-CN,,集英社,
无可挑剔的恋爱喜剧-第四卷,铃木大辅,2025-12-23,无可挑剔的恋爱喜剧-第四卷.epub,无可挑剔的恋爱喜剧-第四卷,铃木大辅,zh-CN,,集英社,
无职转生 ～到了异世界就拿出真本事～ 1,理不尽な孙の手,2025-05-29,无职转生 ～到了异世界就拿出真本事～ 1.epub,无职转生 ～到了异世界就拿出真本事～ 1,理不尽な孙の手,zh-TW,轻之国度,,urn:uuid:63adf839-bed4-41a5-9b05-76f5defd5688
无职转生 ～到了异世界就拿出真本事～ 10,理不尽な孙の手,2025-05-29,无职转生 ～到了异世界就拿出真本事～ 10.epub,无职转生 ～到了异世界就拿出真本事～ 10,理不尽な孙の手,zh-TW,轻之国度,,urn:uuid:63adf839-bed4-41a5-9b05-76f5defd5688
无职转生 ～到了异世界就拿出真本事～ 11,理不尽な孙の手,2025-05-29,无职转生 ～到了异世界就拿出真本事～ 11.epub,无职转生 ～到了异世界就拿出真本事～ 11,理不尽な孙の手,zh-TW,轻之国度,,urn:uuid:63adf839-bed4-41a5-9b05-76f5defd5688
无职转生 ～到了异世界就拿出真本事～ 12,理不尽な孙の手,2025-05-29,无职转生 ～到了异世界就拿出真本事～ 12.epub,无职转生 ～到了异世界就拿出真本事～ 12,理不尽な孙の手,zh-TW,TSDM,,urn:uuid:63adf839-bed4-41a5-9b05-76f5defd5688
无职转生 ～到了异世界就拿出真本事～ 13,理不尽な孙の手,2025-05-29,无职转生 ～到了异世界就拿出真本事～ 13.epub,无职转生 ～到了异世界就拿出真本事～ 13,理不尽な孙の手,zh-TW,TSDM,,urn:uuid:63adf839-bed4-41a5-9b05-76f5defd5688
无职转生 ～到了异世界就拿出真本事～ 14,理不尽な孙の手,2025-05-29,无职转生 ～到了异世界就拿出真本事～ 14.epub,无职转生 ～到了异世界就拿出真本事～ 14,理不尽な孙の手,zh-TW,TSDM,,urn:uuid:63adf839-bed4-41a5-9b05-76f5defd5688
无职转生 ～到了异世界就拿出真本事～ 15,理不尽な孙の手,2025-05-29,无职转生 ～到了异世界就拿出真本事～ 15.epub,无职转生 ～到了异世界就拿出真本事～ 15,理不尽な孙の手,zh-CN,TSDM,,urn:uuid:63adf839-bed4-41a5-9b05-76f5defd5688
无职转生 ～到了异世界就拿出真本事～ 16,理不尽な孙の手,2025-05-29,无职转生 ～到了异世界就拿出真本事～ 16.epub,无职转生 ～到了异世界就拿出真本事～ 16,理不尽な孙の手,zh-CN,TSDM,,urn:uuid:63adf839-bed4-41a5-9b05-76f5defd5688
无职转生 ～到了异世界就拿出真本事～ 17,理不尽な孙の手,2025-05-29,无职转生 ～到了异世界就拿出真本事～ 17.epub,无职转生 ～到了异世界就拿出真本事～ 17,理不尽な孙の手,zh-CN,TSDM,,urn:uuid:63adf839-bed4-41a5-9b05-76f5defd5688
无职转生 ～到了异世界就拿出真本事～ 18,理不尽な孙の手,2025-05-29,无职转生 ～到了异世界就拿出真本事～ 18.epub,无职转生 ～到了异世界就拿出真本事～ 18,理不尽な孙の手,zh-CN,TSDM,,urn:uuid:63adf839-bed4-41a5-9b05-76f5defd5688
无职转生 ～到了异世界就拿出真本事～ 19,理不尽な孙の手,2025-05-29,无职转生 ～到了异世界就拿出真本事～ 19.epub,无职转生 ～到了异世界就拿出真本事～ 19,理不尽な孙の手,zh-CN,TSDM,,urn:uuid:63adf839-bed4-41a5-9b05-76f5defd5688
无职转生 ～到了异世界就拿出真本事～ 2,理不尽な孙の手,2025-05-29,无职转生 ～到了异世界就拿出真本事～ 2.epub,无职转生 ～到了异世界就拿出真本事～ 2,理不尽な孙の手,zh-TW,轻之国度,,urn:uuid:63adf839-bed4-41a5-9b05-76f5defd5688
无职转生 ～到了异世界就拿出真本事～ 20,理不尽な孙の手,2025-05-29,无职转生 ～到了异世界就拿出真本事～ 20.epub,无职转生 ～到了异世界就拿出真本事～ 20,理不尽な孙の手,zh-CN,TSDM,,urn:uuid:63adf839-bed4-41a5-9b05-76f5defd5688
无职转生 ～到了异世界就拿出真本事～ 21,理不尽な孙の手,2025-05-29,无职转生 ～到了异世界就拿出真本事～ 21.epub,无职转生 ～到了异世界就拿出真本事～ 21,理不尽な孙の手,zh-CN,TSDM,,urn:uuid:63adf839-bed4-41a5-9b05-76f5defd5688
无职转生 ～到了异世界就拿出真本事～ 22,理不尽な孙の手,2025-05-29,无职转生 ～到了异世界就拿出真本事～ 22.epub,无职转生 ～到了异世界就拿出真本事～ 22,理不尽な孙の手,zh-CN,TSDM,,urn:uuid:63adf839-bed4-41a5-9b05-76f5defd5688
无职转生 ～到了异世界就拿出真本事～ 23,理不尽な孙の手,2025-05-29,无职转生 ～到了异世界就拿出真本事～ 23.epub,无职转生 ～到了异世界就拿出真本事～ 23,理不尽な孙の手,zh-CN,TSDM,,urn:uuid:63adf839-bed4-41a5-9b05-76f5defd5688
无职转生 ～到了异世界就拿出真本事～ 3,理不尽な孙の手,2025-05-29,无职转生 ～到了异世界就拿出真本事～ 3.epub,无职转生 ～到了异世界就拿出真本事～ 3,理不尽な孙の手,zh-TW,轻之国度,,urn:uuid:63adf839-bed4-41a5-9b05-76f5defd5688
无职转生 ～到了异世界就拿出真本事～ 4,理不尽な孙の手,2025-05-29,无职转生 ～到了异世界就拿出真本事～ 4.epub,无职转生 ～到了异世界就拿出真本事～ 4,理不尽な孙の手,zh-TW,轻之国度,,urn:uuid:63adf839-bed4-41a5-9b05-76f5defd5688
无职转生 ～到了异世界就拿出真本事～ 5,理不尽な孙の手,2025-05-29,无职转生 ～到了异世界就拿出真本事～ 5.epub,无职转生 ～到了异世界就拿出真本事～ 5,理不尽な孙の手,zh-TW,轻之国度,,urn:uuid:63adf839-bed4-41a5-9b05-76f5defd5688
无职转生 ～到了异世界就拿出真本事～ 6,理不尽な孙の手,2025-05-29,无职转生 ～到了异世界就拿出真本事～ 6.epub,无职转生 ～到了异世界就拿出真本事～ 6,理不尽な孙の手,zh-TW,轻之国度,,urn:uuid:63adf839-bed4-41a5-9b05-76f5defd5688
无职转生 ～到了异世界就拿出真本事～ 7,理不尽な孙の手,2025-05-29,无职转生 ～到了异世界就拿出真本事～ 7.epub,无职转生 ～到了异世界就拿出真本事～ 7,理不尽な孙の手,zh-TW,轻之国度,,urn:uuid:63adf839-bed4-41a5-9b05-76f5defd5688
无职转生 ～到了异世界就拿出真本事～ 8,理不尽な孙の手,2025-05-29,无职转生 ～到了异世界就拿出真本事～ 8.epub,无职转生 ～到了异世界就拿出真本事～ 8,理不尽な孙の手,zh-TW,轻之国度,,urn:uuid:63adf839-bed4-41a5-9b05-76f5defd5688
无职转生 ～到了异世界就拿出真本事～ 9,理不尽な孙の手,2025-05-29,无职转生 ～到了异世界就拿出真本事～ 9.epub,无职转生 ～到了异世界就拿出真本事～ 9,理不尽な孙の手,zh-TW,轻之国度,,urn:uuid:63adf839-bed4-41a5-9b05-76f5defd5688
无职转生 ～蛇足篇～ [第二卷],理不尽な孙の手,2025-05-29,无职转生 ～蛇足篇～ 第二卷.epub,无职转生 ～蛇足篇～ [第二卷],理不尽な孙の手,zh,,374260,https://www.bilinovel.com/novel/4325.html?fromuid=374260
无职转生～到了异世界就拿出真本事～ 24,理不尽な孙の手,2025-05-29,无职转生～到了异世界就拿出真本事～ 24.epub,无职转生～到了异世界就拿出真本事～ 24,理不尽な孙の手,zh-CN,TSDM,,urn:uuid:63adf839-bed4-41a5-9b05-76f5defd5688
无职转生～到了异世界就拿出真本事～ 25,理不尽な孙の手,2025-05-29,无职转生～到了异世界就拿出真本事～ 25.epub,无职转生～到了异世界就拿出真本事～ 25,理不尽な孙の手,zh-CN,TSDM,,urn:uuid:63adf839-bed4-41a5-9b05-76f5defd5688
无职转生～到了异世界就拿出真本事～ 26,理不尽な孙の手,2025-05-19,无职转生～到了异世界就拿出真本事～ 26.epub,无职转生～到了异世界就拿出真本事～ 26,理不尽な孙の手,zh-CN,TSDM,,urn:uuid:63adf839-bed4-41a5-9b05-76f5defd5688
无职转生～蛇足篇～ 1,理不尽な孙の手,2025-05-19,无职转生～蛇足篇～ 1.epub,无职转生～蛇足篇～ 1,理不尽な孙の手,zh-CN,TSDM,,urn:uuid:63adf839-bed4-41a5-9b05-76f5defd5688
日常系的异能战斗 4,望公太,2025-08-11,日常系的异能战斗 4.epub,日常系的异能战斗 4,望公太,zh-CN,http://www.cnepub.com,epub掌上书苑,
日常系的异能战斗 5,望公太,2025-08-11,日常系的异能战斗 5.epub,日常系的异能战斗 5,望公太,zh-CN,http://www.cnepub.com,epub掌上书苑,
日常系的异能战斗 6,望公太,2025-08-11,日常系的异能战斗 6.epub,日常系的异能战斗 6,望公太,zh-TW,轻之国度,,urn:uuid:63adf839-bed4-41a5-9b05-76f5defd5688
日常系的异能战斗 7,望公太,2025-08-11,日常系的异能战斗 7.epub,日常系的异能战斗 7,望公太,zh-TW,轻之国度,,urn:uuid:63adf839-bed4-41a5-9b05-76f5defd5688
日常系的异能战斗-第八卷-迷糊动漫,望公太,2025-08-11,日常系的异能战斗-第八卷-迷糊动漫.epub,日常系的异能战斗-第八卷-迷糊动漫,望公太,zh,http://www.yidm.com/article/info/1/1651.html,迷糊动漫(www.yidm.com),http://www.yidm.com/article/info/1/1651.html
日常系的异能战斗. 01,望公太,2025-08-11,日常系的异能战斗 01.epub,日常系的异能战斗. 01,望公太,zh,,,urn:uuid:5208e6bb-5d25-45b0-a7fd-b97d79a85fd4
日常系的异能战斗.02,望公太,2025-08-11,日常系的异能战斗.epub,日常系的异能战斗.02,望公太,zh,,,urn:uuid:5208e6bb-5d25-45b0-a7fd-b97d79a85fd4
日常系的异能战斗09,望公太,2025-08-11,日常系的异能战斗09.epub,日常系的异能战斗09,望公太,zh-CN,,,urn:uuid:4e6c75db-f330-4d38-afa5-af02454ef9c0
日常系的异能战斗10,,2025-08-11,日常系的异能战斗10.epub,日常系的异能战斗10,,zh-cn,,,urn:uuid:e15a5adf-5886-441e-bbce-1972e450d5cc
日常系的异能战斗11,望公太,2025-08-11,日常系的异能战斗11.epub,日常系的异能战斗11,望公太,zh-CN,,,urn:uuid:c746f683-9b45-4c71-94d6-51db7a3e852d
日常系的异能战斗13,望公太,2025-08-11,日常系的异能战斗13.epub,日常系的异能战斗13,望公太,zh-CN,,,urn:uuid:0cc1526a-dcb5-42f9-9614-8a2883919523
日常系的异能战斗3,望公太,2025-08-11,日常系的异能战斗3.epub,日常系的异能战斗3,望公太,zh_CN,轻之国度,,urn:uuid:63adf839-bed4-41a5-9b05-76f5defd5688
时隔10年重逢，臭小鬼长成了清纯美少女JK 第一卷,館西夕木,2025-05-19,时隔10年重逢臭小鬼长成了清纯美少女JK 第一卷.epub,时隔10年重逢，臭小鬼长成了清纯美少女JK 第一卷,館西夕木,zh,https://www.wenku8.cc/book/3509.htm,其他文库,calibre:22716
时隔10年重逢，臭小鬼长成了清纯美少女JK 第三卷,館西夕木,2025-05-19,时隔10年重逢臭小鬼长成了清纯美少女JK 第三卷.epub,时隔10年重逢，臭小鬼长成了清纯美少女JK 第三卷,館西夕木,zh,https://www.wenku8.cc/book/3509.htm,其他文库,calibre:22717
时隔10年重逢，臭小鬼长成了清纯美少女JK 第二卷,館西夕木,2025-05-19,时隔10年重逢臭小鬼长成了清纯美少女JK 第二卷.epub,时隔10年重逢，臭小鬼长成了清纯美少女JK 第二卷,館西夕木,zh,https://www.wenku8.cc/book/3509.htm,其他文库,calibre:22718
时隔10年重逢，臭小鬼长成了清纯美少女JK 第四卷,館西夕木,2025-05-19,时隔10年重逢臭小鬼长成了清纯美少女JK 第四卷.epub,时隔10年重逢，臭小鬼长成了清纯美少女JK 第四卷,館西夕木,zh,https://www.wenku8.cc/book/3509.htm,其他文库,calibre:22715
暴虐の名門学院 啜り泣く女教師,青空白雲,2025-08-04,暴虐の名門学院　啜り泣く女教師.epub,暴虐の名門学院 啜り泣く女教師,青空白雲,zh-CN,,株式会社キルタイムコミュニケーション,B07QJW9LJC
有谁规定了在现实中不能有恋爱喜剧的？ 02,初鹿野創,2025-07-01,有谁规定了在现实中不能有恋爱喜剧的 02.epub,有谁规定了在现实中不能有恋爱喜剧的？ 02,初鹿野創,zh-CN,轻之国度,,urn:uuid:e5cc98c8-b7d6-40b2-8f6d-fc11beee32a8
有谁规定了在现实中不能有恋爱喜剧的？ 3,初鹿野創,2025-07-01,有谁规定了在现实中不能有恋爱喜剧的 3.epub,有谁规定了在现实中不能有恋爱喜剧的？ 3,初鹿野創,zh,,,urn:uuid:5208e6bb-5d25-45b0-a7fd-b97d79a85fd4
有谁规定了在现实中不能有恋爱喜剧的？ 6,初鹿野創,2025-07-01,有谁规定了在现实中不能有恋爱喜剧的 6.epub,有谁规定了在现实中不能有恋爱喜剧的？ 6,初鹿野創,zh-CN,,,urn:uuid:6305572c-3bcf-4b20-8df8-9f838822ea48
有谁规定了现实中不能有恋爱喜剧的？ 01,初鹿野創,2025-07-01,有谁规定了现实中不能有恋爱喜剧的 01.epub,有谁规定了现实中不能有恋爱喜剧的？ 01,初鹿野創,zh-CN,轻之国度,,urn:uuid:e5cc98c8-b7d6-40b2-8f6d-fc11beee32a8
有谁规定了现实中不能有恋爱喜剧的？ 05,初鹿野創,2025-07-01,有谁规定了现实中不能有恋爱喜剧的 05.epub,有谁规定了现实中不能有恋爱喜剧的？ 05,初鹿野創,zh,,,urn:uuid:91daf5be-abf9-45fc-ad4d-854410254ba1
有谁规定了现实中不能有恋爱喜剧的？4,初鹿野創,2025-07-01,有谁规定了现实中不能有恋爱喜剧的4.epub,有谁规定了现实中不能有恋爱喜剧的？4,初鹿野創,zh-CN,,,urn:uuid:34e1f1eb-adc1-4fe3-aa09-fd904548ee96
朋友的妹妹只缠着我 第一卷,三河ごーすと,2025-11-24,朋友的妹妹只缠着我 第一卷.epub,朋友的妹妹只缠着我 第一卷,三河ごーすと,zh,https:/www.wenku8.cc/book/2566.htm,GA文库,calibre:17034
朋友的妹妹只缠着我 第七卷,三河ごーすと,2025-11-24,朋友的妹妹只缠着我 第七卷.epub,朋友的妹妹只缠着我 第七卷,三河ごーすと,zh,https:/www.wenku8.cc/book/2566.htm,GA文库,calibre:17042
朋友的妹妹只缠着我 第三卷,三河ごーすと,2025-11-24,朋友的妹妹只缠着我 第三卷.epub,朋友的妹妹只缠着我 第三卷,三河ごーすと,zh,https:/www.wenku8.cc/book/2566.htm,GA文库,calibre:17043
朋友的妹妹只缠着我 第九卷,三河ごーすと,2025-11-24,朋友的妹妹只缠着我 第九卷.epub,朋友的妹妹只缠着我 第九卷,三河ごーすと,zh,https:/www.wenku8.cc/book/2566.htm,GA文库,calibre:17041
朋友的妹妹只缠着我 第二卷,三河ごーすと,2025-11-24,朋友的妹妹只缠着我 第二卷.epub,朋友的妹妹只缠着我 第二卷,三河ごーすと,zh,https:/www.wenku8.cc/book/2566.htm,GA文库,calibre:17040
朋友的妹妹只缠着我 第五卷,三河ごーすと,2025-11-24,朋友的妹妹只缠着我 第五卷.epub,朋友的妹妹只缠着我 第五卷,三河ごーすと,zh,https:/www.wenku8.cc/book/2566.htm,GA文库,calibre:17039
朋友的妹妹只缠着我 第八卷,三河ごーすと,2025-11-24,朋友的妹妹只缠着我 第八卷.epub,朋友的妹妹只缠着我 第八卷,三河ごーすと,zh,https:/www.wenku8.cc/book/2566.htm,GA文库,calibre:17038
朋友的妹妹只缠着我 第六卷,三河ごーすと,2025-11-24,朋友的妹妹只缠着我 第六卷.epub,朋友的妹妹只缠着我 第六卷,三河ごーすと,zh,https:/www.wenku8.cc/book/2566.htm,GA文库,calibre:17037
朋友的妹妹只缠着我 第十卷,三河ごーすと,2025-11-24,朋友的妹妹只缠着我 第十卷.epub,朋友的妹妹只缠着我 第十卷,三河ごーすと,zh,https:/www.wenku8.cc/book/2566.htm,GA文库,calibre:17036
朋友的妹妹只缠着我 第四卷,三河ごーすと,2025-11-24,朋友的妹妹只缠着我 第四卷.epub,朋友的妹妹只缠着我 第四卷,三河ごーすと,zh,https:/www.wenku8.cc/book/2566.htm,GA文库,calibre:17035
朔与茉莉 [Day.3 于明净晴空下盛开的纯白之花],叶月文,2025-05-27,朔与茉莉 Day3 于明净晴空下盛开的纯白之花.epub,朔与茉莉 [Day.3 于明净晴空下盛开的纯白之花],叶月文,zh,,374260,https://www.bilinovel.com/novel/2895.html?fromuid=374260
朔与茉莉。Day.1 女高中生，初次帮忙,葉月 文,2025-05-27,朔与茉莉Day1 女高中生初次帮忙.epub,朔与茉莉。Day.1 女高中生，初次帮忙,葉月 文,zh,,,urn:uuid:4c54f950-f41b-4eaa-86d3-9216b24f2e3a
朔与茉莉。Day.2 漫改途中，天才亦会遭受挫折,葉月 文,2025-05-27,朔与茉莉Day2 漫改途中天才亦会遭受挫折.epub,朔与茉莉。Day.2 漫改途中，天才亦会遭受挫折,葉月 文,zh,,,urn:uuid:4c54f950-f41b-4eaa-86d3-9216b24f2e3a
末日时在做什么？有没有空？可以来拯救吗？ 1,枯野锳,2025-06-18,末日时在做什么有没有空可以来拯救吗 1.epub,末日时在做什么？有没有空？可以来拯救吗？ 1,枯野锳,en,轻之国度,,urn:uuid:63adf839-bed4-41a5-9b05-76f5defd5688
末日时在做什么？有没有空？可以来拯救吗？ 3,枯野瑛,2025-06-18,末日时在做什么有没有空可以来拯救吗 3.epub,末日时在做什么？有没有空？可以来拯救吗？ 3,枯野瑛,zh-TW,轻之国度,,urn:uuid:63adf839-bed4-41a5-9b05-76f5defd5688
末日时在做什么？有没有空？可以来拯救吗？ 5,枯野锳,2025-06-18,末日时在做什么有没有空可以来拯救吗 5.epub,末日时在做什么？有没有空？可以来拯救吗？ 5,枯野锳,zh-TW,轻之国度,,urn:uuid:63adf839-bed4-41a5-9b05-76f5defd5688
末日时在做什么？有没有空？可以来拯救吗？ EX,枯野瑛,2025-06-18,末日时在做什么有没有空可以来拯救吗 EX.epub,末日时在做什么？有没有空？可以来拯救吗？ EX,枯野瑛,zh-TW,TSDM,,urn:uuid:63adf839-bed4-41a5-9b05-76f5defd5688
末日时在做什么？有没有空？可以来拯救吗？4,枯野瑛,2025-06-18,末日时在做什么有没有空可以来拯救吗4.epub,末日时在做什么？有没有空？可以来拯救吗？4,枯野瑛,zh,深夜读书会ePub工作组,深夜读书会ePub工作组,urn:uuid:5208e6bb-5d25-45b0-a7fd-b97d79a85fd4
末日時在做什麼？有沒有空？可以來拯救嗎？ 2,枯野瑛,2025-06-18,末日時在做什麼有沒有空可以來拯救嗎 2.epub,末日時在做什麼？有沒有空？可以來拯救嗎？ 2,枯野瑛,zh-TW,輕之國度,,urn:uuid:63adf839-bed4-41a5-9b05-76f5defd5688
本家が絶えそうなので分家の俺が種馬１ ―五大貴族のお嬢様と！― (フランス書院eブックス),遊家＠Ｒ１８,2025-07-19,本家が絶えそうなので分家の俺が種馬１ 五大貴族のお嬢様と フランス書院eブックス.epub,本家が絶えそうなので分家の俺が種馬１ ―五大貴族のお嬢様と！― (フランス書院eブックス),遊家＠Ｒ１８,zh-CN,,フランス書院,f9f87a0d-06e2-4912-932e-14c7cb91dad7
本家が絶えそうなので分家の俺が種馬２ ―陰謀渦巻く王都でお嬢様と子作り！―,遊家@R18,2025-07-19,本家が絶えそうなので分家の俺が種馬２　陰謀渦巻く王都でお嬢様と子作り.epub,本家が絶えそうなので分家の俺が種馬２ ―陰謀渦巻く王都でお嬢様と子作り！―,遊家@R18,zh-CN,,フランス書院,urn:uuid:d7b99c4b-73f8-6465-6310-e0ea9edcef10
本家が絶えそうなので分家の俺が種馬３ メイド真白の初体験＆帝都遠征編,遊家@R18,2025-07-19,本家が絶えそうなので分家の俺が種馬３　メイド真白の初体験帝都遠征編.epub,本家が絶えそうなので分家の俺が種馬３ メイド真白の初体験＆帝都遠征編,遊家@R18,zh-CN,,フランス書院,urn:uuid:1cc9364a-6e09-8ee7-38a6-ba484f1fe390
本家が絶えそうなので分家の俺が種馬４ ―撤退戦、そして妹分騎士の忠誠―,遊家@R18,2025-07-19,本家が絶えそうなので分家の俺が種馬４　撤退戦そして妹分騎士の忠誠.epub,,,,,,
本家が絶えそうなので分家の俺が種馬５ ─帝都遠征軍、果てしなき終着点―,遊家@R18,2025-07-19,本家が絶えそうなので分家の俺が種馬５　─帝都遠征軍果てしなき終着点.epub,本家が絶えそうなので分家の俺が種馬５ ─帝都遠征軍、果てしなき終着点―,遊家@R18,zh-CN,,フランス書院,urn:uuid:049787b1-a751-9961-6364-5ae7fbd349fc
果然我的青春恋爱喜剧搞错了 短篇集1 雪乃side,渡航,2026-01-15,果然我的青春恋爱喜剧搞错了 短篇集1 雪乃side.epub,果然我的青春恋爱喜剧搞错了 短篇集1 雪乃side,渡航,zh,https://www.wenku8.cc/book/1213.htm,小学馆,calibre:104
果然我的青春恋爱喜剧搞错了 短篇集2 ONPARADE,渡航,2026-01-15,果然我的青春恋爱喜剧搞错了 短篇集2 ONPARADE.epub,果然我的青春恋爱喜剧搞错了 短篇集2 ONPARADE,渡航,zh,https://www.wenku8.cc/book/1213.htm,小学馆,calibre:103
果然我的青春恋爱喜剧搞错了 短篇集3 结衣side,渡航,2026-01-15,果然我的青春恋爱喜剧搞错了 短篇集3 结衣side.epub,果然我的青春恋爱喜剧搞错了 短篇集3 结衣side,渡航,zh,https://www.wenku8.cc/book/1213.htm,小学馆,calibre:105
果然我的青春恋爱喜剧搞错了 短篇集4 allstars,渡航,2026-01-15,果然我的青春恋爱喜剧搞错了 短篇集4 allstars.epub,果然我的青春恋爱喜剧搞错了 短篇集4 allstars,渡航,zh,https://www.wenku8.cc/book/1213.htm,小学馆,calibre:106
果然我的青春恋爱喜剧搞错了 结1 Yui'sstory,渡航,2026-01-15,果然我的青春恋爱喜剧搞错了 结1 Yuisstory.epub,果然我的青春恋爱喜剧搞错了 结1 Yui'sstory,渡航,zh,https://www.wenku8.cc/book/1213.htm,小学馆,calibre:113
果然我的青春恋爱喜剧搞错了 结2 Yui'sstory,渡航,2026-01-15,果然我的青春恋爱喜剧搞错了 结2 Yuisstory.epub,果然我的青春恋爱喜剧搞错了 结2 Yui'sstory,渡航,zh,https://www.wenku8.cc/book/1213.htm,小学馆,calibre:114
果然我的青春恋爱喜剧搞错了。 1,渡航,2026-01-15,果然我的青春恋爱喜剧搞错了 1.epub,果然我的青春恋爱喜剧搞错了。 1,渡航,zh,,kid by epub制作,urn:uuid:5208e6bb-5d25-45b0-a7fd-b97d79a85fd4
果然我的青春恋爱喜剧搞错了。 10,渡航,2026-01-15,果然我的青春恋爱喜剧搞错了 10 1.epub,果然我的青春恋爱喜剧搞错了。 10,渡航,zh-TW,轻之国度,,urn:uuid:63adf839-bed4-41a5-9b05-76f5defd5688
果然我的青春恋爱喜剧搞错了。 10.5,渡航,2026-01-15,果然我的青春恋爱喜剧搞错了 10.epub,,,,,,
果然我的青春恋爱喜剧搞错了。 11,渡航,2026-01-15,果然我的青春恋爱喜剧搞错了 11.epub,果然我的青春恋爱喜剧搞错了。 11,渡航,zh-TW,轻之国度,,urn:uuid:63adf839-bed4-41a5-9b05-76f5defd5688
果然我的青春恋爱喜剧搞错了。 12,渡航,2026-01-15,果然我的青春恋爱喜剧搞错了 12.epub,果然我的青春恋爱喜剧搞错了。 12,渡航,zh-TW,轻之国度,,urn:uuid:63adf839-bed4-41a5-9b05-76f5defd5688
果然我的青春恋爱喜剧搞错了。 13,渡航,2026-01-15,果然我的青春恋爱喜剧搞错了 13.epub,果然我的青春恋爱喜剧搞错了。 13,渡航,zh-CN,轻之国度,,urn:uuid:63adf839-bed4-41a5-9b05-76f5defd5688
果然我的青春恋爱喜剧搞错了。 14,渡航,2026-01-15,果然我的青春恋爱喜剧搞错了 14 1.epub,果然我的青春恋爱喜剧搞错了。 14,渡航,zh-CN,轻之国度,,urn:uuid:63adf839-bed4-41a5-9b05-76f5defd5688
果然我的青春恋爱喜剧搞错了。 14.5,渡航,2026-01-15,果然我的青春恋爱喜剧搞错了 14.epub,果然我的青春恋爱喜剧搞错了。 14.5,渡航,zh-CN,轻之国度,,urn:uuid:63adf839-bed4-41a5-9b05-76f5defd5688
果然我的青春恋爱喜剧搞错了。 2,渡航,2026-01-15,果然我的青春恋爱喜剧搞错了 2.epub,果然我的青春恋爱喜剧搞错了。 2,渡航,zh,,kid,urn:uuid:5208e6bb-5d25-45b0-a7fd-b97d79a85fd4
果然我的青春恋爱喜剧搞错了。 3,渡航,2026-01-15,果然我的青春恋爱喜剧搞错了 3.epub,果然我的青春恋爱喜剧搞错了。 3,渡航,zh,,kid,urn:uuid:5208e6bb-5d25-45b0-a7fd-b97d79a85fd4
果然我的青春恋爱喜剧搞错了。 4,渡航,2026-01-15,果然我的青春恋爱喜剧搞错了 4.epub,果然我的青春恋爱喜剧搞错了。 4,渡航,zh,,kid,urn:uuid:5208e6bb-5d25-45b0-a7fd-b97d79a85fd4
果然我的青春恋爱喜剧搞错了。 5,渡航,2026-01-15,果然我的青春恋爱喜剧搞错了 5.epub,果然我的青春恋爱喜剧搞错了。 5,渡航,zh,,kid,urn:uuid:5208e6bb-5d25-45b0-a7fd-b97d79a85fd4
果然我的青春恋爱喜剧搞错了。 6,渡航,2026-01-15,果然我的青春恋爱喜剧搞错了 6 3.epub,果然我的青春恋爱喜剧搞错了。 6,渡航,zh,,kid,urn:uuid:5208e6bb-5d25-45b0-a7fd-b97d79a85fd4
果然我的青春恋爱喜剧搞错了。 6.25,渡航,2026-01-15,果然我的青春恋爱喜剧搞错了 6 1.epub,果然我的青春恋爱喜剧搞错了。 6.25,渡航,zh-TW,轻之国度,,urn:uuid:63adf839-bed4-41a5-9b05-76f5defd5688
果然我的青春恋爱喜剧搞错了。 6.5,渡航,2026-01-15,果然我的青春恋爱喜剧搞错了 6.epub,果然我的青春恋爱喜剧搞错了。 6.5,渡航,zh-TW,轻之国度,,urn:uuid:63adf839-bed4-41a5-9b05-76f5defd5688
果然我的青春恋爱喜剧搞错了。 6.75,渡航,2026-01-15,果然我的青春恋爱喜剧搞错了 6 2.epub,果然我的青春恋爱喜剧搞错了。 6.75,渡航,zh-TW,轻之国度,,urn:uuid:63adf839-bed4-41a5-9b05-76f5defd5688
果然我的青春恋爱喜剧搞错了。 7,渡航,2026-01-15,果然我的青春恋爱喜剧搞错了 7 1.epub,果然我的青春恋爱喜剧搞错了。 7,渡航,zh,,kid,urn:uuid:5208e6bb-5d25-45b0-a7fd-b97d79a85fd4
果然我的青春恋爱喜剧搞错了。 7.5,渡航,2026-01-15,果然我的青春恋爱喜剧搞错了 7.epub,果然我的青春恋爱喜剧搞错了。 7.5,渡航,zh-TW,轻之国度,,urn:uuid:63adf839-bed4-41a5-9b05-76f5defd5688
果然我的青春恋爱喜剧搞错了。 8,渡航,2026-01-15,果然我的青春恋爱喜剧搞错了 8.epub,果然我的青春恋爱喜剧搞错了。 8,渡航,zh-TW,轻之国度,,urn:uuid:63adf839-bed4-41a5-9b05-76f5defd5688
果然我的青春恋爱喜剧搞错了。 9,渡航,2026-01-15,果然我的青春恋爱喜剧搞错了 9.epub,果然我的青春恋爱喜剧搞错了。 9,渡航,zh-TW,轻之国度,,urn:uuid:63adf839-bed4-41a5-9b05-76f5defd5688
果然我的青春恋爱喜剧搞错了。新 2,渡航,2026-01-15,果然我的青春恋爱喜剧搞错了新 2.epub,果然我的青春恋爱喜剧搞错了。新 2,渡航,zh-CN,花祈梦、一绪,,urn:uuid:63adf839-bed4-41a5-9b05-76f5defd5688
果然我的青春恋爱喜剧搞错了。新 3,渡航,2026-01-15,果然我的青春恋爱喜剧搞错了新 3.epub,果然我的青春恋爱喜剧搞错了。新 3,渡航,zh-CN,MOR-MAU,,urn:uuid:63adf839-bed4-41a5-9b05-76f5defd5688
果然我的青春恋爱喜剧搞错了。新 4,渡航,2026-01-15,果然我的青春恋爱喜剧搞错了新 4.epub,果然我的青春恋爱喜剧搞错了。新 4,渡航,zh-CN,核空核散,,urn:uuid:63adf839-bed4-41a5-9b05-76f5defd5688
果然我的青春恋爱喜剧搞错了。新 5,渡航,2026-01-15,果然我的青春恋爱喜剧搞错了新 5.epub,果然我的青春恋爱喜剧搞错了。新 5,渡航,zh-CN,核空核散,,urn:uuid:63adf839-bed4-41a5-9b05-76f5defd5688
果然我的青春恋爱喜剧搞错了。新 6,渡航,2026-01-15,果然我的青春恋爱喜剧搞错了新 6.epub,果然我的青春恋爱喜剧搞错了。新 6,渡航,zh-CN,筑城院,,urn:uuid:63adf839-bed4-41a5-9b05-76f5defd5688
标题断章格林童话 Ⅸ 石竹花·下,甲田学人,2025-11-24,标题断章格林童话 Ⅸ 石竹花下.epub,标题断章格林童话 Ⅸ 石竹花·下,甲田学人,zh,reAct木子&amp;天使动漫,ePub制作组,urn:uuid:5208e6bb-5d25-45b0-a7fd-b97d79a85fd4
櫻花莊的寵物女孩 01,鴨志田一,2025-05-23,櫻花莊的寵物女孩 01.epub,櫻花莊的寵物女孩 01,鴨志田一,zh-TW,,台湾角川,urn:uuid:5315c730-4f0f-40ae-8c34-b2eda2d71ee9
櫻花莊的寵物女孩 02,鴨志田一,2025-05-23,櫻花莊的寵物女孩 02.epub,櫻花莊的寵物女孩 02,鴨志田一,zh-TW,,台湾角川,urn:uuid:a373cd56-a253-44c1-8190-fa25cde3e5e7
櫻花莊的寵物女孩 03,鴨志田一,2025-05-23,櫻花莊的寵物女孩 03.epub,櫻花莊的寵物女孩 03,鴨志田一,zh-TW,,台湾角川,urn:uuid:0a232ada-65bc-4ed9-a42c-7d6fbee0d4aa
櫻花莊的寵物女孩 04,鴨志田一,2025-05-23,櫻花莊的寵物女孩 04.epub,櫻花莊的寵物女孩 04,鴨志田一,zh-TW,,台湾角川,urn:uuid:2d196a6b-3a39-4b81-9cb9-c2f6fd4fca4d
櫻花莊的寵物女孩 05,鴨志田一,2025-05-23,櫻花莊的寵物女孩 05.epub,櫻花莊的寵物女孩 05,鴨志田一,zh-TW,,台湾角川,urn:uuid:337aa7f9-9a65-4b83-adbe-2e7e309920ed
櫻花莊的寵物女孩 06,鴨志田一,2025-05-23,櫻花莊的寵物女孩 06.epub,櫻花莊的寵物女孩 06,鴨志田一,zh-TW,,台湾角川,urn:uuid:289f7197-0f5e-4bb1-abcc-cab6b27adc27
櫻花莊的寵物女孩 07,鴨志田一,2025-05-23,櫻花莊的寵物女孩 07.epub,櫻花莊的寵物女孩 07,鴨志田一,zh-TW,,台湾角川,urn:uuid:a905a5c5-308f-4d28-8ed1-5ead87fbdd27
櫻花莊的寵物女孩 08,鴨志田一,2025-05-23,櫻花莊的寵物女孩 08.epub,櫻花莊的寵物女孩 08,鴨志田一,zh-TW,,台湾角川,urn:uuid:bc781348-4add-41e7-a022-ca28c30312c8
櫻花莊的寵物女孩 09,鴨志田一,2025-05-23,櫻花莊的寵物女孩 09.epub,櫻花莊的寵物女孩 09,鴨志田一,zh-TW,,台湾角川,urn:uuid:cb3009aa-1299-4536-b0b9-043928a8956c
櫻花莊的寵物女孩 10,鴨志田一,2025-05-23,櫻花莊的寵物女孩 10.epub,櫻花莊的寵物女孩 10,鴨志田一,zh-TW,,台湾角川,urn:uuid:9ddc7061-fbae-4b0f-bdbb-6ac5e533a01d
死神さん、やさしく殺してキスをして (電撃文庫),松山 剛,2025-11-17,死神さんやさしく殺してキスをして 電撃文庫.epub,死神さん、やさしく殺してキスをして (電撃文庫),松山 剛,zh-CN,,株式会社ＫＡＤＯＫＡＷＡ,B0FXKHWSJS
求你别来管我啦 2 为什么她要来改写边缘人已经走完的高中生活,相崎壁际,2025-11-10,求你别来管我啦 2 为什么她要来改写边缘人已经走完的高中生活.epub,求你别来管我啦 2 为什么她要来改写边缘人已经走完的高中生活,相崎壁际,zh-CN,,,urn:uuid:93427566-c0de-4618-8506-279422842737
汝，爱上昏君吧 [第一卷],本条謙太郎,2026-01-04,汝爱上昏君吧 第一卷.epub,汝，爱上昏君吧 [第一卷],本条謙太郎,zh,,374260,https://www.bilinovel.com/novel/771.html?fromuid=374260
濃密なキスで繋がる俺とクラスメイト【石斑舞編】,膵槽,2025-08-05,濃密なキスで繋がる俺とクラスメイト石斑舞編.epub,濃密なキスで繋がる俺とクラスメイト【石斑舞編】,膵槽,zh-CN,,フランス書院,book-downloader: 1730616_001
灰原くんの強くて青春ニューゲーム 8,雨宮和希,2025-06-25,灰原くんの強くて青春ニューゲーム 8.epub,灰原くんの強くて青春ニューゲーム 8,雨宮和希,ja,,ホビージャパン,B0DPFTFNQR
灰原同学重返过去，开启所向无敌的第二轮青春游戏 第一卷,雨宫和希,2025-06-25,灰原同学重返过去开启所向无敌的第二轮青春游戏 第一卷.epub,灰原同学重返过去，开启所向无敌的第二轮青春游戏 第一卷,雨宫和希,zh,https://www.wenku8.net/book/3159.htm,HJ文库,calibre:21955
灰原同学重返过去，开启所向无敌的第二轮青春游戏 第七卷,雨宫和希,2025-06-25,灰原同学重返过去开启所向无敌的第二轮青春游戏 第七卷.epub,灰原同学重返过去，开启所向无敌的第二轮青春游戏 第七卷,雨宫和希,zh,https://www.wenku8.net/book/3159.htm,HJ文库,calibre:21954
灰原同学重返过去，开启所向无敌的第二轮青春游戏 第三卷,雨宫和希,2025-06-25,灰原同学重返过去开启所向无敌的第二轮青春游戏 第三卷.epub,灰原同学重返过去，开启所向无敌的第二轮青春游戏 第三卷,雨宫和希,zh,https://www.wenku8.net/book/3159.htm,HJ文库,calibre:21957
灰原同学重返过去，开启所向无敌的第二轮青春游戏 第二卷,雨宫和希,2025-06-25,灰原同学重返过去开启所向无敌的第二轮青春游戏 第二卷.epub,灰原同学重返过去，开启所向无敌的第二轮青春游戏 第二卷,雨宫和希,zh,https://www.wenku8.net/book/3159.htm,HJ文库,calibre:21956
灰原同学重返过去，开启所向无敌的第二轮青春游戏 第五卷,雨宫和希,2025-06-25,灰原同学重返过去开启所向无敌的第二轮青春游戏 第五卷.epub,灰原同学重返过去，开启所向无敌的第二轮青春游戏 第五卷,雨宫和希,zh,https://www.wenku8.net/book/3159.htm,HJ文库,calibre:21960
灰原同学重返过去，开启所向无敌的第二轮青春游戏 第六卷,雨宫和希,2025-06-25,灰原同学重返过去开启所向无敌的第二轮青春游戏 第六卷.epub,灰原同学重返过去，开启所向无敌的第二轮青春游戏 第六卷,雨宫和希,zh,https://www.wenku8.net/book/3159.htm,HJ文库,calibre:21959
灰原同学重返过去，开启所向无敌的第二轮青春游戏 第四卷,雨宫和希,2025-06-25,灰原同学重返过去开启所向无敌的第二轮青春游戏 第四卷.epub,灰原同学重返过去，开启所向无敌的第二轮青春游戏 第四卷,雨宫和希,zh,https://www.wenku8.net/book/3159.htm,HJ文库,calibre:21958
為美好的世界獻上祝福！17 ~為冒險者們獻上祝福~,暁なつめ,2025-05-19,為美好的世界獻上祝福17 ~為冒險者們獻上祝福~.epub,為美好的世界獻上祝福！17 ~為冒險者們獻上祝福~,暁なつめ,zh-TW,,角川书店,urn:uuid:26c5af9e-3200-4201-8d2f-0a3b480ea582
為美好的世界獻上祝福！9 紅之宿命,暁なつめ,2025-05-19,為美好的世界獻上祝福9 紅之宿命.epub,為美好的世界獻上祝福！9 紅之宿命,暁なつめ,zh-TW,,角川书店,urn:uuid:ec4a7a67-7be9-4886-a54f-26607701440d
為美好的世界獻上祝福！EXTRA 讓笨蛋登上舞台吧！2 後宮的天空,暁なつめ,2025-05-19,為美好的世界獻上祝福EXTRA 讓笨蛋登上舞台吧2 後宮的天空.epub,為美好的世界獻上祝福！EXTRA 讓笨蛋登上舞台吧！2 後宮的天空,暁なつめ,zh-TW,,角川书店,urn:uuid:0cdbb535-3f34-44c4-83d3-7a808948c431
為美好的世界獻上祝福！EXTRA 讓笨蛋登上舞台吧！3 為心懷美夢的公主獻上星空,暁なつめ,2025-05-19,為美好的世界獻上祝福EXTRA 讓笨蛋登上舞台吧3 為心懷美夢的公主獻上星空.epub,為美好的世界獻上祝福！EXTRA 讓笨蛋登上舞台吧！3 為心懷美夢的公主獻上星空,暁なつめ,zh-TW,,角川书店,urn:uuid:d0e85733-eafc-4157-ae9e-acffe70b0d2f
無知な幼馴染の10年後_1,雨音恵,2026-06-13,無知な幼馴染の10年後_1.epub,無知な幼馴染の10年後_1,雨音恵,zh-CN,,,
無職転生 ～異世界行ったら本気だす～ スペシャルブック,理不尽な孫の手,2025-05-19,無職転生 ～異世界行ったら本気だす～ スペシャルブック.epub,無職転生 ～異世界行ったら本気だす～ スペシャルブック,理不尽な孫の手,ja,,株式会社ＫＡＤＯＫＡＷＡ,04681934A12842400000
無職転生 ～蛇足編～2,理不尽な孫の手,2025-05-19,無職転生　～蛇足編～2.epub,無職転生 ～蛇足編～2,理不尽な孫の手,ja,,株式会社ＫＡＤＯＫＡＷＡ,04683328A16521200000
無職転生 ～蛇足編～3 ジョブレス・レッドカーペット,理不尽な孫の手,2025-06-25,無職転生　～蛇足編～3　ジョブレスレッドカーペット.epub,無職転生 ～蛇足編～3 ジョブレス・レッドカーペット,理不尽な孫の手,zh-CN,,株式会社ＫＡＤＯＫＡＷＡ,04684717A21342200000
爱依赖的她，成天泡在我房里 01,万屋久兵卫,2025-11-24,爱依赖的她成天泡在我房里 01.epub,爱依赖的她，成天泡在我房里 01,万屋久兵卫,zh-CN,,,urn:uuid:b8c1ed89-8ce0-4644-a608-6a1badb9f369
爱依赖的她，成天泡在我房里 02,万屋久兵卫,2025-11-24,爱依赖的她成天泡在我房里 02.epub,爱依赖的她，成天泡在我房里 02,万屋久兵卫,zh-CN,,,urn:uuid:fe372fbf-f2f0-4312-9236-b0cdef779fb3
爲美好的世界獻上祝福！1 啊啊，沒用的女神大人,暁なつめ,2025-05-19,爲美好的世界獻上祝福1 啊啊沒用的女神大人.epub,爲美好的世界獻上祝福！1 啊啊，沒用的女神大人,暁なつめ,zh-TW,,角川书店,urn:uuid:442c1329-5e86-415b-bfd2-f4c76ebc67d9
玩乐关系 1,葵关南,2025-08-11,玩乐关系 1.epub,玩乐关系 1,葵关南,zh,,,none
玩乐关系 2,葵关南,2025-12-28,玩乐关系 2.epub,玩乐关系 2,葵关南,zh,,,none
用催眠APP打造梦幻后宫生活 第一卷,みょん,2025-11-24,用催眠APP打造梦幻后宫生活 第一卷.epub,用催眠APP打造梦幻后宫生活 第一卷,みょん,zh,https://www.wenku8.cc/book/4031.htm,角川文库,calibre:977
电波女与青春男 BD短篇集合,入间人间,2025-10-31,电波女与青春男 BD短篇集合.epub,电波女与青春男 BD短篇集合,入间人间,zh,http://www.lightnovel.cn,轻之国度,urn:uuid:5208e6bb-5d25-45b0-a7fd-b97d79a85fd4
电波女与青春男 外传 8月×日 今夜星光必将灿烂,入间人间,2025-10-31,电波女与青春男 外传 8月×日 今夜星光必将灿烂.epub,电波女与青春男 外传 8月×日 今夜星光必将灿烂,入间人间,zh-CN,http://www.lightnnovel.cn,yyacgn,
电波女与青春男 外传 请让我回家,入间人间,2025-10-31,电波女与青春男 外传 请让我回家.epub,电波女与青春男 外传 请让我回家,入间人间,zh-CN,http://www.lightnovel.cn,yyacgn,
电波女＆青春男 01,入间人间,2025-10-31,电波女青春男 01.epub,电波女＆青春男 01,入间人间,zh,轻之国度,,urn:uuid:63adf839-bed4-41a5-9b05-76f5defd5688
电波女＆青春男 02,入间人间,2025-10-31,电波女青春男 02.epub,电波女＆青春男 02,入间人间,zh,天使动漫,,urn:uuid:63adf839-bed4-41a5-9b05-76f5defd5688
电波女＆青春男 03,入间人间,2025-10-31,电波女青春男 03.epub,电波女＆青春男 03,入间人间,zh,天使动漫,,urn:uuid:63adf839-bed4-41a5-9b05-76f5defd5688
电波女＆青春男 04,入间人间,2025-10-31,电波女青春男 04.epub,电波女＆青春男 04,入间人间,zh,天使动漫,,urn:uuid:63adf839-bed4-41a5-9b05-76f5defd5688
电波女＆青春男 05,入间人间,2025-10-31,电波女青春男 05.epub,电波女＆青春男 05,入间人间,zh,天使动漫,,urn:uuid:63adf839-bed4-41a5-9b05-76f5defd5688
电波女＆青春男 06,入间人间,2025-10-31,电波女青春男 06.epub,电波女＆青春男 06,入间人间,zh,天使动漫,,urn:uuid:63adf839-bed4-41a5-9b05-76f5defd5688
电波女＆青春男 07,入间人间,2025-10-31,电波女青春男 07.epub,电波女＆青春男 07,入间人间,zh,天使动漫,,urn:uuid:63adf839-bed4-41a5-9b05-76f5defd5688
电波女＆青春男 08,入间人间,2025-10-31,电波女青春男 08.epub,电波女＆青春男 08,入间人间,zh,天使动漫,,urn:uuid:63adf839-bed4-41a5-9b05-76f5defd5688
电波女＆青春男 SF (一点点不可思议) 版,入间人间,2025-10-31,电波女青春男 SF 一点点不可思议 版.epub,电波女＆青春男 SF (一点点不可思议) 版,入间人间,zh,天使动漫,,urn:uuid:63adf839-bed4-41a5-9b05-76f5defd5688
男女の友情は成立する？（いや、しないっ!!） Flag 12. それでも、ずっとずぅ～っと一緒にいようねっ！ (電撃文庫),七菜 なな,2025-11-24,男女の友情は成立するいやしないっ Flag 12 それでもずっとずぅ～っと一緒にいようねっ 電撃文庫.epub,男女の友情は成立する？（いや、しないっ!!） Flag 12. それでも、ずっとずぅ～っと一緒にいようねっ！ (電撃文庫),七菜 なな,zh-CN,,株式会社ＫＡＤＯＫＡＷＡ,asin:B0FXWBMKM2
男女之间存在纯友情吗？（不，不存在！） 第一卷 Flag1.不然到三十岁还单身就跟我在一起吧？,七菜なな,2025-11-24,男女之间存在纯友情吗不不存在 第一卷 Flag1.epub,男女之间存在纯友情吗？（不，不存在！） 第一卷 Flag1.不然到三十岁还单身就跟我在一起吧？,七菜なな,zh,https://www.wenku8.cc/book/3103.htm,电击文库,calibre:19525
男女之间存在纯友情吗？（不，不存在！） 第七卷 Flag6.难道现在这样的我不行吗？,七菜なな,2025-11-24,男女之间存在纯友情吗不不存在 第七卷 Flag6.epub,男女之间存在纯友情吗？（不，不存在！） 第七卷 Flag6.难道现在这样的我不行吗？,七菜なな,zh,https://www.wenku8.cc/book/3103.htm,电击文库,calibre:19530
男女之间存在纯友情吗？（不，不存在！） 第三卷 Flag3.不然你就一直看着我好了？,七菜なな,2025-11-24,男女之间存在纯友情吗不不存在 第三卷 Flag3.epub,男女之间存在纯友情吗？（不，不存在！） 第三卷 Flag3.不然你就一直看着我好了？,七菜なな,zh,https://www.wenku8.cc/book/3103.htm,电击文库,calibre:19527
男女之间存在纯友情吗？（不，不存在！） 第九卷 Flag 8.如果学长无论如何都要这样拜托，答应也可以喔？,七菜なな,2025-11-24,男女之间存在纯友情吗不不存在 第九卷 Flag 8.epub,男女之间存在纯友情吗？（不，不存在！） 第九卷 Flag 8.如果学长无论如何都要这样拜托，答应也可以喔？,七菜なな,zh,https://www.wenku8.cc/book/3103.htm,电击文库,calibre:25573
男女之间存在纯友情吗？（不，不存在！） 第二卷 Flag2.不然干脆真的跟我交往好了？,七菜なな,2025-11-24,男女之间存在纯友情吗不不存在 第二卷 Flag2.epub,男女之间存在纯友情吗？（不，不存在！） 第二卷 Flag2.不然干脆真的跟我交往好了？,七菜なな,zh,https://www.wenku8.cc/book/3103.htm,电击文库,calibre:19526
男女之间存在纯友情吗？（不，不存在！） 第五卷 Flag4.不过，我们是挚友对吧？〈下〉,七菜なな,2025-11-24,男女之间存在纯友情吗不不存在 第五卷 Flag4.epub,男女之间存在纯友情吗？（不，不存在！） 第五卷 Flag4.不过，我们是挚友对吧？〈下〉,七菜なな,zh,https://www.wenku8.net/book/3103.htm,电击文库,calibre:19529
男女之间存在纯友情吗？（不，不存在！） 第八卷 Flag7.不过，既然是恋人，我就是你的第一吧？,七菜なな,2025-11-24,男女之间存在纯友情吗不不存在 第八卷 Flag7.epub,男女之间存在纯友情吗？（不，不存在！） 第八卷 Flag7.不过，既然是恋人，我就是你的第一吧？,七菜なな,zh,https://www.wenku8.cc/book/3103.htm,电击文库,calibre:19524
男女之间存在纯友情吗？（不，不存在！） 第六卷 Flag5.虽然不到三十岁，还是跟我在一起吧？,七菜なな,2025-11-24,男女之间存在纯友情吗不不存在 第六卷 Flag5.epub,男女之间存在纯友情吗？（不，不存在！） 第六卷 Flag5.虽然不到三十岁，还是跟我在一起吧？,七菜なな,zh,https://www.wenku8.cc/book/3103.htm,电击文库,calibre:19531
男女之间存在纯友情吗？（不，不存在！） 第十一卷 Flag 10.被你这种家伙当朋友的话，我应该也没戏唱了吧。,七菜なな,2025-11-24,男女之间存在纯友情吗不不存在 第十一卷 Flag 10.epub,男女之间存在纯友情吗？（不，不存在！） 第十一卷 Flag 10.被你这种家伙当朋友的话，我应该也没戏唱了吧。,七菜なな,zh,https://www.wenku8.cc/book/3103.htm,电击文库,calibre:486
男女之间存在纯友情吗？（不，不存在！） 第十卷 Flag 9.欸，就当这是最后一次，在这趟旅行期间让我做你的女朋友吧？,七菜なな,2025-11-24,男女之间存在纯友情吗不不存在 第十卷 Flag 9.epub,男女之间存在纯友情吗？（不，不存在！） 第十卷 Flag 9.欸，就当这是最后一次，在这趟旅行期间让我做你的女朋友吧？,七菜なな,zh,https://www.wenku8.cc/book/3103.htm,电击文库,calibre:25563
男女之间存在纯友情吗？（不，不存在！） 第四卷 Flag4.不过，我们是挚友对吧？〈上〉,七菜なな,2025-11-24,男女之间存在纯友情吗不不存在 第四卷 Flag4.epub,男女之间存在纯友情吗？（不，不存在！） 第四卷 Flag4.不过，我们是挚友对吧？〈上〉,七菜なな,zh,https://www.wenku8.cc/book/3103.htm,电击文库,calibre:19528
異世界に転移したら、美少女皇女と結婚して皇帝になったので、のんびりハーレム生活を楽しみます（ブレイブ文庫）１,軽井広,2025-09-21,異世界に転移したら美少女皇女と結婚して皇帝になったのでのんびりハーレム生活を楽しみますブレイブ文庫１.epub,異世界に転移したら、美少女皇女と結婚して皇帝になったので、のんびりハーレム生活を楽しみます（ブレイブ文庫）１,軽井広,zh-CN,,株式会社一二三書房,B0DK8LPTBJ
異世界に転移したら、美少女皇女と結婚して皇帝になったので、のんびりハーレム生活を楽しみます（ブレイブ文庫）２,軽井広,2025-09-21,異世界に転移したら美少女皇女と結婚して皇帝になったのでのんびりハーレム生活を楽しみますブレイブ文庫２.epub,異世界に転移したら、美少女皇女と結婚して皇帝になったので、のんびりハーレム生活を楽しみます（ブレイブ文庫）２,軽井広,zh-CN,,株式会社一二三書房,urn:asin:B0FDW12TZW
病至爱恋,斜线堂有纪,2026-01-24,病至爱恋.epub,病至爱恋,斜线堂有纪,zh,,,
監禁王,作者：マサイ▏插图：ぺい,2025-07-26,監禁王.epub,監禁王,作者：マサイ▏插图：ぺい,zh-CN,http://www.cnepub.com,epub掌上书苑,
神と悪魔がデートをするなら、どちらが奢るべきか？ ～恋は神魔最終戦争のあとで～,輝井　永澄,2025-07-19,神と悪魔がデートをするならどちらが奢るべきか　～恋は神魔最終戦争のあとで～.epub,神と悪魔がデートをするなら、どちらが奢るべきか？ ～恋は神魔最終戦争のあとで～,輝井 永澄,zh-CN,,株式会社ＫＡＤＯＫＡＷＡ,urn:uuid:7b44d301-825a-4e27-a682-1a3320d00501
神的记事本 01,杉井光,2025-11-27,神的记事本 01.epub,神的记事本 01,杉井光,zh-CN,http://www.lightnovel.cn,轻之国度,urn:uuid:5208e6bb-5d25-45b0-a7fd-b97d79a85fd4
神的记事本 02,杉井光,2025-11-27,神的记事本 02.epub,神的记事本 02,杉井光,zh-CN,http://www.lightnovel.cn,轻之国度,urn:uuid:5208e6bb-5d25-45b0-a7fd-b97d79a85fd4
神的记事本 03,杉井光,2025-11-27,神的记事本 03.epub,神的记事本 03,杉井光,zh-CN,http://www.lightnovel.cn,轻之国度,urn:uuid:5208e6bb-5d25-45b0-a7fd-b97d79a85fd4
神的记事本 04,杉井光,2025-11-27,神的记事本 04.epub,神的记事本 04,杉井光,zh,http://www.lightnovel.cn,轻之国度,urn:uuid:5208e6bb-5d25-45b0-a7fd-b97d79a85fd4
神的记事本 05,杉井光,2025-11-27,神的记事本 05.epub,神的记事本 05,杉井光,zh-CN,http://www.lightnovel.cn,轻之国度,urn:uuid:5208e6bb-5d25-45b0-a7fd-b97d79a85fd4
神的记事本 06,杉井光,2025-11-27,神的记事本 06.epub,神的记事本 06,杉井光,zh-CN,http://www.lightnovel.cn,轻之国度,urn:uuid:5208e6bb-5d25-45b0-a7fd-b97d79a85fd4
神的记事本 07,杉井光,2025-11-27,神的记事本 07.epub,神的记事本 07,杉井光,zh-CN,http://www.lightnovel.cn,轻之国度,urn:uuid:5208e6bb-5d25-45b0-a7fd-b97d79a85fd4
神的记事本 8,杉井光,2025-11-27,神的记事本 8.epub,神的记事本 8,杉井光,zh,http://www.lightnovel.cn,yyacgn,urn:uuid:5208e6bb-5d25-45b0-a7fd-b97d79a85fd4
神的记事本09,杉井光,2025-11-27,神的记事本09.epub,神的记事本09,杉井光,zh,reAct木子&amp;天使动漫,ePub制作组,urn:uuid:5208e6bb-5d25-45b0-a7fd-b97d79a85fd4
突然住む家を失ったら憧れの女子達との秘密の同棲生活が始まったんだが？ (GCN文庫),ｋａｋａｏ,2025-09-22,突然住む家を失ったら憧れの女子達との秘密の同棲生活が始まったんだが GCN文庫.epub,突然住む家を失ったら憧れの女子達との秘密の同棲生活が始まったんだが？ (GCN文庫),ｋａｋａｏ,zh-CN,,株式会社マイクロマガジン社,urn:asin:B0FD9B4B41
絮叨的我和冷淡的你,アストロコーラ,2025-08-22,絮叨的我和冷淡的你.epub,絮叨的我和冷淡的你,アストロコーラ,zh-CN,,,syosetu.n2010ke
繼母的拖油瓶是我的前女友 11 反正你也不知道,紙城境介,2025-05-19,繼母的拖油瓶是我的前女友 11 反正你也不知道.epub,繼母的拖油瓶是我的前女友 11 反正你也不知道,紙城境介,zh,,KADOKAWA,calibre:2661
繼母的拖油瓶是我的前女友 8 差不多該動真格了吧,紙城鏡介,2025-05-19,繼母的拖油瓶是我的前女友 8 差不多該動真格了吧.epub,繼母的拖油瓶是我的前女友 8 差不多該動真格了吧,紙城鏡介,zh-TW,,KADOKAWA,urn:uuid:44d405c6-4ebe-4772-ae9d-7abc88c6c3f9
线上游戏的老婆不可能是女生？ BD特典,聴猫芝居,2026-02-21,线上游戏的老婆不可能是女生 BD特典.epub,线上游戏的老婆不可能是女生？ BD特典,聴猫芝居,zh,https://www.wenku8.cc/book/1672.htm,电击文库,calibre:20660
线上游戏的老婆不可能是女生？ 短篇,聴猫芝居,2026-02-21,线上游戏的老婆不可能是女生 短篇.epub,线上游戏的老婆不可能是女生？ 短篇,聴猫芝居,zh,https://www.wenku8.cc/book/1672.htm,电击文库,calibre:20666
线上游戏的老婆不可能是女生？ 第一卷,聴猫芝居,2026-02-21,线上游戏的老婆不可能是女生 第一卷.epub,线上游戏的老婆不可能是女生？ 第一卷,聴猫芝居,zh,https://www.wenku8.cc/book/1672.htm,电击文库,calibre:20649
线上游戏的老婆不可能是女生？ 第七卷,聴猫芝居,2026-02-21,线上游戏的老婆不可能是女生 第七卷.epub,线上游戏的老婆不可能是女生？ 第七卷,聴猫芝居,zh,https://www.wenku8.cc/book/1672.htm,电击文库,calibre:20656
线上游戏的老婆不可能是女生？ 第三卷,聴猫芝居,2026-02-21,线上游戏的老婆不可能是女生 第三卷.epub,线上游戏的老婆不可能是女生？ 第三卷,聴猫芝居,zh,https://www.wenku8.cc/book/1672.htm,电击文库,calibre:20651
线上游戏的老婆不可能是女生？ 第九卷,聴猫芝居,2026-02-21,线上游戏的老婆不可能是女生 第九卷.epub,线上游戏的老婆不可能是女生？ 第九卷,聴猫芝居,zh,https://www.wenku8.cc/book/1672.htm,电击文库,calibre:20658
线上游戏的老婆不可能是女生？ 第二十一卷,聴猫芝居,2026-02-21,线上游戏的老婆不可能是女生 第二十一卷.epub,线上游戏的老婆不可能是女生？ 第二十一卷,聴猫芝居,zh,https://www.wenku8.cc/book/1672.htm,电击文库,calibre:20648
线上游戏的老婆不可能是女生？ 第二十卷,聴猫芝居,2026-02-21,线上游戏的老婆不可能是女生 第二十卷.epub,线上游戏的老婆不可能是女生？ 第二十卷,聴猫芝居,zh,https://www.wenku8.cc/book/1672.htm,电击文库,calibre:20654
线上游戏的老婆不可能是女生？ 第二卷,聴猫芝居,2026-02-21,线上游戏的老婆不可能是女生 第二卷.epub,线上游戏的老婆不可能是女生？ 第二卷,聴猫芝居,zh,https://www.wenku8.cc/book/1672.htm,电击文库,calibre:20650
线上游戏的老婆不可能是女生？ 第五卷,聴猫芝居,2026-02-21,线上游戏的老婆不可能是女生 第五卷.epub,线上游戏的老婆不可能是女生？ 第五卷,聴猫芝居,zh,https://www.wenku8.cc/book/1672.htm,电击文库,calibre:20653
线上游戏的老婆不可能是女生？ 第八卷,聴猫芝居,2026-02-21,线上游戏的老婆不可能是女生 第八卷.epub,线上游戏的老婆不可能是女生？ 第八卷,聴猫芝居,zh,https://www.wenku8.cc/book/1672.htm,电击文库,calibre:20657
线上游戏的老婆不可能是女生？ 第六卷,聴猫芝居,2026-02-21,线上游戏的老婆不可能是女生 第六卷.epub,线上游戏的老婆不可能是女生？ 第六卷,聴猫芝居,zh,https://www.wenku8.cc/book/1672.htm,电击文库,calibre:20655
线上游戏的老婆不可能是女生？ 第十一卷,聴猫芝居,2026-02-21,线上游戏的老婆不可能是女生 第十一卷.epub,线上游戏的老婆不可能是女生？ 第十一卷,聴猫芝居,zh,https://www.wenku8.cc/book/1672.htm,电击文库,calibre:20664
线上游戏的老婆不可能是女生？ 第十七卷,聴猫芝居,2026-02-21,线上游戏的老婆不可能是女生 第十七卷.epub,线上游戏的老婆不可能是女生？ 第十七卷,聴猫芝居,zh,https://www.wenku8.cc/book/1672.htm,电击文库,calibre:20668
线上游戏的老婆不可能是女生？ 第十三卷,聴猫芝居,2026-02-21,线上游戏的老婆不可能是女生 第十三卷.epub,线上游戏的老婆不可能是女生？ 第十三卷,聴猫芝居,zh,https://www.wenku8.cc/book/1672.htm,电击文库,calibre:20662
线上游戏的老婆不可能是女生？ 第十九卷,聴猫芝居,2026-02-21,线上游戏的老婆不可能是女生 第十九卷.epub,线上游戏的老婆不可能是女生？ 第十九卷,聴猫芝居,zh,https://www.wenku8.cc/book/1672.htm,电击文库,calibre:20661
线上游戏的老婆不可能是女生？ 第十二卷,聴猫芝居,2026-02-21,线上游戏的老婆不可能是女生 第十二卷.epub,线上游戏的老婆不可能是女生？ 第十二卷,聴猫芝居,zh,https://www.wenku8.cc/book/1672.htm,电击文库,calibre:20670
线上游戏的老婆不可能是女生？ 第十五卷,聴猫芝居,2026-02-21,线上游戏的老婆不可能是女生 第十五卷.epub,线上游戏的老婆不可能是女生？ 第十五卷,聴猫芝居,zh,https://www.wenku8.cc/book/1672.htm,电击文库,calibre:20665
线上游戏的老婆不可能是女生？ 第十八卷,聴猫芝居,2026-02-21,线上游戏的老婆不可能是女生 第十八卷.epub,线上游戏的老婆不可能是女生？ 第十八卷,聴猫芝居,zh,https://www.wenku8.cc/book/1672.htm,电击文库,calibre:20669
线上游戏的老婆不可能是女生？ 第十六卷,聴猫芝居,2026-02-21,线上游戏的老婆不可能是女生 第十六卷.epub,线上游戏的老婆不可能是女生？ 第十六卷,聴猫芝居,zh,https://www.wenku8.cc/book/1672.htm,电击文库,calibre:20667
线上游戏的老婆不可能是女生？ 第十卷,聴猫芝居,2026-02-21,线上游戏的老婆不可能是女生 第十卷.epub,线上游戏的老婆不可能是女生？ 第十卷,聴猫芝居,zh,https://www.wenku8.cc/book/1672.htm,电击文库,calibre:20659
线上游戏的老婆不可能是女生？ 第十四卷,聴猫芝居,2026-02-21,线上游戏的老婆不可能是女生 第十四卷.epub,线上游戏的老婆不可能是女生？ 第十四卷,聴猫芝居,zh,https://www.wenku8.cc/book/1672.htm,电击文库,calibre:20663
线上游戏的老婆不可能是女生？ 第四卷,聴猫芝居,2026-02-21,线上游戏的老婆不可能是女生 第四卷.epub,线上游戏的老婆不可能是女生？ 第四卷,聴猫芝居,zh,https://www.wenku8.cc/book/1672.htm,电击文库,calibre:20652
继母的拖油瓶是我的前女友 第九卷,uread 1.36.885 简体版,2025-05-19,继母的拖油瓶是我的前女友 第九卷.epub,继母的拖油瓶是我的前女友 第九卷,uread 1.36.885 简体版,zh-CN,,uread 1.36.885 简体版,{DF0C336A-02F7-4FB5-98DE-AC6F19B5EDB7}
继母的拖油瓶是我的前女友 第十二卷 男人从来都只有一个,紙城境介,2025-05-19,继母的拖油瓶是我的前女友 第十二卷 男人从来都只有一个.epub,继母的拖油瓶是我的前女友 第十二卷 男人从来都只有一个,紙城境介,zh,https://www.wenku8.net/book/2509.htm,角川文库,calibre:22125
继母的拖油瓶是我的前女友 第十卷,uread 1.36.885 简体版,2025-05-19,继母的拖油瓶是我的前女友 第十卷.epub,继母的拖油瓶是我的前女友 第十卷,uread 1.36.885 简体版,zh-CN,,uread 1.36.885 简体版,{46D65467-F190-44E7-9861-FAE8DD814AC8}
继母的拖油瓶是我的前女友-短篇-迷糊轻小说,,2025-05-19,继母的拖油瓶是我的前女友-短篇-迷糊轻小说.epub,继母的拖油瓶是我的前女友-短篇-迷糊轻小说,,zh,http://www.yidm.com/article/info/2/2470.html,迷糊轻小说(www.yidm.com),http://www.yidm.com/article/info/2/2470.html
继母的拖油瓶是我的前女友-第一卷 昔日的恋情无从终结-迷糊轻小说,,2025-05-19,继母的拖油瓶是我的前女友-第一卷 昔日的恋情无从终结-迷糊轻小说.epub,继母的拖油瓶是我的前女友-第一卷 昔日的恋情无从终结-迷糊轻小说,,zh,http://www.yidm.com/article/info/2/2470.html,迷糊轻小说(www.yidm.com),http://www.yidm.com/article/info/2/2470.html
继母的拖油瓶是我的前女友-第三卷 青梅竹马还是算了吧-迷糊轻小说,,2025-05-19,继母的拖油瓶是我的前女友-第三卷 青梅竹马还是算了吧-迷糊轻小说.epub,继母的拖油瓶是我的前女友-第三卷 青梅竹马还是算了吧-迷糊轻小说,,zh,http://www.yidm.com/article/info/2/2470.html,迷糊轻小说(www.yidm.com),http://www.yidm.com/article/info/2/2470.html
继母的拖油瓶是我的前女友-第二卷 哪怕不再是恋人-迷糊轻小说,,2025-05-19,继母的拖油瓶是我的前女友-第二卷 哪怕不再是恋人-迷糊轻小说.epub,继母的拖油瓶是我的前女友-第二卷 哪怕不再是恋人-迷糊轻小说,,zh,http://www.yidm.com/article/info/2/2470.html,迷糊轻小说(www.yidm.com),http://www.yidm.com/article/info/2/2470.html
继母的拖油瓶是我的前女友-第五卷 你是世界上独一无二的存在-迷糊轻小说,,2025-05-19,继母的拖油瓶是我的前女友-第五卷 你是世界上独一无二的存在-迷糊轻小说.epub,继母的拖油瓶是我的前女友-第五卷 你是世界上独一无二的存在-迷糊轻小说,,zh,http://www.yidm.com/article/info/2/2470.html,迷糊轻小说(www.yidm.com),http://www.yidm.com/article/info/2/2470.html
继母的拖油瓶是我的前女友-第六卷 当时没能说出口的六件事-迷糊轻小说,,2025-05-19,继母的拖油瓶是我的前女友-第六卷 当时没能说出口的六件事-迷糊轻小说.epub,继母的拖油瓶是我的前女友-第六卷 当时没能说出口的六件事-迷糊轻小说,,zh,http://www.yidm.com/article/info/2/2470.html,迷糊轻小说(www.yidm.com),http://www.yidm.com/article/info/2/2470.html
继母的拖油瓶是我的前女友-第四卷 来自初吻的宣战布告-迷糊轻小说,,2025-05-19,继母的拖油瓶是我的前女友-第四卷 来自初吻的宣战布告-迷糊轻小说.epub,继母的拖油瓶是我的前女友-第四卷 来自初吻的宣战布告-迷糊轻小说,,zh,http://www.yidm.com/article/info/2/2470.html,迷糊轻小说(www.yidm.com),http://www.yidm.com/article/info/2/2470.html
继母的拖油瓶是我的前女友7 再待一会儿就好,纸城境介,2025-05-19,继母的拖油瓶是我的前女友7 再待一会儿就好.epub,继母的拖油瓶是我的前女友7 再待一会儿就好,纸城境介,zh-CN,,,urn:uuid:d79d260e-0959-4943-8c30-fd8f8c27add8
综上所述，我们证明了初恋。 -δ和γ的理学部笔记 1-,逆井卓马,2025-06-04,综上所述我们证明了初恋 -δ和γ的理学部笔记 1-.epub,综上所述，我们证明了初恋。 -δ和γ的理学部笔记 1-,逆井卓马,zh,,,none
義妹生活 01,三河ごーすと,2025-05-19,義妹生活 01.epub,義妹生活 01,三河ごーすと,zh-TW,天使動漫錄入組錄入,台灣角川,calibre:1534
義妹生活 02,三河ごーすと,2025-05-19,義妹生活 02.epub,義妹生活 02,三河ごーすと,zh-TW,天使動漫錄入組,台灣角川,calibre:1535
義妹生活 03,三河ごーすと,2025-05-19,義妹生活 03.epub,義妹生活 03,三河ごーすと,zh-TW,天使動漫錄入組,台灣角川,calibre:1536
義妹生活 04,三河ごーすと,2025-05-19,義妹生活 04.epub,義妹生活 04,三河ごーすと,zh-TW,天使動漫錄入組,台灣角川,calibre:1554
義妹生活 05,三河ごーすと,2025-05-19,義妹生活 05.epub,義妹生活 05,三河ごーすと,zh-TW,天使動漫錄入組,台灣角川,calibre:1993
義妹生活 06,三河ごーすと,2025-05-19,義妹生活 06.epub,義妹生活 06,三河ごーすと,zh-CN,,KADOKAWA,urn:uuid:0f7b5f9e-71ba-45f2-81dd-fbe53eac7be0
義妹生活 07,三河ごーすと,2025-05-19,義妹生活 07.epub,義妹生活 07,三河ごーすと,zh,,KADOKAWA,urn:uuid:4d65013e-012b-4310-9e3f-ae77aa072f54
義妹生活 08,三河ごーすと,2025-05-19,義妹生活 08.epub,義妹生活 08,三河ごーすと,zh,,KADOKAWA,6f223a84-4516-4126-9bf6-d06a3c8de5fa
義妹生活 09,三河ごーすと,2025-05-19,義妹生活 09.epub,義妹生活 09,三河ごーすと,zh,,KADOKAWA,c6d89a4a-946f-48d8-a8de-9a5272705228
義妹５人いる,榛名丼,2025-08-10,義妹５人いる.epub,義妹５人いる,榛名丼,zh-CN,,株式会社ＫＡＤＯＫＡＷＡ,04916536A22109000000
背离冬日 [全一册],石川博品,2025-10-31,背离冬日 全一册.epub,背离冬日 [全一册],石川博品,zh,,374260,https://www.bilinovel.com/novel/4337.html?fromuid=374260
英雄与魔女的转生恋爱喜剧 01,雨宮和希,2025-06-25,英雄与魔女的转生恋爱喜剧 01.epub,英雄与魔女的转生恋爱喜剧 01,雨宮和希,zh,,,none
英雄与魔女的转生恋爱喜剧 02,雨宮和希,2025-06-25,英雄与魔女的转生恋爱喜剧 02.epub,英雄与魔女的转生恋爱喜剧 02,雨宮和希,zh,,,none
落第骑士英雄谭 短篇,海空りく,2025-11-24,落第骑士英雄谭 短篇.epub,落第骑士英雄谭 短篇,海空りく,zh,https://www.wenku8.cc/book/1618.htm,其他文库,calibre:23023
落第骑士英雄谭 第一卷,海空りく,2025-11-24,落第骑士英雄谭 第一卷.epub,落第骑士英雄谭 第一卷,海空りく,zh,https://www.wenku8.cc/book/1618.htm,其他文库,calibre:23020
落第骑士英雄谭 第七卷,海空りく,2025-11-24,落第骑士英雄谭 第七卷.epub,落第骑士英雄谭 第七卷,海空りく,zh,https://www.wenku8.cc/book/1618.htm,其他文库,calibre:23028
落第骑士英雄谭 第三卷,海空りく,2025-11-24,落第骑士英雄谭 第三卷.epub,落第骑士英雄谭 第三卷,海空りく,zh,https://www.wenku8.cc/book/1618.htm,其他文库,calibre:23022
落第骑士英雄谭 第九卷,海空りく,2025-11-24,落第骑士英雄谭 第九卷.epub,落第骑士英雄谭 第九卷,海空りく,zh,https://www.wenku8.cc/book/1618.htm,其他文库,calibre:23030
落第骑士英雄谭 第二卷,海空りく,2025-11-24,落第骑士英雄谭 第二卷.epub,落第骑士英雄谭 第二卷,海空りく,zh,https://www.wenku8.cc/book/1618.htm,其他文库,calibre:23021
落第骑士英雄谭 第五卷,海空りく,2025-11-24,落第骑士英雄谭 第五卷.epub,落第骑士英雄谭 第五卷,海空りく,zh,https://www.wenku8.cc/book/1618.htm,其他文库,calibre:23025
落第骑士英雄谭 第八卷,海空りく,2025-11-24,落第骑士英雄谭 第八卷.epub,落第骑士英雄谭 第八卷,海空りく,zh,https://www.wenku8.cc/book/1618.htm,其他文库,calibre:23029
落第骑士英雄谭 第六卷,海空りく,2025-11-24,落第骑士英雄谭 第六卷.epub,落第骑士英雄谭 第六卷,海空りく,zh,https://www.wenku8.cc/book/1618.htm,其他文库,calibre:23026
落第骑士英雄谭 第十一卷,海空りく,2025-11-24,落第骑士英雄谭 第十一卷.epub,落第骑士英雄谭 第十一卷,海空りく,zh,https://www.wenku8.cc/book/1618.htm,其他文库,calibre:23032
落第骑士英雄谭 第十七卷,海空りく,2025-11-24,落第骑士英雄谭 第十七卷.epub,落第骑士英雄谭 第十七卷,海空りく,zh,https://www.wenku8.cc/book/1618.htm,其他文库,calibre:23039
落第骑士英雄谭 第十三卷,海空りく,2025-11-24,落第骑士英雄谭 第十三卷.epub,落第骑士英雄谭 第十三卷,海空りく,zh,https://www.wenku8.cc/book/1618.htm,其他文库,calibre:23034
落第骑士英雄谭 第十九卷,海空りく,2025-11-24,落第骑士英雄谭 第十九卷.epub,落第骑士英雄谭 第十九卷,海空りく,zh,https://www.wenku8.cc/book/1618.htm,其他文库,calibre:23019
落第骑士英雄谭 第十二卷,海空りく,2025-11-24,落第骑士英雄谭 第十二卷.epub,落第骑士英雄谭 第十二卷,海空りく,zh,https://www.wenku8.cc/book/1618.htm,其他文库,calibre:23033
落第骑士英雄谭 第十五卷,海空りく,2025-11-24,落第骑士英雄谭 第十五卷.epub,落第骑士英雄谭 第十五卷,海空りく,zh,https://www.wenku8.cc/book/1618.htm,其他文库,calibre:23038
落第骑士英雄谭 第十八卷,海空りく,2025-11-24,落第骑士英雄谭 第十八卷.epub,落第骑士英雄谭 第十八卷,海空りく,zh,https://www.wenku8.cc/book/1618.htm,其他文库,calibre:23035
落第骑士英雄谭 第十六卷,海空りく,2025-11-24,落第骑士英雄谭 第十六卷.epub,落第骑士英雄谭 第十六卷,海空りく,zh,https://www.wenku8.cc/book/1618.htm,其他文库,calibre:23037
落第骑士英雄谭 第十卷,海空りく,2025-11-24,落第骑士英雄谭 第十卷.epub,落第骑士英雄谭 第十卷,海空りく,zh,https://www.wenku8.cc/book/1618.htm,其他文库,calibre:23031
落第骑士英雄谭 第十四卷,海空りく,2025-11-24,落第骑士英雄谭 第十四卷.epub,落第骑士英雄谭 第十四卷,海空りく,zh,https://www.wenku8.cc/book/1618.htm,其他文库,calibre:23036
落第骑士英雄谭 第四卷,海空りく,2025-11-24,落第骑士英雄谭 第四卷.epub,落第骑士英雄谭 第四卷,海空りく,zh,https://www.wenku8.cc/book/1618.htm,其他文库,calibre:23024
落第骑士英雄谭 第零卷,海空りく,2025-11-24,落第骑士英雄谭 第零卷.epub,落第骑士英雄谭 第零卷,海空りく,zh,https://www.wenku8.cc/book/1618.htm,其他文库,calibre:23027
虽然稍微比我年长一点，但可以当我女友吗？ 1 ～爱上27岁的JK～,望公太,2025-08-11,虽然稍微比我年长一点但可以当我女友吗 1 ～爱上27岁的JK～.epub,虽然稍微比我年长一点，但可以当我女友吗？ 1 ～爱上27岁的JK～,望公太,zh-CN,轻之国度,,urn:uuid:63adf839-bed4-41a5-9b05-76f5defd5688
虽然稍微比我年长一点，但可以当我女友吗？ 2 ～可爱得不得了，总之就是很崇高～,望公太,2025-08-11,虽然稍微比我年长一点但可以当我女友吗 2 ～可爱得不得了总之就是很崇高～.epub,虽然稍微比我年长一点，但可以当我女友吗？ 2 ～可爱得不得了，总之就是很崇高～,望公太,zh-TW,轻之国度,,urn:uuid:63adf839-bed4-41a5-9b05-76f5defd5688
虽然稍微比我年长一点，但可以当我女友吗？ 3 ～跨越时间的爱～,望公太,2025-08-11,虽然稍微比我年长一点但可以当我女友吗 3 ～跨越时间的爱～.epub,虽然稍微比我年长一点，但可以当我女友吗？ 3 ～跨越时间的爱～,望公太,zh-TW,轻之国度,,urn:uuid:63adf839-bed4-41a5-9b05-76f5defd5688
虽然稍微比我年长一点，但可以当我女友吗？ 4 ～喜欢的反义词是超喜欢～,望公太,2025-08-11,虽然稍微比我年长一点但可以当我女友吗 4 ～喜欢的反义词是超喜欢～.epub,虽然稍微比我年长一点，但可以当我女友吗？ 4 ～喜欢的反义词是超喜欢～,望公太,zh-CN,轻之国度,,urn:uuid:63adf839-bed4-41a5-9b05-76f5defd5688
虽然稍微比我年长一点，但可以当我女友吗？ [第五卷 不论年龄，都是公主],望公太,2025-08-11,虽然稍微比我年长一点但可以当我女友吗 第五卷 不论年龄都是公主.epub,虽然稍微比我年长一点，但可以当我女友吗？ [第五卷 不论年龄，都是公主],望公太,zh,,374260,https://www.bilinovel.com/novel/2548.html?fromuid=374260
血の繋がらない私たちが家族になるたった一つの方法２,雲雀湯,2026-02-10,血の繋がらない私たちが家族になるたった一つの方法２.epub,血の繋がらない私たちが家族になるたった一つの方法２,雲雀湯,zh-CN,,株式会社ＫＡＤＯＫＡＷＡ,B0D4L57RG2
装成熟！！～大学生的恋爱喜剧不抽烟喝酒根本撑不下去！～ 第一卷,屁負比丘尼,2025-11-24,装成熟～大学生的恋爱喜剧不抽烟喝酒根本撑不下去～ 第一卷.epub,装成熟！！～大学生的恋爱喜剧不抽烟喝酒根本撑不下去！～ 第一卷,屁負比丘尼,zh,https://www.wenku8.cc/book/3770.htm,Fami通文库,calibre:1762
西游记（人文社经典彩皮版，长销70年，以明代世德堂本为底本；三次修订重校；豆瓣上万条评论；2020年教育部指导目录图书）,吴承恩,2025-05-19,西游记人文社经典彩皮版长销70年以明代世德堂本为底本三次修订重校豆瓣上万条评论2020年教育部指导目录图书.epub,西游记（人文社经典彩皮版，长销70年，以明代世德堂本为底本；三次修订重校；豆瓣上万条评论；2020年教育部指导目录图书）,吴承恩,zh,,人民文学出版社,epubsplit-uid-1594735200
西野 ～学内カースト最下位にして異能世界最強の少年～ SS集 ある日の出来事,ぶんころり,2025-11-25,西野　～学内カースト最下位にして異能世界最強の少年～ SS集　ある日の出来事.epub,西野 ～学内カースト最下位にして異能世界最強の少年～ SS集 ある日の出来事,ぶんころり,zh-CN,,株式会社ＫＡＤＯＫＡＷＡ,2927874809
西野～校内地位最底层的异能世界最强少年～ 第一卷,ぶんころり,2025-11-25,西野～校内地位最底层的异能世界最强少年～ 第一卷.epub,西野～校内地位最底层的异能世界最强少年～ 第一卷,ぶんころり,zh,https://www.wenku8.cc/book/2582.htm,MF文库J,calibre:1679
西野～校内地位最底层的异能世界最强少年～ 第七卷,ぶんころり,2025-11-25,西野～校内地位最底层的异能世界最强少年～ 第七卷.epub,西野～校内地位最底层的异能世界最强少年～ 第七卷,ぶんころり,zh,https://www.wenku8.cc/book/2582.htm,MF文库J,calibre:24564
西野～校内地位最底层的异能世界最强少年～ 第三卷,ぶんころり,2025-11-25,西野～校内地位最底层的异能世界最强少年～ 第三卷.epub,西野～校内地位最底层的异能世界最强少年～ 第三卷,ぶんころり,zh,https://www.wenku8.cc/book/2582.htm,MF文库J,calibre:24560
西野～校内地位最底层的异能世界最强少年～ 第九卷,ぶんころり,2025-11-25,西野～校内地位最底层的异能世界最强少年～ 第九卷.epub,西野～校内地位最底层的异能世界最强少年～ 第九卷,ぶんころり,zh,https://www.wenku8.cc/book/2582.htm,MF文库J,calibre:24567
西野～校内地位最底层的异能世界最强少年～ 第二卷,ぶんころり,2025-11-25,西野～校内地位最底层的异能世界最强少年～ 第二卷.epub,西野～校内地位最底层的异能世界最强少年～ 第二卷,ぶんころり,zh,https://www.wenku8.cc/book/2582.htm,MF文库J,calibre:24559
西野～校内地位最底层的异能世界最强少年～ 第五卷,ぶんころり,2025-11-25,西野～校内地位最底层的异能世界最强少年～ 第五卷.epub,西野～校内地位最底层的异能世界最强少年～ 第五卷,ぶんころり,zh,https://www.wenku8.cc/book/2582.htm,MF文库J,calibre:1680
西野～校内地位最底层的异能世界最强少年～ 第八卷,ぶんころり,2025-11-25,西野～校内地位最底层的异能世界最强少年～ 第八卷.epub,西野～校内地位最底层的异能世界最强少年～ 第八卷,ぶんころり,zh,https://www.wenku8.cc/book/2582.htm,MF文库J,calibre:24566
西野～校内地位最底层的异能世界最强少年～ 第六卷,ぶんころり,2025-11-25,西野～校内地位最底层的异能世界最强少年～ 第六卷.epub,西野～校内地位最底层的异能世界最强少年～ 第六卷,ぶんころり,zh,https://www.wenku8.cc/book/2582.htm,MF文库J,calibre:24563
西野～校内地位最底层的异能世界最强少年～ 第十一卷,ぶんころり,2025-11-25,西野～校内地位最底层的异能世界最强少年～ 第十一卷.epub,西野～校内地位最底层的异能世界最强少年～ 第十一卷,ぶんころり,zh,https://www.wenku8.cc/book/2582.htm,MF文库J,calibre:1682
西野～校内地位最底层的异能世界最强少年～ 第十三卷,ぶんころり,2025-11-25,西野～校内地位最底层的异能世界最强少年～ 第十三卷.epub,西野～校内地位最底层的异能世界最强少年～ 第十三卷,ぶんころり,zh,https://www.wenku8.cc/book/2582.htm,MF文库J,calibre:24565
西野～校内地位最底层的异能世界最强少年～ 第十二卷,ぶんころり,2025-11-25,西野～校内地位最底层的异能世界最强少年～ 第十二卷.epub,西野～校内地位最底层的异能世界最强少年～ 第十二卷,ぶんころり,zh,https://www.wenku8.cc/book/2582.htm,MF文库J,calibre:24570
西野～校内地位最底层的异能世界最强少年～ 第十卷,ぶんころり,2025-11-25,西野～校内地位最底层的异能世界最强少年～ 第十卷.epub,西野～校内地位最底层的异能世界最强少年～ 第十卷,ぶんころり,zh,https://www.wenku8.cc/book/2582.htm,MF文库J,calibre:24568
西野～校内地位最底层的异能世界最强少年～ 第十四卷,ぶんころり,2025-11-25,西野～校内地位最底层的异能世界最强少年～ 第十四卷.epub,西野～校内地位最底层的异能世界最强少年～ 第十四卷,ぶんころり,zh,https://www.wenku8.cc/book/2582.htm,MF文库J,calibre:1681
西野～校内地位最底层的异能世界最强少年～ 第四卷,ぶんころり,2025-11-25,西野～校内地位最底层的异能世界最强少年～ 第四卷.epub,西野～校内地位最底层的异能世界最强少年～ 第四卷,ぶんころり,zh,https://www.wenku8.cc/book/2582.htm,MF文库J,calibre:24561
要是有个妹妹就好了5,平坂読,2025-10-29,要是有个妹妹就好了5.epub,要是有个妹妹就好了5,平坂読,zh-CN,http://www.ciyuangou.com,次元狗,
許嫁になったダウナーギャルが毎週ヤられにくる話,月見ハク,2025-07-01,許嫁になったダウナーギャルが毎週ヤられにくる話.epub,許嫁になったダウナーギャルが毎週ヤられにくる話,月見ハク,zh-CN,,フランス書院,urn:uuid:82586a1b-0479-0cc4-034e-5de4a8e9c758
許嫁になったダウナーギャルが毎週ヤられにくる話２,月見ハク,2025-08-05,許嫁になったダウナーギャルが毎週ヤられにくる話２.epub,許嫁になったダウナーギャルが毎週ヤられにくる話２,月見ハク,zh-CN,,フランス書院,urn:uuid:0a45186a-c55a-5ba0-09ec-07e8fb314fc3
許嫁になったダウナーギャルが毎週ヤられにくる話３,月見ハク,2026-07-11,許嫁になったダウナーギャルが毎週ヤられにくる話３.epub,許嫁になったダウナーギャルが毎週ヤられにくる話３,月見ハク,zh-CN,,フランス書院,urn:uuid:b589bfff-ef50-da3a-6100-86d5881b980a
说谎的男孩与坏掉的女孩-i卷 记忆的形成是作为,入间人间,2025-11-24,说谎的男孩与坏掉的女孩-i卷 记忆的形成是作为.epub,说谎的男孩与坏掉的女孩-i卷 记忆的形成是作为,入间人间,zh-CN,,电击文库,
说谎的男孩与坏掉的女孩-第一卷 幸福的背景是不幸,入间人间,2025-11-24,说谎的男孩与坏掉的女孩-第一卷 幸福的背景是不幸.epub,说谎的男孩与坏掉的女孩-第一卷 幸福的背景是不幸,入间人间,zh-CN,,电击文库,
说谎的男孩与坏掉的女孩-第七卷 死后的影响是生前,入间人间,2025-11-24,说谎的男孩与坏掉的女孩-第七卷 死后的影响是生前.epub,说谎的男孩与坏掉的女孩-第七卷 死后的影响是生前,入间人间,zh-CN,,电击文库,
说谎的男孩与坏掉的女孩-第三卷 死的基础是生,入间人间,2025-11-24,说谎的男孩与坏掉的女孩-第三卷 死的基础是生.epub,说谎的男孩与坏掉的女孩-第三卷 死的基础是生,入间人间,zh-CN,,电击文库,
说谎的男孩与坏掉的女孩-第九卷 起始的未来是终焉,入间人间,2025-11-24,说谎的男孩与坏掉的女孩-第九卷 起始的未来是终焉.epub,说谎的男孩与坏掉的女孩-第九卷 起始的未来是终焉,入间人间,zh-CN,,电击文库,
说谎的男孩与坏掉的女孩-第二卷 善意的指针是恶意,入间人间,2025-11-24,说谎的男孩与坏掉的女孩-第二卷 善意的指针是恶意.epub,说谎的男孩与坏掉的女孩-第二卷 善意的指针是恶意,入间人间,zh-CN,,电击文库,
说谎的男孩与坏掉的女孩-第五卷 欲望的主轴是羁绊,入间人间,2025-11-24,说谎的男孩与坏掉的女孩-第五卷 欲望的主轴是羁绊.epub,说谎的男孩与坏掉的女孩-第五卷 欲望的主轴是羁绊,入间人间,zh-CN,,电击文库,
说谎的男孩与坏掉的女孩-第八卷 日常的价值是非凡,入间人间,2025-11-24,说谎的男孩与坏掉的女孩-第八卷 日常的价值是非凡.epub,说谎的男孩与坏掉的女孩-第八卷 日常的价值是非凡,入间人间,zh-CN,,电击文库,
说谎的男孩与坏掉的女孩-第六卷 谎言的价值是真相,入间人间,2025-11-24,说谎的男孩与坏掉的女孩-第六卷 谎言的价值是真相.epub,说谎的男孩与坏掉的女孩-第六卷 谎言的价值是真相,入间人间,zh-CN,,电击文库,
说谎的男孩与坏掉的女孩-第十一卷 ××的彼方是爱情,入间人间,2025-11-24,说谎的男孩与坏掉的女孩-第十一卷 ××的彼方是爱情.epub,说谎的男孩与坏掉的女孩-第十一卷 ××的彼方是爱情,入间人间,zh-CN,,电击文库,
说谎的男孩与坏掉的女孩-第十卷 结束的结束是开始,入间人间,2025-11-24,说谎的男孩与坏掉的女孩-第十卷 结束的结束是开始.epub,说谎的男孩与坏掉的女孩-第十卷 结束的结束是开始,入间人间,zh-CN,,电击文库,
说谎的男孩与坏掉的女孩-第四卷 羁绊的支柱是欲望,入间人间,2025-11-24,说谎的男孩与坏掉的女孩-第四卷 羁绊的支柱是欲望.epub,说谎的男孩与坏掉的女孩-第四卷 羁绊的支柱是欲望,入间人间,zh-CN,,电击文库,
请别来管我 不知为何她想改变孤狼这没救的高中生活,相崎壁际,2025-11-10,请别来管我 不知为何她想改变孤狼这没救的高中生活.epub,请别来管我 不知为何她想改变孤狼这没救的高中生活,相崎壁际,zh-CN,,,urn:uuid:93427566-c0de-4618-8506-279422842737
请把我当成妹妹，给我超越女友的爱-第一卷-迷糊轻小说,,2026-02-10,请把我当成妹妹给我超越女友的爱-第一卷-迷糊轻小说.epub,请把我当成妹妹，给我超越女友的爱-第一卷-迷糊轻小说,,zh,http://www.yidm.com/article/info/2/2919.html,迷糊轻小说(www.yidm.com),http://www.yidm.com/article/info/2/2919.html
请把我当成妹妹，给我超越女友的爱-第二卷-迷糊轻小说,,2026-02-10,请把我当成妹妹给我超越女友的爱-第二卷-迷糊轻小说.epub,请把我当成妹妹，给我超越女友的爱-第二卷-迷糊轻小说,,zh,http://www.yidm.com/article/info/2/2919.html,迷糊轻小说(www.yidm.com),http://www.yidm.com/article/info/2/2919.html
負けを認めたら、もっと触らせてあげるけど？ ざーこ,ちゅるけ,2025-07-13,負けを認めたらもっと触らせてあげるけど　ざーこ.epub,負けを認めたら、もっと触らせてあげるけど？ ざーこ,ちゅるけ,zh-CN,,SBクリエイティブ株式会社,1866837694
貴族令嬢。俺にだけなつく５,夏乃実,2025-12-23,貴族令嬢俺にだけなつく５.epub,貴族令嬢。俺にだけなつく５,夏乃実,zh-CN,,株式会社ＫＡＤＯＫＡＷＡ,calibre:2504
败北女角太多了！ SSS短篇集,雨森たきび,2026-02-11,败北女角太多了 SSS短篇集.epub,败北女角太多了！ SSS短篇集,雨森たきび,zh,https://www.wenku8.cc/book/3057.htm,小学馆,calibre:24953
败北女角太多了！ [第七卷],雨森焚火,2025-05-19,败北女角太多了 第七卷.epub,败北女角太多了！ [第七卷],雨森焚火,zh,,,urn:uuid:00000000-0000-0000-0000-000000000000
败北女角太多了！ 第一卷,,2025-05-19,败北女角太多了 第一卷.epub,败北女角太多了！ 第一卷,,zh,,,urn:uuid:00000000-0000-0000-0000-000000000000
败北女角太多了！ 第三卷,,2025-05-19,败北女角太多了 第三卷.epub,败北女角太多了！ 第三卷,,zh,,,urn:uuid:00000000-0000-0000-0000-000000000000
败北女角太多了！ 第二卷,,2025-05-19,败北女角太多了 第二卷.epub,败北女角太多了！ 第二卷,,zh,,,urn:uuid:00000000-0000-0000-0000-000000000000
败北女角太多了！ 第五卷,,2025-05-19,败北女角太多了 第五卷.epub,败北女角太多了！ 第五卷,,zh,,,urn:uuid:00000000-0000-0000-0000-000000000000
败北女角太多了！ 第六卷,,2025-05-19,败北女角太多了 第六卷.epub,败北女角太多了！ 第六卷,,zh,,,urn:uuid:00000000-0000-0000-0000-000000000000
败北女角太多了！ 第四卷,,2025-05-19,败北女角太多了 第四卷.epub,败北女角太多了！ 第四卷,,zh,,,urn:uuid:00000000-0000-0000-0000-000000000000
败北女角太多了！8.5卷（贴吧搬运版）,雨森焚火,2026-02-11,败北女角太多了8.epub,败北女角太多了！8.5卷（贴吧搬运版）,雨森焚火,zh-CN,ll_armo,,calibre:3298
败犬女主太多了！ 08,雨森焚火,2025-05-19,败犬女主太多了 08.epub,败犬女主太多了！ 08,雨森焚火,zh-CN,,,none
贵族千金只愿意亲近我 第一卷,夏乃実,2025-12-23,贵族千金只愿意亲近我 第一卷.epub,贵族千金只愿意亲近我 第一卷,夏乃実,zh,https://www.wenku8.cc/book/3657.htm,富士见文库,calibre:2503
贵族千金只愿意亲近我 第三卷,夏乃実,2025-12-23,贵族千金只愿意亲近我 第三卷.epub,贵族千金只愿意亲近我 第三卷,夏乃実,zh,https://www.wenku8.cc/book/3657.htm,富士见文库,calibre:2499
贵族千金只愿意亲近我 第二卷,夏乃実,2025-12-23,贵族千金只愿意亲近我 第二卷.epub,贵族千金只愿意亲近我 第二卷,夏乃実,zh,https://www.wenku8.cc/book/3657.htm,富士见文库,calibre:2501
贵族千金只愿意亲近我 第四卷,夏乃実,2025-12-23,贵族千金只愿意亲近我 第四卷.epub,贵族千金只愿意亲近我 第四卷,夏乃実,zh,https://www.wenku8.cc/book/3657.htm,富士见文库,calibre:2500
身为VTuber的我因为忘记关台而成了传说 第一卷,七斗七,2025-11-10,身为VTuber的我因为忘记关台而成了传说 第一卷.epub,身为VTuber的我因为忘记关台而成了传说 第一卷,七斗七,zh,https://www.wenku8.net/book/3137.htm,富士见文库,calibre:20921
身为VTuber的我因为忘记关台而成了传说 第七卷,七斗七,2025-11-10,身为VTuber的我因为忘记关台而成了传说 第七卷.epub,身为VTuber的我因为忘记关台而成了传说 第七卷,七斗七,zh,https://www.wenku8.net/book/3137.htm,富士见文库,calibre:20926
身为VTuber的我因为忘记关台而成了传说 第三卷,七斗七,2025-11-10,身为VTuber的我因为忘记关台而成了传说 第三卷.epub,身为VTuber的我因为忘记关台而成了传说 第三卷,七斗七,zh,https://www.wenku8.net/book/3137.htm,富士见文库,calibre:20923
身为VTuber的我因为忘记关台而成了传说 第二卷,七斗七,2025-11-10,身为VTuber的我因为忘记关台而成了传说 第二卷.epub,身为VTuber的我因为忘记关台而成了传说 第二卷,七斗七,zh,https://www.wenku8.net/book/3137.htm,富士见文库,calibre:20922
身为VTuber的我因为忘记关台而成了传说 第五卷,七斗七,2025-11-10,身为VTuber的我因为忘记关台而成了传说 第五卷.epub,身为VTuber的我因为忘记关台而成了传说 第五卷,七斗七,zh,https://www.wenku8.net/book/3137.htm,富士见文库,calibre:20925
身为VTuber的我因为忘记关台而成了传说 第八卷,七斗七,2025-11-10,身为VTuber的我因为忘记关台而成了传说 第八卷.epub,身为VTuber的我因为忘记关台而成了传说 第八卷,七斗七,zh,https://www.wenku8.cc/book/3137.htm,富士见文库,calibre:20920
身为VTuber的我因为忘记关台而成了传说 第六卷,七斗七,2025-11-10,身为VTuber的我因为忘记关台而成了传说 第六卷.epub,身为VTuber的我因为忘记关台而成了传说 第六卷,七斗七,zh,https://www.wenku8.net/book/3137.htm,富士见文库,calibre:20927
身为VTuber的我因为忘记关台而成了传说 第四卷,七斗七,2025-11-10,身为VTuber的我因为忘记关台而成了传说 第四卷.epub,身为VTuber的我因为忘记关台而成了传说 第四卷,七斗七,zh,https://www.wenku8.net/book/3137.htm,富士见文库,calibre:20924
转生为睡走情色游戏女主角的男人，但我绝不会干这种事 第一卷,みょん,2025-11-24,转生为睡走情色游戏女主角的男人但我绝不会干这种事 第一卷.epub,转生为睡走情色游戏女主角的男人，但我绝不会干这种事 第一卷,みょん,zh,https://www.wenku8.cc/book/3563.htm,角川文库,calibre:1385
转生为睡走情色游戏女主角的男人，但我绝不会干这种事 第三卷,みょん,2025-11-24,转生为睡走情色游戏女主角的男人但我绝不会干这种事 第三卷.epub,转生为睡走情色游戏女主角的男人，但我绝不会干这种事 第三卷,みょん,zh,https://www.wenku8.cc/book/3563.htm,角川文库,calibre:24098
转生为睡走情色游戏女主角的男人，但我绝不会干这种事 第二卷,みょん,2025-11-24,转生为睡走情色游戏女主角的男人但我绝不会干这种事 第二卷.epub,转生为睡走情色游戏女主角的男人，但我绝不会干这种事 第二卷,みょん,zh,https://www.wenku8.cc/book/3563.htm,角川文库,calibre:24099
转生为睡走情色游戏女主角的男人，但我绝不会干这种事 第四卷,みょん,2025-11-24,转生为睡走情色游戏女主角的男人但我绝不会干这种事 第四卷.epub,转生为睡走情色游戏女主角的男人，但我绝不会干这种事 第四卷,みょん,zh,https://www.wenku8.cc/book/3563.htm,角川文库,calibre:1384
转生成为配角的我，也可以『攻略』义妹吗？ [第一卷],としぞう,2025-06-04,转生成为配角的我也可以攻略义妹吗 第一卷.epub,转生成为配角的我，也可以『攻略』义妹吗？ [第一卷],としぞう,zh,,374260,https://www.bilinovel.com/novel/4324.html?fromuid=374260
辣妹因为惩罚游戏才向我这个边缘人告白，但显然是真心爱上我了 第一卷,結石,2025-11-29,辣妹因为惩罚游戏才向我这个边缘人告白但显然是真心爱上我了 第一卷.epub,辣妹因为惩罚游戏才向我这个边缘人告白，但显然是真心爱上我了 第一卷,結石,zh,https://www.wenku8.cc/book/3112.htm,HJ文库,calibre:23327
辣妹因为惩罚游戏才向我这个边缘人告白，但显然是真心爱上我了 第七卷,結石,2025-11-29,辣妹因为惩罚游戏才向我这个边缘人告白但显然是真心爱上我了 第七卷.epub,辣妹因为惩罚游戏才向我这个边缘人告白，但显然是真心爱上我了 第七卷,結石,zh,https://www.wenku8.cc/book/3112.htm,HJ文库,calibre:23332
辣妹因为惩罚游戏才向我这个边缘人告白，但显然是真心爱上我了 第三卷,結石,2025-11-29,辣妹因为惩罚游戏才向我这个边缘人告白但显然是真心爱上我了 第三卷.epub,辣妹因为惩罚游戏才向我这个边缘人告白，但显然是真心爱上我了 第三卷,結石,zh,https://www.wenku8.cc/book/3112.htm,HJ文库,calibre:23329
辣妹因为惩罚游戏才向我这个边缘人告白，但显然是真心爱上我了 第九卷,結石,2025-11-29,辣妹因为惩罚游戏才向我这个边缘人告白但显然是真心爱上我了 第九卷.epub,辣妹因为惩罚游戏才向我这个边缘人告白，但显然是真心爱上我了 第九卷,結石,zh,https://www.wenku8.cc/book/3112.htm,HJ文库,calibre:24184
辣妹因为惩罚游戏才向我这个边缘人告白，但显然是真心爱上我了 第二卷,結石,2025-11-29,辣妹因为惩罚游戏才向我这个边缘人告白但显然是真心爱上我了 第二卷.epub,辣妹因为惩罚游戏才向我这个边缘人告白，但显然是真心爱上我了 第二卷,結石,zh,https://www.wenku8.cc/book/3112.htm,HJ文库,calibre:23328
辣妹因为惩罚游戏才向我这个边缘人告白，但显然是真心爱上我了 第五卷,結石,2025-11-29,辣妹因为惩罚游戏才向我这个边缘人告白但显然是真心爱上我了 第五卷.epub,辣妹因为惩罚游戏才向我这个边缘人告白，但显然是真心爱上我了 第五卷,結石,zh,https://www.wenku8.cc/book/3112.htm,HJ文库,calibre:23331
辣妹因为惩罚游戏才向我这个边缘人告白，但显然是真心爱上我了 第八卷,結石,2025-11-29,辣妹因为惩罚游戏才向我这个边缘人告白但显然是真心爱上我了 第八卷.epub,辣妹因为惩罚游戏才向我这个边缘人告白，但显然是真心爱上我了 第八卷,結石,zh,https://www.wenku8.cc/book/3112.htm,HJ文库,calibre:23326
辣妹因为惩罚游戏才向我这个边缘人告白，但显然是真心爱上我了 第六卷,結石,2025-11-29,辣妹因为惩罚游戏才向我这个边缘人告白但显然是真心爱上我了 第六卷.epub,辣妹因为惩罚游戏才向我这个边缘人告白，但显然是真心爱上我了 第六卷,結石,zh,https://www.wenku8.cc/book/3112.htm,HJ文库,calibre:23333
辣妹因为惩罚游戏才向我这个边缘人告白，但显然是真心爱上我了 第十卷,結石,2025-11-29,辣妹因为惩罚游戏才向我这个边缘人告白但显然是真心爱上我了 第十卷.epub,辣妹因为惩罚游戏才向我这个边缘人告白，但显然是真心爱上我了 第十卷,結石,zh,https://www.wenku8.cc/book/3112.htm,HJ文库,calibre:665
辣妹因为惩罚游戏才向我这个边缘人告白，但显然是真心爱上我了 第四卷,結石,2025-11-29,辣妹因为惩罚游戏才向我这个边缘人告白但显然是真心爱上我了 第四卷.epub,辣妹因为惩罚游戏才向我这个边缘人告白，但显然是真心爱上我了 第四卷,結石,zh,https://www.wenku8.cc/book/3112.htm,HJ文库,calibre:23330
这里是终末停滞委员会。1,逢縁奇演,2025-05-27,这里是终末停滞委员会1.epub,这里是终末停滞委员会。1,逢縁奇演,zh,,,9784049158007
这里是终末停滞委员会。2,逢縁奇演,2025-06-09,这里是终末停滞委员会2.epub,这里是终末停滞委员会。2,逢縁奇演,zh,,,9784049159066
这里是终末停滞委员会。3,逢縁奇演,2025-07-10,这里是终末停滞委员会3.epub,这里是终末停滞委员会。3,逢縁奇演,zh,,,9784049160949
这里是，终末停滞委员会。4,逢縁奇演,2025-07-25,这里是终末停滞委员会4.epub,这里是，终末停滞委员会。4,逢縁奇演,zh,,,978-4049164138
这里是，终末停滞委员会。5,逢縁奇演,2026-01-29,这里是终末停滞委员会5.epub,这里是，终末停滞委员会。5,逢縁奇演,zh-CN,,,9784049164145
造成我心理阴影的女生们今天也不时偷看我，只可惜为时已晚 [第一卷],御堂ユラギ,2025-11-24,造成我心理阴影的女生们今天也不时偷看我只可惜为时已晚 第一卷 1.epub,造成我心理阴影的女生们今天也不时偷看我，只可惜为时已晚 [第一卷],御堂ユラギ,zh,,374260,https://www.bilinovel.com/novel/3434.html?fromuid=374260
造成我心理阴影的女生们今天也不时偷看我，只可惜为时已晚 [第三卷],御堂ユラギ,2025-11-24,造成我心理阴影的女生们今天也不时偷看我只可惜为时已晚 第三卷 1.epub,造成我心理阴影的女生们今天也不时偷看我，只可惜为时已晚 [第三卷],御堂ユラギ,zh,,374260,https://www.bilinovel.com/novel/3434.html?fromuid=374260
造成我心理阴影的女生们今天也不时偷看我，只可惜为时已晚 [第二卷],御堂ユラギ,2025-11-24,造成我心理阴影的女生们今天也不时偷看我只可惜为时已晚 第二卷 1.epub,造成我心理阴影的女生们今天也不时偷看我，只可惜为时已晚 [第二卷],御堂ユラギ,zh,,374260,https://www.bilinovel.com/novel/3434.html?fromuid=374260
造成我心理阴影的女生们今天也不时偷看我，只可惜为时已晚 [第五卷],御堂ユラギ,2025-11-24,造成我心理阴影的女生们今天也不时偷看我只可惜为时已晚 第五卷 1.epub,造成我心理阴影的女生们今天也不时偷看我，只可惜为时已晚 [第五卷],御堂ユラギ,zh,,374260,https://www.bilinovel.com/novel/3434.html?fromuid=374260
造成我心理阴影的女生们今天也不时偷看我，只可惜为时已晚 [第六卷],御堂ユラギ,2025-11-24,造成我心理阴影的女生们今天也不时偷看我只可惜为时已晚 第六卷.epub,造成我心理阴影的女生们今天也不时偷看我，只可惜为时已晚 [第六卷],御堂ユラギ,zh,,374260,https://www.bilinovel.com/novel/3434.html?fromuid=374260
造成我心理阴影的女生们今天也不时偷看我，只可惜为时已晚 [第四卷],御堂ユラギ,2025-11-24,造成我心理阴影的女生们今天也不时偷看我只可惜为时已晚 第四卷 1.epub,造成我心理阴影的女生们今天也不时偷看我，只可惜为时已晚 [第四卷],御堂ユラギ,zh,,374260,https://www.bilinovel.com/novel/3434.html?fromuid=374260
造成我心理阴影的女生们今天也不时偷看我，只可惜为时已晚 第一卷,御堂ユラギ,2025-10-04,造成我心理阴影的女生们今天也不时偷看我只可惜为时已晚 第一卷.epub,造成我心理阴影的女生们今天也不时偷看我，只可惜为时已晚 第一卷,御堂ユラギ,zh,https://www.wenku8.net/book/3287.htm,其他文库,calibre:21380
造成我心理阴影的女生们今天也不时偷看我，只可惜为时已晚 第三卷,御堂ユラギ,2025-10-04,造成我心理阴影的女生们今天也不时偷看我只可惜为时已晚 第三卷.epub,造成我心理阴影的女生们今天也不时偷看我，只可惜为时已晚 第三卷,御堂ユラギ,zh,https://www.wenku8.cc/book/3287.htm,其他文库,calibre:21383
造成我心理阴影的女生们今天也不时偷看我，只可惜为时已晚 第二卷,御堂ユラギ,2025-10-04,造成我心理阴影的女生们今天也不时偷看我只可惜为时已晚 第二卷.epub,造成我心理阴影的女生们今天也不时偷看我，只可惜为时已晚 第二卷,御堂ユラギ,zh,https://www.wenku8.net/book/3287.htm,其他文库,calibre:21381
造成我心理阴影的女生们今天也不时偷看我，只可惜为时已晚 第五卷,御堂ユラギ,2025-10-04,造成我心理阴影的女生们今天也不时偷看我只可惜为时已晚 第五卷.epub,造成我心理阴影的女生们今天也不时偷看我，只可惜为时已晚 第五卷,御堂ユラギ,zh,https://www.wenku8.cc/book/3287.htm,其他文库,calibre:21379
造成我心理阴影的女生们今天也不时偷看我，只可惜为时已晚 第四卷,御堂ユラギ,2025-10-04,造成我心理阴影的女生们今天也不时偷看我只可惜为时已晚 第四卷.epub,造成我心理阴影的女生们今天也不时偷看我，只可惜为时已晚 第四卷,御堂ユラギ,zh,https://www.wenku8.cc/book/3287.htm,其他文库,calibre:21382
運命の人は、嫁の妹でした。,逢縁奇演,2025-05-19,運命の人は嫁の妹でした.epub,運命の人は、嫁の妹でした。,逢縁奇演,ja,,株式会社ＫＡＤＯＫＡＷＡ,B0B4Z8LWW4
運命の人は、嫁の妹でした。２,逢縁奇演,2025-05-19,運命の人は嫁の妹でした２.epub,運命の人は、嫁の妹でした。２,逢縁奇演,ja,,株式会社ＫＡＤＯＫＡＷＡ,B0BBYW9STJ
邻座的艾琳同学偶尔会用俄语悄悄撒娇,燦々SUN,2025-11-09,邻座的艾琳同学偶尔会用俄语悄悄撒娇.epub,邻座的艾琳同学偶尔会用俄语悄悄撒娇,燦々SUN,zh,轻之国度ePub工作组,轻之国度ePub工作组,urn:uuid:5208e6bb-5d25-45b0-a7fd-b97d79a85fd4
邻座的艾琳同学偶尔会用俄语悄悄撒娇 02,燦々SUN,2025-11-09,邻座的艾琳同学偶尔会用俄语悄悄撒娇 02.epub,邻座的艾琳同学偶尔会用俄语悄悄撒娇 02,燦々SUN,zh,,,http://www.yidm.com/article/info/2/2129.html
邻座的艾琳同学偶尔会用俄语悄悄撒娇 03,燦々SUN,2025-11-09,邻座的艾琳同学偶尔会用俄语悄悄撒娇 03.epub,邻座的艾琳同学偶尔会用俄语悄悄撒娇 03,燦々SUN,zh,,,urn:uuid:5208e6bb-5d25-45b0-a7fd-b97d79a85fd4
重いタバコを吸ってる不健康そうな年上美人とドロドロの関係になっていた話,友橋　かめつ,2025-07-01,重いタバコを吸ってる不健康そうな年上美人とドロドロの関係になっていた話.epub,重いタバコを吸ってる不健康そうな年上美人とドロドロの関係になっていた話,友橋 かめつ,zh-CN,,株式会社ＫＡＤＯＫＡＷＡ,04738320A21095000000
间谍教室 短篇,竹町,2025-11-24,间谍教室 短篇.epub,间谍教室 短篇,竹町,zh,https://www.wenku8.cc/book/2816.htm,富士见文库,calibre:19729
间谍教室 第一卷 「花园」百合,竹町,2025-11-24,间谍教室 第一卷 花园百合.epub,间谍教室 第一卷 「花园」百合,竹町,zh,https://www.wenku8.cc/book/2816.htm,富士见文库,calibre:19730
间谍教室 第七卷 「冰刃」莫妮卡,竹町,2025-11-24,间谍教室 第七卷 冰刃莫妮卡.epub,间谍教室 第七卷 「冰刃」莫妮卡,竹町,zh,https://www.wenku8.cc/book/2816.htm,富士见文库,calibre:19726
间谍教室 第三卷 「忘我」安妮特,竹町,2025-11-24,间谍教室 第三卷 忘我安妮特.epub,间谍教室 第三卷 「忘我」安妮特,竹町,zh,https://www.wenku8.cc/book/2816.htm,富士见文库,calibre:19731
间谍教室 第九卷 「我乐多」安妮特,竹町,2025-11-24,间谍教室 第九卷 我乐多安妮特.epub,间谍教室 第九卷 「我乐多」安妮特,竹町,zh,https://www.wenku8.cc/book/2816.htm,富士见文库,calibre:19728
间谍教室 第二卷 「爱娘」葛蕾特,竹町,2025-11-24,间谍教室 第二卷 爱娘葛蕾特.epub,间谍教室 第二卷 「爱娘」葛蕾特,竹町,zh,https://www.wenku8.cc/book/2816.htm,富士见文库,calibre:19721
间谍教室 第五卷 「愚人」爱尔娜,竹町,2025-11-24,间谍教室 第五卷 愚人爱尔娜.epub,间谍教室 第五卷 「愚人」爱尔娜,竹町,zh,https://www.wenku8.cc/book/2816.htm,富士见文库,calibre:19724
间谍教室 第八卷 「草原」莎拉,竹町,2025-11-24,间谍教室 第八卷 草原莎拉.epub,间谍教室 第八卷 「草原」莎拉,竹町,zh,https://www.wenku8.cc/book/2816.htm,富士见文库,calibre:19727
间谍教室 第六卷 「百鬼」席薇亚,竹町,2025-11-24,间谍教室 第六卷 百鬼席薇亚.epub,间谍教室 第六卷 「百鬼」席薇亚,竹町,zh,https://www.wenku8.cc/book/2816.htm,富士见文库,calibre:19725
间谍教室 第十一卷「付烧刃」莫妮卡,竹町,2025-11-24,间谍教室 第十一卷付烧刃莫妮卡.epub,间谍教室 第十一卷「付烧刃」莫妮卡,竹町,zh,https://www.wenku8.cc/book/2816.htm,富士见文库,calibre:23685
间谍教室 第十卷「高天原」莎拉,竹町,2025-11-24,间谍教室 第十卷高天原莎拉.epub,间谍教室 第十卷「高天原」莎拉,竹町,zh,https://www.wenku8.cc/book/2816.htm,富士见文库,calibre:19719
间谍教室 第四卷 「梦语」缇雅,竹町,2025-11-24,间谍教室 第四卷 梦语缇雅.epub,间谍教室 第四卷 「梦语」缇雅,竹町,zh,https://www.wenku8.cc/book/2816.htm,富士见文库,calibre:19723
雨从地狱开始,icecrepe,2026-02-14,雨从地狱开始.epub,雨从地狱开始,icecrepe,zh-CN,,,syosetu.n9820cq
雨森润奈的湿度很高 1,水城水城,2025-07-19,雨森润奈的湿度很高 1.epub,雨森润奈的湿度很高 1,水城水城,zh,,,none
雨森润奈的湿度很高 2,水城水城,2025-10-08,雨森润奈的湿度很高 2.epub,雨森润奈的湿度很高 2,水城水城,zh,,,none
青春猪头少年不会梦到兔女郎学姊,鸭志田一,2025-05-23,青春猪头少年不会梦到兔女郎学姊.epub,青春猪头少年不会梦到兔女郎学姊,鸭志田一,zh,轻之国度ePub工作组,轻之国度ePub工作组,urn:uuid:5208e6bb-5d25-45b0-a7fd-b97d79a85fd4
青春猪头少年不会梦到初恋美少女,鸭志田一,2025-05-23,青春猪头少年不会梦到初恋美少女.epub,青春猪头少年不会梦到初恋美少女,鸭志田一,zh,轻之国度ePub工作组,轻之国度ePub工作组,urn:uuid:5208e6bb-5d25-45b0-a7fd-b97d79a85fd4
青春猪头少年不会梦到娇怜外出妹,鸭志田一,2025-05-23,青春猪头少年不会梦到娇怜外出妹.epub,青春猪头少年不会梦到娇怜外出妹,鸭志田一,zh,轻之国度ePub工作组,轻之国度ePub工作组,urn:uuid:5208e6bb-5d25-45b0-a7fd-b97d79a85fd4
青春猪头少年不会梦到娇怜看家妹,鸭志田一,2025-05-23,青春猪头少年不会梦到娇怜看家妹.epub,青春猪头少年不会梦到娇怜看家妹,鸭志田一,zh,轻之国度ePub工作组,轻之国度ePub工作组,urn:uuid:5208e6bb-5d25-45b0-a7fd-b97d79a85fd4
青春猪头少年不会梦到小恶魔学妹,鸭志田一,2025-05-23,青春猪头少年不会梦到小恶魔学妹.epub,青春猪头少年不会梦到小恶魔学妹,鸭志田一,zh,轻之国度ePub工作组,轻之国度ePub工作组,urn:uuid:5208e6bb-5d25-45b0-a7fd-b97d79a85fd4
青春猪头少年不会梦到怀梦美少女,鸭志田一,2025-05-23,青春猪头少年不会梦到怀梦美少女.epub,青春猪头少年不会梦到怀梦美少女,鸭志田一,zh,轻之国度ePub工作组,轻之国度ePub工作组,urn:uuid:5208e6bb-5d25-45b0-a7fd-b97d79a85fd4
青春猪头少年不会梦到恋姊俏偶像,鸭志田一,2025-05-23,青春猪头少年不会梦到恋姊俏偶像.epub,青春猪头少年不会梦到恋姊俏偶像,鸭志田一,zh,轻之国度ePub工作组,轻之国度ePub工作组,urn:uuid:5208e6bb-5d25-45b0-a7fd-b97d79a85fd4
青春猪头少年不会梦到理性小魔女,鸭志田一,2025-05-23,青春猪头少年不会梦到理性小魔女.epub,青春猪头少年不会梦到理性小魔女,鸭志田一,zh,轻之国度ePub工作组,轻之国度ePub工作组,urn:uuid:5208e6bb-5d25-45b0-a7fd-b97d79a85fd4
青春猪头少年不会梦到红书包女孩,鸭志田一,2025-05-23,青春猪头少年不会梦到红书包女孩.epub,青春猪头少年不会梦到红书包女孩,鸭志田一,zh,轻之国度ePub工作组,轻之国度ePub工作组,urn:uuid:5208e6bb-5d25-45b0-a7fd-b97d79a85fd4
青春猪头少年不会梦到迷惘女歌手,鸭志田一,2025-05-23,青春猪头少年不会梦到迷惘女歌手.epub,青春猪头少年不会梦到迷惘女歌手,鸭志田一,zh,轻之国度ePub工作组,轻之国度ePub工作组,urn:uuid:5208e6bb-5d25-45b0-a7fd-b97d79a85fd4
青春野狼不做南丁格尔的梦,鸭志田 一,2025-05-23,青春野狼不做南丁格尔的梦.epub,青春野狼不做南丁格尔的梦,鸭志田 一,zh-CN,碧落无痕自制epub,碧落无痕自制epub,urn:uuid:48dc1fa4-f640-45b4-aef1-67378bb98ee1
青春野狼不做圣诞迷你裙的梦,鸭志田 一,2025-05-23,青春野狼不做圣诞迷你裙的梦.epub,青春野狼不做圣诞迷你裙的梦,鸭志田 一,zh,,,urn:uuid:5208e6bb-5d25-45b0-a7fd-b97d79a85fd4
青春野狼不做自家学生的梦,鸭志田 一,2025-05-23,青春野狼不做自家学生的梦.epub,青春野狼不做自家学生的梦,鸭志田 一,zh,,,urn:uuid:5208e6bb-5d25-45b0-a7fd-b97d79a85fd4
靠废柴技能【状态异常】成为最强的我将蹂躏一切 第11.5卷,篠崎芳,2025-05-19,靠废柴技能状态异常成为最强的我将蹂躏一切 第11.epub,靠废柴技能【状态异常】成为最强的我将蹂躏一切 第11.5卷,篠崎芳,zh,https://www.wenku8.cc/book/2552.htm,其他文库,calibre:24455
靠废柴技能【状态异常】成为最强的我将蹂躏一切 第一卷,篠崎芳,2025-05-19,靠废柴技能状态异常成为最强的我将蹂躏一切 第一卷.epub,靠废柴技能【状态异常】成为最强的我将蹂躏一切 第一卷,篠崎芳,zh,https://www.wenku8.cc/book/2552.htm,其他文库,calibre:24444
靠废柴技能【状态异常】成为最强的我将蹂躏一切 第七卷,篠崎芳,2025-05-19,靠废柴技能状态异常成为最强的我将蹂躏一切 第七卷.epub,靠废柴技能【状态异常】成为最强的我将蹂躏一切 第七卷,篠崎芳,zh,https://www.wenku8.cc/book/2552.htm,其他文库,calibre:24450
靠废柴技能【状态异常】成为最强的我将蹂躏一切 第三卷,篠崎芳,2025-05-19,靠废柴技能状态异常成为最强的我将蹂躏一切 第三卷.epub,靠废柴技能【状态异常】成为最强的我将蹂躏一切 第三卷,篠崎芳,zh,https://www.wenku8.cc/book/2552.htm,其他文库,calibre:24446
靠废柴技能【状态异常】成为最强的我将蹂躏一切 第九卷,篠崎芳,2025-05-19,靠废柴技能状态异常成为最强的我将蹂躏一切 第九卷.epub,靠废柴技能【状态异常】成为最强的我将蹂躏一切 第九卷,篠崎芳,zh,https://www.wenku8.cc/book/2552.htm,其他文库,calibre:24452
靠废柴技能【状态异常】成为最强的我将蹂躏一切 第二卷,篠崎芳,2025-05-19,靠废柴技能状态异常成为最强的我将蹂躏一切 第二卷.epub,靠废柴技能【状态异常】成为最强的我将蹂躏一切 第二卷,篠崎芳,zh,https://www.wenku8.cc/book/2552.htm,其他文库,calibre:24445
靠废柴技能【状态异常】成为最强的我将蹂躏一切 第五卷,篠崎芳,2025-05-19,靠废柴技能状态异常成为最强的我将蹂躏一切 第五卷.epub,靠废柴技能【状态异常】成为最强的我将蹂躏一切 第五卷,篠崎芳,zh,https://www.wenku8.cc/book/2552.htm,其他文库,calibre:24448
靠废柴技能【状态异常】成为最强的我将蹂躏一切 第八卷,篠崎芳,2025-05-19,靠废柴技能状态异常成为最强的我将蹂躏一切 第八卷.epub,靠废柴技能【状态异常】成为最强的我将蹂躏一切 第八卷,篠崎芳,zh,https://www.wenku8.cc/book/2552.htm,其他文库,calibre:24451
靠废柴技能【状态异常】成为最强的我将蹂躏一切 第六卷,篠崎芳,2025-05-19,靠废柴技能状态异常成为最强的我将蹂躏一切 第六卷.epub,靠废柴技能【状态异常】成为最强的我将蹂躏一切 第六卷,篠崎芳,zh,https://www.wenku8.cc/book/2552.htm,其他文库,calibre:24449
靠废柴技能【状态异常】成为最强的我将蹂躏一切 第十一卷,篠崎芳,2025-05-19,靠废柴技能状态异常成为最强的我将蹂躏一切 第十一卷.epub,靠废柴技能【状态异常】成为最强的我将蹂躏一切 第十一卷,篠崎芳,zh,https://www.wenku8.cc/book/2552.htm,其他文库,calibre:24454
靠废柴技能【状态异常】成为最强的我将蹂躏一切 第十二卷,篠崎芳,2025-05-19,靠废柴技能状态异常成为最强的我将蹂躏一切 第十二卷.epub,靠废柴技能【状态异常】成为最强的我将蹂躏一切 第十二卷,篠崎芳,zh,https://www.wenku8.cc/book/2552.htm,其他文库,calibre:24443
靠废柴技能【状态异常】成为最强的我将蹂躏一切 第十卷,篠崎芳,2025-05-19,靠废柴技能状态异常成为最强的我将蹂躏一切 第十卷.epub,靠废柴技能【状态异常】成为最强的我将蹂躏一切 第十卷,篠崎芳,zh,https://www.wenku8.cc/book/2552.htm,其他文库,calibre:24453
靠废柴技能【状态异常】成为最强的我将蹂躏一切 第四卷,篠崎芳,2025-05-19,靠废柴技能状态异常成为最强的我将蹂躏一切 第四卷.epub,靠废柴技能【状态异常】成为最强的我将蹂躏一切 第四卷,篠崎芳,zh,https://www.wenku8.cc/book/2552.htm,其他文库,calibre:24447
靠死亡游戏混饭吃。 - 07,,2026-01-08,靠死亡游戏混饭吃 - 07.epub,,,en-US,,,urn:uuid:761b50a6-bf98-496e-a2e6-81ba006dd262
靠死亡游戏混饭吃。 第一卷,鵜飼有志,2026-01-08,靠死亡游戏混饭吃 第一卷.epub,靠死亡游戏混饭吃。 第一卷,鵜飼有志,zh,https://www.wenku8.net/book/3453.htm,MF文库J,calibre:21801
靠死亡游戏混饭吃。 第三卷,鵜飼有志,2026-01-08,靠死亡游戏混饭吃 第三卷.epub,靠死亡游戏混饭吃。 第三卷,鵜飼有志,zh,https://www.wenku8.net/book/3453.htm,MF文库J,calibre:21802
靠死亡游戏混饭吃。 第二卷,鵜飼有志,2026-01-08,靠死亡游戏混饭吃 第二卷.epub,靠死亡游戏混饭吃。 第二卷,鵜飼有志,zh,https://www.wenku8.net/book/3453.htm,MF文库J,calibre:21803
靠死亡游戏混饭吃。 第五卷,鵜飼有志,2026-01-08,靠死亡游戏混饭吃 第五卷.epub,靠死亡游戏混饭吃。 第五卷,鵜飼有志,zh,https://www.wenku8.cc/book/3453.htm,MF文库J,calibre:2912
靠死亡游戏混饭吃。 第六卷,鵜飼有志,2026-01-08,靠死亡游戏混饭吃 第六卷.epub,靠死亡游戏混饭吃。 第六卷,鵜飼有志,zh,https://www.wenku8.cc/book/3453.htm,MF文库J,calibre:2913
靠死亡游戏混饭吃。 第四卷,鵜飼有志,2026-01-08,靠死亡游戏混饭吃 第四卷.epub,靠死亡游戏混饭吃。 第四卷,鵜飼有志,zh,https://www.wenku8.net/book/3453.htm,MF文库J,calibre:21800
飘在班上的宇良良川同学,四季大雅,2025-08-29,飘在班上的宇良良川同学.epub,飘在班上的宇良良川同学,四季大雅,zh,,,none
高校時代に傲慢だった女王様との同棲生活は意外と居心地が悪くない 2,ゆがー,2025-11-24,高校時代に傲慢だった女王様との同棲生活は意外と居心地が悪くない 2.epub,高校時代に傲慢だった女王様との同棲生活は意外と居心地が悪くない 2,ゆがー,zh-CN,,株式会社 集英社,calibre:811
高校時代に傲慢だった女王様との同棲生活は意外と居心地が悪くない 3,ミソネタ・ドザえもん/ゆがー,2025-11-24,高校時代に傲慢だった女王様との同棲生活は意外と居心地が悪くない 3.epub,高校時代に傲慢だった女王様との同棲生活は意外と居心地が悪くない 3,ミソネタ・ドザえもん/ゆがー,zh-CN,,,calibre:812
高校時代に傲慢だった女王様との同棲生活は意外と居心地が悪くない 4,ゆがー,2025-11-24,高校時代に傲慢だった女王様との同棲生活は意外と居心地が悪くない 4.epub,高校時代に傲慢だった女王様との同棲生活は意外と居心地が悪くない 4,ゆがー,zh-CN,,株式会社 集英社,calibre:813
高校時代に好きだった元同級生のS級美女が隣に引っ越してきた。義娘とともに。,篠宮　夕,2025-08-10,高校時代に好きだった元同級生のS級美女が隣に引っ越してきた義娘とともに.epub,高校時代に好きだった元同級生のS級美女が隣に引っ越してきた。義娘とともに。,篠宮 夕,zh-CN,,株式会社ＫＡＤＯＫＡＷＡ,04116348A22045900000
高貴なる魔女クラウゼア 淫堕の異端審問,大熊狸喜,2025-08-04,高貴なる魔女クラウゼア　淫堕の異端審問.epub,高貴なる魔女クラウゼア 淫堕の異端審問,大熊狸喜,zh-CN,,株式会社キルタイムコミュニケーション,B017VMPAZ4
魔女的诅咒,绫辻行人,2025-05-19,魔女的诅咒审判自己要比审判别人难得多日本推理文学标志性人物新本格派掌门和旗手绫辻行人悬疑力作感动推理大神岛田庄司的作者作品.epub,魔女的诅咒【审判自己，要比审判别人难得多。日本推理文学标志性人物、新本格派掌门和旗手绫辻行人悬疑力作，感动推理大神岛田庄司的作者作品！】,绫辻行人,zh,calibre:7612d4b5-f768-4af9-98a8-dcdfdcad92d3,浙江人民出版社,2819529152
魔法★探险家 转生为成人游戏万年男二又怎样，我要活用游戏知识自由生活 1,入栖,2025-05-19,魔法★探险家 转生为成人游戏万年男二又怎样我要活用游戏知识自由生活 1.epub,魔法★探险家 转生为成人游戏万年男二又怎样，我要活用游戏知识自由生活 1,入栖,zh-CN,轻之国度,,urn:uuid:63adf839-bed4-41a5-9b05-76f5defd5688
魔法★探险家 转生为成人游戏万年男二又怎样，我要活用游戏知识自由生活 2,入栖,2025-05-19,魔法★探险家 转生为成人游戏万年男二又怎样我要活用游戏知识自由生活 2.epub,魔法★探险家 转生为成人游戏万年男二又怎样，我要活用游戏知识自由生活 2,入栖,zh-CN,轻之国度,,urn:uuid:63adf839-bed4-41a5-9b05-76f5defd5688
魔法★探险家 转生为成人游戏万年男二又怎样，我要活用游戏知识自由生活 3,入栖,2025-05-19,魔法★探险家 转生为成人游戏万年男二又怎样我要活用游戏知识自由生活 3.epub,魔法★探险家 转生为成人游戏万年男二又怎样，我要活用游戏知识自由生活 3,入栖,zh-CN,轻之国度,,urn:uuid:63adf839-bed4-41a5-9b05-76f5defd5688
黑之魔王,菱影代理,2025-05-19,黑之魔王.epub,黑之魔王,菱影代理,zh-CN,黒之魔王吧,,urn:uuid:f357fe10-4858-4125-af0e-dbe35c4e8094
黑崎魔女侦探事务所～NTR事件簿～,ナキバサラ,2025-11-04,黑崎魔女侦探事务所～NTR事件簿～.epub,黑崎魔女侦探事务所～NTR事件簿～,ナキバサラ,zh-CN,,,syosetu.n2598ep
내가 제일 싫어하는 여자,마이츄츄,2026-02-09,내가 제일 싫어하는 여자.epub,내가 제일 싫어하는 여자,마이츄츄,ko,,,urn:uuid:e1c4c1ac-99e9-48fe-9290-8ea05f2aca08
모리어티 교수의 개연성이 되었다,,2025-05-23,모리어티 교수의 개연성이 되었다.epub,모리어티 교수의 개연성이 되었다,,,,,
재벌집 망나니가 되었다,물랑말랑,2026-01-29,재벌집 망나니가 되었다.epub,재벌집 망나니가 되었다,물랑말랑,zh-CN,,,urn:uuid:5c5083a3-fa86-468f-8f70-c177737829e0
