title,author,added_date,filename
碧阳学园学生会默示录09 学生会的周年葵せきな,,2025-12-23,碧阳学园学生会默示录09 学生会的周年葵せきな.epub
アネハメ 姉の最強魔眼に魅入られて,懺悔,2025-08-20, アネハメ　姉の最強魔眼に魅入られて .epub
プリンセスハートリンク ～剣姫たちの艶舞～ Side 葵渚「特別増量版」,神崎美宙,2025-08-05, プリンセスハートリンク　～剣姫たちの艶舞～　Side 葵渚特別増量版 .epub
10年に一度の大雪で修学旅行中に相部屋になった結果、自称経験豊富な処女ギャルをセフレにしてしまった。,高橋和洋,2025-10-04, 10年に一度の大雪で修学旅行中に相部屋になった結果自称経験豊富な処女ギャルをセフレにしてしまった .epub
10年ぶりに再会したクソガキは清純美少女JKに成長していた 5,館西夕木,2025-05-19, 10年ぶりに再会したクソガキは清純美少女JKに成長していた 5 .epub
10年ぶりに再会したクソガキは清純美少女JKに成長していた 6 (オーバーラップ文庫),館西夕木,2025-05-19, 10年ぶりに再会したクソガキは清純美少女JKに成長していた 6 オーバーラップ文庫 .epub
AVアプリ 異空間転移で気になるあの娘といちゃらぶセックス！(1) (オシリス文庫),ブリル・バーナード,2025-07-19, AVアプリ 異空間転移で気になるあの娘といちゃらぶセックス1 オシリス文庫 .epub
AVアプリ 異空間転移で気になるあの娘といちゃらぶセックス！(2) (オシリス文庫),ブリル・バーナード,2025-07-19, AVアプリ 異空間転移で気になるあの娘といちゃらぶセックス2 オシリス文庫 .epub
AVアプリ 異空間転移で気になるあの娘といちゃらぶセックス！(3) (オシリス文庫),ブリル・バーナード,2025-07-19, AVアプリ 異空間転移で気になるあの娘といちゃらぶセックス3 オシリス文庫 .epub
AVアプリ 異空間転移で気になるあの娘といちゃらぶセックス！(4),ブリル・バーナード,2025-07-19, AVアプリ 異空間転移で気になるあの娘といちゃらぶセックス4 .epub
AVアプリ 異空間転移で気になるあの娘といちゃらぶセックス！(5),ブリル・バーナード,2025-07-19, AVアプリ 異空間転移で気になるあの娘といちゃらぶセックス5 .epub
Bunny's ママ代行サービス「特別増量版」,ＨＡＬ．Ａ,2025-05-27, Bunnys ママ代行サービス特別増量版 .epub
Mama×Holic ～魅惑のママと甘々カンケイ～「特別増量版」,男爵平野,2025-05-27, Mama×Holic　～魅惑のママと甘々カンケイ～特別増量版 .epub
VTuberなんだが配信切り忘れたら伝説になってた９,七斗 七,2025-11-10, VTuberなんだが配信切り忘れたら伝説になってた９ .epub
「膣内射精されないと目覚められない眠り病」が蔓延した世界 彼女も妹も２００％受精させちゃう日常性活,生１００％,2025-07-30, 膣内射精されないと目覚められない眠り病が蔓延した世界　彼女も妹も２００受精させちゃう日常性活 .epub
「膣内射精されないと目覚められない眠り病」が蔓延した世界 絶対托卵×不実受精フェスティバル！,生１００％,2025-07-30, 膣内射精されないと目覚められない眠り病が蔓延した世界　絶対托卵×不実受精フェスティバル .epub
「膣内射精されないと目覚められない眠り病」が蔓延した世界 隣人妻とコスプレエッチで確定受精,生１００％,2025-07-30, 膣内射精されないと目覚められない眠り病が蔓延した世界　隣人妻とコスプレエッチで確定受精 .epub
『こちら、終末停滞委員会。４』BOOK☆WALKER限定書き下ろしショートストーリー,逢縁奇演,2025-06-12, こちら終末停滞委員会４BOOK☆WALKER限定書き下ろしショートストーリー .epub
『幼馴染たちが人気アイドルになった3 ～甘々な彼女たちは俺に貢いでくれている～』BOOK☆WALKER限定書き下ろしショートストーリー,くろねこどらごん,2025-11-29, 幼馴染たちが人気アイドルになった3 ～甘々な彼女たちは俺に貢いでくれている～BOOK☆WALKER限定書き下ろしショートストーリー .epub
『物語の黒幕に転生して４ ～進化する魔剣とゲーム知識ですべてをねじ伏せる～』BOOK☆WALKER限定書き下ろしショートストーリー,結城涼,2025-07-19, 物語の黒幕に転生して４　～進化する魔剣とゲーム知識ですべてをねじ伏せる～BOOK☆WALKER限定書き下ろしショートストーリー .epub
『物語の黒幕に転生して６ ～進化する魔剣とゲーム知識ですべてをねじ伏せる～』BOOK☆WALKER限定書き下ろしショートストーリー,結城涼,2025-07-19, 物語の黒幕に転生して６　～進化する魔剣とゲーム知識ですべてをねじ伏せる～BOOK☆WALKER限定書き下ろしショートストーリー .epub
『血の繋がらない私たちが家族になるたった一つの方法』BOOK☆WALKER限定書き下ろしショートストーリー,雲雀湯,2026-02-10, 血の繋がらない私たちが家族になるたった一つの方法BOOK☆WALKER限定書き下ろしショートストーリー .epub
『趣味改変アプリ』で女の子にエロい趣味を持たせたら一体全体どうなるの？ という実験をしてみた話,催眠電波,2025-07-01, 趣味改変アプリで女の子にエロい趣味を持たせたら一体全体どうなるの という実験をしてみた話 .epub
『趣味改変アプリ』で女の子にエロい趣味を持たせたら一体全体どうなるの？ という実験をしてみた話２,催眠電波,2025-07-01, 趣味改変アプリで女の子にエロい趣味を持たせたら一体全体どうなるの という実験をしてみた話２ .epub
『趣味改変アプリ』で女の子にエロい趣味を持たせたら一体全体どうなるの？ という実験をしてみた話３,催眠電波,2025-07-01, 趣味改変アプリで女の子にエロい趣味を持たせたら一体全体どうなるの　という実験をしてみた話３ .epub
【劇場特典】青春ブタ野郎はスプリングデイズの夢を見る,鴨志田　一,2025-05-23, 劇場特典青春ブタ野郎はスプリングデイズの夢を見る .epub
【配信用】ブルーロア・プラネット1 〜銛突きの少年と碧水の巫女〜,うつみいっ筆,2025-11-08, 配信用ブルーロアプラネット1　銛突きの少年と碧水の巫女 .epub
【配信用】ブルーロア・プラネット２ 石林島の秘薬と人魚の祠,うつみいっ筆,2025-11-08, 配信用ブルーロアプラネット２ 石林島の秘薬と人魚の祠 .epub
【電子版】たのしい異世界ハクスラ生活、あるいは超紳士的英雄譚１ 迷宮より愛をこめて ～非モテな淫魔と寂しがりやなドラゴン令嬢～,いらえ丸,2026-04-09, 電子版たのしい異世界ハクスラ生活あるいは超紳士的英雄譚１ 迷宮より愛をこめて ～非モテな淫魔と寂しがりやなドラゴン令嬢～ .epub
【電子版限定特典付き】TS転生美少女音虎玲子は寝取られたい2 (HJ文庫),二本目海老天マン,2026-02-26, 電子版限定特典付きTS転生美少女音虎玲子は寝取られたい2 HJ文庫 .epub
【電子版限定特典付き】いっつも塩対応な幼なじみだけど、俺に片想いしているのがバレバレでかわいい。2 (HJ文庫),六升六郎太,2025-08-20, 電子版限定特典付きいっつも塩対応な幼なじみだけど俺に片想いしているのがバレバレでかわいい2 HJ文庫 .epub
【電子版限定特典付き】やがて黒幕へと至る最適解 2,藤木わしろ,2025-06-04, 電子版限定特典付きやがて黒幕へと至る最適解 2 .epub
【電子版限定特典付き】やがて黒幕へと至る最適解 3,藤木わしろ,2025-07-02, 電子版限定特典付きやがて黒幕へと至る最適解 3 .epub
【電子版限定特典付き】やがて黒幕へと至る最適解1 (HJ文庫),藤木わしろ,2025-06-04, 電子版限定特典付きやがて黒幕へと至る最適解1 HJ文庫 .epub
【電子版限定特典付き】クロの戦記 13 異世界転移した僕が最強なのはベッドの上だけのようです,サイトウアユム,2025-05-19, 電子版限定特典付きクロの戦記 13 異世界転移した僕が最強なのはベッドの上だけのようです .epub
【電子版限定特典付き】リピート・ヴァイス 2～悪役貴族は死にたくないので四天王になるのをやめました～,黒川陽継,2025-05-27, 電子版限定特典付きリピートヴァイス 2～悪役貴族は死にたくないので四天王になるのをやめました～ .epub
【電子版限定特典付き】リピート・ヴァイス 3 ～悪役貴族は死にたくないので四天王になるのをやめました～,黒川陽継,2025-05-27, 電子版限定特典付きリピートヴァイス 3 ～悪役貴族は死にたくないので四天王になるのをやめました～ .epub
【電子版限定特典付き】リピート・ヴァイス 4～悪役貴族は死にたくないので四天王になるのをやめました～,黒川陽継,2025-05-27, 電子版限定特典付きリピートヴァイス 4～悪役貴族は死にたくないので四天王になるのをやめました～ .epub
【電子版限定特典付き】リピート・ヴァイス1～悪役貴族は死にたくないので四天王になるのをやめました～ (HJ文庫),黒川陽継,2025-05-27, 電子版限定特典付きリピートヴァイス1～悪役貴族は死にたくないので四天王になるのをやめました～ HJ文庫 .epub
【電子版限定特典付き】国家令嬢は価値なき俺を三億で 1,氷雨ユータ,2025-12-01, 電子版限定特典付き国家令嬢は価値なき俺を三億で 1 .epub
【電子版限定特典付き】才女のお世話 10 高嶺の花だらけな名門校で、学院一のお嬢様（生活能力皆無）を陰ながらお世話することになりました,坂石遊作,2025-11-24, 電子版限定特典付き才女のお世話 10　高嶺の花だらけな名門校で学院一のお嬢様生活能力皆無を陰ながらお世話することになりました .epub
【電子版限定特典付き】才女のお世話 11 高嶺の花だらけな名門校で、学院一のお嬢様（生活能力皆無）を陰ながらお世話することになりました,坂石遊作,2025-11-24, 電子版限定特典付き才女のお世話 11　高嶺の花だらけな名門校で学院一のお嬢様生活能力皆無を陰ながらお世話することになりました .epub
【電子版限定特典付き】陰キャの僕に罰ゲームで告白してきたはずのギャルが、どう見ても僕にベタ惚れです 12,結石,2025-11-29, 電子版限定特典付き陰キャの僕に罰ゲームで告白してきたはずのギャルがどう見ても僕にベタ惚れです 12 .epub
【電子版限定特典付き】陰キャの僕に罰ゲームで告白してきたはずのギャルが、どう見ても僕にベタ惚れです11 (HJ文庫),結石,2025-11-29, 電子版限定特典付き陰キャの僕に罰ゲームで告白してきたはずのギャルがどう見ても僕にベタ惚れです11 HJ文庫 .epub
あと１ヶ月で転校する僕の青春ラブコメ,,2025-11-24, あと１ヶ月で転校する僕の青春ラブコメ .epub
あなた様の魔術【トリック】はすでに解けております -裁定魔術師レポフスキー卿とその侍女の事件簿-,白金　透,2025-06-17, あなた様の魔術トリックはすでに解けております　-裁定魔術師レポフスキー卿とその侍女の事件簿- .epub
あの夏に捧ぐ逢いことば,長山　久竜,2025-11-27, あの夏に捧ぐ逢いことば .epub
あの日の恋（×3）が終わってくれない！1 想い出の美少女たちと再会したら、恋のレースが始まりました,柚本悠斗/かがちさく,2025-12-25, あの日の恋×3が終わってくれない1 想い出の美少女たちと再会したら恋のレースが始まりました .epub
あの日の恋（×3）が終わってくれない！② 想い出の美少女たちと再会したら、恋のレースが始まりました,柚本悠斗,2025-12-25, あの日の恋×3が終わってくれない②　想い出の美少女たちと再会したら恋のレースが始まりました .epub
あの頃イイ感じだった女子たちと同じクラスになりました 【電子特別版】,御宮　ゆう,2025-06-17, あの頃イイ感じだった女子たちと同じクラスになりました 電子特別版 .epub
あの頃イイ感じだった女子たちと同じクラスになりました２【電子特別版】,御宮　ゆう,2025-06-17, あの頃イイ感じだった女子たちと同じクラスになりました２電子特別版 .epub
あの頃イイ感じだった女子たちと同じクラスになりました３【電子特別版】 (角川スニーカー文庫),御宮 ゆう,2025-11-29, あの頃イイ感じだった女子たちと同じクラスになりました３電子特別版 角川スニーカー文庫 .epub
いっつも塩対応な幼なじみだけど、俺に片想いしているのがバレバレでかわいい。3 (HJ文庫),六升六郎太,2025-08-20, いっつも塩対応な幼なじみだけど俺に片想いしているのがバレバレでかわいい3 HJ文庫 .epub
いっつも塩対応な幼なじみだけど、俺に片想いしているのがバレバレでかわいい。１,六升六郎太,2025-08-20, いっつも塩対応な幼なじみだけど俺に片想いしているのがバレバレでかわいい１ .epub
うちの清楚系委員長がかつて中二病アイドルだったことを俺だけが知っている。 【電子特典付き】 (講談社ラノベ文庫),三上こた,2025-08-20, うちの清楚系委員長がかつて中二病アイドルだったことを俺だけが知っている 電子特典付き 講談社ラノベ文庫 .epub
うちの清楚系委員長がかつて中二病アイドルだったことを俺だけが知っている。２ 【電子特典付き】,三上　こた,2025-08-20, うちの清楚系委員長がかつて中二病アイドルだったことを俺だけが知っている２　電子特典付き .epub
おしかけお姉さん (二次元ぷち文庫),岡下誠,2025-08-05, おしかけお姉さん 二次元ぷち文庫 .epub
お世話した王女様、ずっとくっついてくる【電子特典付き】,夏乃実,2025-12-23, お世話した王女様ずっとくっついてくる電子特典付き .epub
お前ら早く結婚しろよっ！２ そう言われてる女子の様子が変なんですけど？【電子特典付き】 (MF文庫J),優汰,2025-08-31, お前ら早く結婚しろよっ２　そう言われてる女子の様子が変なんですけど電子特典付き MF文庫J .epub
お姉さん派の俺がなぜちっちゃい君を好きになったのか？【電子特典付き】,鏡　遊,2026-01-27, お姉さん派の俺がなぜちっちゃい君を好きになったのか電子特典付き .epub
お姉ちゃんは、彼女で先生で超ブラコン１ (ブレイブ文庫),みなもと十華,2026-04-09, お姉ちゃんは彼女で先生で超ブラコン１ ブレイブ文庫 .epub
お隣に美人姉妹が引っ越してきたら人生が一変した,ヘイドラ,2025-05-29, お隣に美人姉妹が引っ越してきたら人生が一変した .epub
きみにナイショの七角計画【電子特典付き】,かつび　圭尚,2026-02-26, きみにナイショの七角計画電子特典付き .epub
くたばれ愛しの魔術師ども,佐藤真登,2026-02-14, くたばれ愛しの魔術師ども .epub
こちら、終末停滞委員会。です！--外伝・書き下ろし,,2025-06-10, こちら終末停滞委員会です--外伝書き下ろし .epub
この△ラブコメは幸せになる義務がある。 (電撃文庫),榛名 千紘,2025-12-07, この△ラブコメは幸せになる義務がある 電撃文庫 .epub
この△ラブコメは幸せになる義務がある。２【電子特別版】 (電撃文庫),榛名 千紘,2025-12-07, この△ラブコメは幸せになる義務がある２電子特別版 電撃文庫 .epub
この△ラブコメは幸せになる義務がある。３【電子特別版】 (電撃文庫),榛名 千紘,2025-12-07, この△ラブコメは幸せになる義務がある３電子特別版 電撃文庫 .epub
この△ラブコメは幸せになる義務がある。４【電子特別版】 (電撃文庫),榛名 千紘,2025-12-07, この△ラブコメは幸せになる義務がある４電子特別版 電撃文庫 .epub
このコスプレお姉さんは、僕専用らしい,衣太,2025-12-25, このコスプレお姉さんは僕専用らしい .epub
このコスプレお姉さんは、僕専用らしい２,衣太,2025-12-25, このコスプレお姉さんは僕専用らしい２ .epub
この学園が催眠にかけられていると俺だけが知っている,セラ,2025-08-05, この学園が催眠にかけられていると俺だけが知っている .epub
この学園が催眠にかけられていると俺だけが知っている 消えた術師と残されたハーレム大学,セラ,2025-08-05, この学園が催眠にかけられていると俺だけが知っている　消えた術師と残されたハーレム大学 .epub
この学園が催眠にかけられていると俺だけが知っている 淫らな新天地と潜入した女スパイ,セラ,2025-08-05, この学園が催眠にかけられていると俺だけが知っている　淫らな新天地と潜入した女スパイ .epub
この学園が催眠にかけられていると俺だけが知っている 耐性持ち少女と新たなる術師,セラ,2025-08-05, この学園が催眠にかけられていると俺だけが知っている　耐性持ち少女と新たなる術師 .epub
この水泳部は何かおかしい 僕が愛する幼馴染はセックス予約３か月待ち!?,涼しい,2025-08-05, この水泳部は何かおかしい　僕が愛する幼馴染はセックス予約３か月待ち .epub
これはあくまで、ままごとだから。,真代屋 秀晃,2025-08-29, これはあくまでままごとだから .epub
これはあくまで、ままごとだから。２,真代屋 秀晃,2025-08-29, これはあくまでままごとだから２ .epub
こんなチンポに誰がした！〜不本意寝取り系純愛ハーレム奇譚〜１巻: 黒淵麗奈が哭いた夜,ブラック木蓮,2025-08-05, こんなチンポに誰がした不本意寝取り系純愛ハーレム奇譚１巻 黒淵麗奈が哭いた夜 .epub
それでも、あなたは回すのか,紙木織々,2025-11-21, それでもあなたは回すのか .epub
ただの後方腕組転生者、うっかり勇者に拍手を送ったら黒幕扱いされる。 (角川スニーカー文庫),森空亭,2026-02-06, ただの後方腕組転生者うっかり勇者に拍手を送ったら黒幕扱いされる 角川スニーカー文庫 .epub
ちょっぴり年上でも彼女にしてくれますか？６ ～とびっきりの王子様～,望 公太,2025-08-11, ちょっぴり年上でも彼女にしてくれますか６　～とびっきりの王子様～ .epub
とても都合のいいオナホ先輩,九龍城砦,2025-10-17, とても都合のいいオナホ先輩 .epub
とても都合のいいオナホ先輩２ 九条アリス先生編,九龍城砦,2025-10-17, とても都合のいいオナホ先輩２　九条アリス先生編 .epub
とても都合のいいオナホ先輩３ 黄衣の女王ちゃん編,九龍城砦,2025-10-17, とても都合のいいオナホ先輩３　黄衣の女王ちゃん編 .epub
とても都合のいいオナホ先輩４ 大いなる邪神編,九龍城砦,2025-10-17, とても都合のいいオナホ先輩４　大いなる邪神編 .epub
とても都合のいいオナホ先輩５ 忘れ去られし旧神編,九龍城砦,2025-10-17, とても都合のいいオナホ先輩５ 忘れ去られし旧神編 .epub
とろ蜜女教師のＨな個人授業,庵乃音人,2025-07-30, とろ蜜女教師のＨな個人授業 .epub
とろ蜜熟女喫茶 未亡人・人妻・女社長,庵乃音人,2025-08-05, とろ蜜熟女喫茶　未亡人人妻女社長 .epub
どうかこの手にスズランを,懺悔,2025-07-30, どうかこの手にスズランを .epub
ぼくのことバカにしていた後輩ギャルが全裸で土下座した逆転のハメ撮り48時間プレミアムパック ぼくバカ (フランス書院eブックス),ＸＰＪｂｏｘ,2025-07-01, ぼくのことバカにしていた後輩ギャルが全裸で土下座した逆転のハメ撮り48時間プレミアムパック ぼくバカ フランス書院eブックス .epub
ぼくのことバカにしていた後輩ギャルたちがダブルで全裸土下座した週末シークレットパック,XPJbox,2025-07-01, ぼくのことバカにしていた後輩ギャルたちがダブルで全裸土下座した週末シークレットパック .epub
また殺されてしまったのですね、探偵様６【電子特典付き】,てにをは,2025-11-30, また殺されてしまったのですね探偵様６電子特典付き .epub
ままごと ～ままとないしょのえっちしましょ～「特別増量版」,橘トラ,2025-05-27, ままごと　～ままとないしょのえっちしましょ～特別増量版 .epub
ままごと ～ままとないしょのえっちしましょ～「特別増量版」,橘トラ,2025-07-30, ままごと　～ままとないしょのえっちしましょ～特別増量版  1.epub
もっと！孕ませ！炎のおっぱい異世界おっぱいメイド学園！「特別増量版」,川原圭人,2025-09-22, もっと孕ませ炎のおっぱい異世界おっぱいメイド学園特別増量版 .epub
もっと！孕ませ！炎のおっぱい超エロ☆アプリ学園！「特別増量版」,川原圭人,2025-09-22, もっと孕ませ炎のおっぱい超エロ☆アプリ学園特別増量版 .epub
やぁ“登校”に挑めニンゲン ～ゲーマー共は武器を片手に歪んだ校舎を踏破する～【電子特典付き】,罠和　ノワナ,2025-11-25, やぁ登校に挑めニンゲン　～ゲーマー共は武器を片手に歪んだ校舎を踏破する～電子特典付き .epub
やぁ“登校”に挑めニンゲン２【電子特典付き】,罠和　ノワナ,2026-02-26, やぁ登校に挑めニンゲン２電子特典付き .epub
やり直し悪徳領主は反省しない！ (富士見ファンタジア文庫),桜生 懐,2025-11-24, やり直し悪徳領主は反省しない 富士見ファンタジア文庫 .epub
やり直し悪徳領主は反省しない！２ (富士見ファンタジア文庫),桜生 懐,2025-11-24, やり直し悪徳領主は反省しない２ 富士見ファンタジア文庫 .epub
やり直し悪徳領主は反省しない！３【電子特別版】,桜生　懐,2025-11-24, やり直し悪徳領主は反省しない３電子特別版 .epub
わたしが恋人になれるわけないじゃん、ムリムリ！（※ムリじゃなかった!?） 8,みかみてれん,2025-09-25, わたしが恋人になれるわけないじゃんムリムリムリじゃなかった 8 .epub
アネハメ 俺の初恋が実姉なわけがない (美少女文庫),懺悔,2025-07-28, アネハメ 俺の初恋が実姉なわけがない 美少女文庫 .epub
イジラレ～復讐催眠～,おくとぱす,2025-07-30, イジラレ～復讐催眠～ .epub
イチャマゾ for M ドＳなメイドさんにお仕置き三昧！,愛内なの,2025-06-17, イチャマゾ for M　ドＳなメイドさんにお仕置き三昧 .epub
イチャマゾ!! ドＭお嬢さまとドＳメイドの挑戦状,愛内なの,2025-06-17, イチャマゾ　ドＭお嬢さまとドＳメイドの挑戦状 .epub
エッチすぎる悪役令嬢が選んだ新婚約者が白豚王子の俺とか本気ですか？,さささのよし,2025-07-30, エッチすぎる悪役令嬢が選んだ新婚約者が白豚王子の俺とか本気ですか .epub
エッチできるＶＲＭＭＯで性奴隷にした美少女たちがリアルでも知り合いだった件,ソルティ,2025-05-19, エッチできるＶＲＭＭＯで性奴隷にした美少女たちがリアルでも知り合いだった件 .epub
エッチできるＶＲＭＭＯで性奴隷にした美少女たちがリアルでも知り合いだった件【修学旅行でゲーム＆リアルハーレム】,ソルティ,2025-05-19, エッチできるＶＲＭＭＯで性奴隷にした美少女たちがリアルでも知り合いだった件修学旅行でゲームリアルハーレム .epub
エッチできるＶＲＭＭＯで性奴隷にした美少女たちがリアルでも知り合いだった件【性なる夜の種付けハーレムエッチ】,ソルティ,2025-05-19, エッチできるＶＲＭＭＯで性奴隷にした美少女たちがリアルでも知り合いだった件性なる夜の種付けハーレムエッチ .epub
エッチできるＶＲＭＭＯで性奴隷にした美少女たちがリアルでも知り合いだった件【性奴隷たちと夢のリアルハーレム】,ソルティ,2025-05-19, エッチできるＶＲＭＭＯで性奴隷にした美少女たちがリアルでも知り合いだった件性奴隷たちと夢のリアルハーレム .epub
エッチできるＶＲＭＭＯで性奴隷にした美少女たちがリアルでも知り合いだった件【淫魔姫と初イベント】,ソルティ,2025-05-19, エッチできるＶＲＭＭＯで性奴隷にした美少女たちがリアルでも知り合いだった件淫魔姫と初イベント .epub
エッチできるＶＲＭＭＯで性奴隷にした美少女たちがリアルでも知り合いだった件【祝！ 修学旅行でハーレム完成】,ソルティ,2025-05-19, エッチできるＶＲＭＭＯで性奴隷にした美少女たちがリアルでも知り合いだった件祝　修学旅行でハーレム完成 .epub
エルフに淫紋を付ける本 エルフの里で種付けハーレム！,山口陽,2025-11-24, エルフに淫紋を付ける本　エルフの里で種付けハーレム .epub
エルフに淫紋を付ける本 シルファの快楽堕ち冒険譚,山口陽,2025-11-24, エルフに淫紋を付ける本　シルファの快楽堕ち冒険譚 .epub
エルフェンキング ～人間の男がエルフ王国を奪い、従順な淫乱雌エルフに堕として支配する国盗り物語～「特別増量版」,K-TOK,2025-08-05, エルフェンキング ～人間の男がエルフ王国を奪い従順な淫乱雌エルフに堕として支配する国盗り物語～特別増量版 .epub
エロゲの伯爵令嬢を奉仕メイド堕ちさせる悪役御曹司に転生した俺はざまぁを回避する その結果、メインヒロインが勇者学院で毎日逆夜這いに来るのだが…… (富士見ファンタジア文庫),東夷,2025-07-04, エロゲの伯爵令嬢を奉仕メイド堕ちさせる悪役御曹司に転生した俺はざまぁを回避する その結果メインヒロインが勇者学院で毎日逆夜這いに来るのだが 富士見ファンタ.epub
エロゲの伯爵令嬢を奉仕メイド堕ちさせる悪役御曹司に転生した俺はざまぁを回避する３ その結果、堅物くっころ剣姫が毎日甘えて添い寝しに来るのだが……,東夷,2025-11-20, エロゲの伯爵令嬢を奉仕メイド堕ちさせる悪役御曹司に転生した俺はざまぁを回避する３　その結果堅物くっころ剣姫が毎日甘えて添い寝しに来るのだが .epub
エロゲの鬱エンドからヒロイン達を救済したら【電子特別版】,HaLu_,2025-12-27, エロゲの鬱エンドからヒロイン達を救済したら電子特別版 .epub
エロ漫画の悪役に転生した俺が、寝取らなくても幸せになる方法【電子特別版】,みずがめ,2025-11-24, エロ漫画の悪役に転生した俺が寝取らなくても幸せになる方法電子特別版 .epub
エロ漫画の悪役に転生した俺が、寝取らなくても幸せになる方法２【電子特別版】,みずがめ,2025-11-24, エロ漫画の悪役に転生した俺が寝取らなくても幸せになる方法２電子特別版 .epub
オタクに優しいギャルを求めて三千里。１ 初めての彼女は、絶対無いと思ってたビッチでした。,孕間せん,2025-08-20, オタクに優しいギャルを求めて三千里１　初めての彼女は絶対無いと思ってたビッチでした .epub
オタクに優しいギャルを求めて三千里。２ 今ではイチャラブセックス三昧で、孕ませおねだり妊娠懇願される毎日です。,孕間せん,2025-08-20, オタクに優しいギャルを求めて三千里２　今ではイチャラブセックス三昧で孕ませおねだり妊娠懇願される毎日です .epub
カノママは初恋のひと。 母と娘のトリプルプレイ,サエキヨウスケオルタ,2025-07-28, カノママは初恋のひと　母と娘のトリプルプレイ .epub
キメ恋！ 高嶺の華と幼なじみがキマった理由,橘 ぱん,2025-08-05, キメ恋　高嶺の華と幼なじみがキマった理由 .epub
キュアリープリンセス 正義の心を悪堕ち洗脳,新居佑,2025-08-05, キュアリープリンセス　正義の心を悪堕ち洗脳 .epub
ギャルの自転車を直したら懐かれた 1 (オーバーラップ文庫),生姜寧也,2025-11-29, ギャルの自転車を直したら懐かれた 1 オーバーラップ文庫 .epub
ギャルの自転車を直したら懐かれた 2,生姜寧也,2025-11-29, ギャルの自転車を直したら懐かれた 2 .epub
ギャルの自転車を直したら懐かれた 3,生姜寧也,2025-11-29, ギャルの自転車を直したら懐かれた 3 .epub
ギャルゲー世界にニューゲームしたら、ヒロイン全員攻略された記憶があって修羅場です……２,ひつじ,2025-12-23, ギャルゲー世界にニューゲームしたらヒロイン全員攻略された記憶があって修羅場です２ .epub
クズレス・オブリージュ 18禁ゲー世界のクズ悪役に転生してしまった俺は、原作知識の力でどうしてもモブ人生をつかみ取りたい【電子特別版】,アバタロー,2025-06-04, クズレスオブリージュ　18禁ゲー世界のクズ悪役に転生してしまった俺は原作知識の力でどうしてもモブ人生をつかみ取りたい電子特別版 .epub
クズレス・オブリージュ２ 18禁ゲー世界のクズ悪役に転生してしまった俺は、原作知識の力でどうしてもモブ人生をつかみ取りたい【電子特別版】,アバタロー,2025-06-04, クズレスオブリージュ２　18禁ゲー世界のクズ悪役に転生してしまった俺は原作知識の力でどうしてもモブ人生をつかみ取りたい電子特別版 .epub
クズレス・オブリージュ３ 18禁ゲー世界のクズ悪役に転生してしまった俺は、原作知識の力でどうしてもモブ人生をつかみ取りたい【電子特別版】 (角川スニーカー文庫),アバタロー,2025-06-04, クズレスオブリージュ３ 18禁ゲー世界のクズ悪役に転生してしまった俺は原作知識の力でどうしてもモブ人生をつかみ取りたい電子特別版 角川スニーカー文庫 .epub
クズレス・オブリージュ４ 18禁ゲー世界のクズ悪役に転生してしまった俺は、原作知識の力でどうしてもモブ人生をつかみ取りたい【電子特別版】,アバタロー,2025-07-22, クズレスオブリージュ４　18禁ゲー世界のクズ悪役に転生してしまった俺は原作知識の力でどうしてもモブ人生をつかみ取りたい電子特別版 .epub
クラスで2番目に可愛いボーイッシュ幼馴染を、幸せセックス漬けにして最高の未来を誓い合った話,月見ハク,2025-05-28, クラスで2番目に可愛いボーイッシュ幼馴染を幸せセックス漬けにして最高の未来を誓い合った話 .epub
クラスで２番目に可愛いボーイッシュ幼馴染と、お泊まり溺愛セックスで蕩けあい二人だけの永遠のハッピーエンドをつかみ取る話,月見ハク,2025-05-28, クラスで２番目に可愛いボーイッシュ幼馴染とお泊まり溺愛セックスで蕩けあい二人だけの永遠のハッピーエンドをつかみ取る話 .epub
クラスで２番目に可愛いボーイッシュ幼馴染を、一泊二日の温泉旅行で心底寝取って幸せセックス漬けにする話,月見ハク,2025-05-28, クラスで２番目に可愛いボーイッシュ幼馴染を一泊二日の温泉旅行で心底寝取って幸せセックス漬けにする話 .epub
クラスで２番目に可愛いボーイッシュ幼馴染を、二泊三日の修学旅行で寝取って種付けセックス漬けにする話,月見ハク,2025-05-28, クラスで２番目に可愛いボーイッシュ幼馴染を二泊三日の修学旅行で寝取って種付けセックス漬けにする話 .epub
クラスで２番目に可愛いボーイッシュ幼馴染を、寝取り種付けセックス漬けにしてハッピーエンドにした話,月見ハク,2025-05-28, クラスで２番目に可愛いボーイッシュ幼馴染を寝取り種付けセックス漬けにしてハッピーエンドにした話 .epub
クラスで２番目に可愛いボーイッシュ幼馴染を、新婚セックスで抱き潰しイチャ甘種付けをする話,月見ハク,2025-05-28, クラスで２番目に可愛いボーイッシュ幼馴染を新婚セックスで抱き潰しイチャ甘種付けをする話 .epub
クラスで２番目に可愛い女の子と友だちになった【電子版】7.5,たかた/日向あずり,2025-08-29, クラスで２番目に可愛い女の子と友だちになった電子版75 .epub
クラスで２番目に可愛い女の子と友だちになった【電子版】７ (角川スニーカー文庫),たかた,2025-08-29, クラスで２番目に可愛い女の子と友だちになった電子版７ 角川スニーカー文庫 .epub
クラスで２番目に可愛い女の子と友だちになった【電子版】９,たかた,2026-04-09, クラスで２番目に可愛い女の子と友だちになった電子版９ .epub
クラスメイトのギャルが監禁されたと言い張って、俺の部屋から帰ってくれない。,マサイ,2025-11-08, クラスメイトのギャルが監禁されたと言い張って俺の部屋から帰ってくれない .epub
クーデレすぎる未来の嫁の面倒な7日間,桐刻,2025-06-17, クーデレすぎる未来の嫁の面倒な7日間 .epub
クーデレすぎる未来の嫁の面倒な7日間 番外編01,桐刻,2025-06-17, クーデレすぎる未来の嫁の面倒な7日間 番外編01 .epub
クーデレすぎる未来の嫁の面倒な7日間 番外編02,桐刻,2025-06-17, クーデレすぎる未来の嫁の面倒な7日間 番外編02 .epub
クーデレすぎる未来の嫁の面倒な7日間 番外編03,桐刻,2025-06-17, クーデレすぎる未来の嫁の面倒な7日間 番外編03 .epub
クーデレすぎる未来の嫁の面倒な7日間 番外編04,桐刻,2025-06-17, クーデレすぎる未来の嫁の面倒な7日間 番外編04 .epub
クーデレすぎる未来の嫁の面倒な7日間 番外編05,桐刻,2025-06-17, クーデレすぎる未来の嫁の面倒な7日間 番外編05 .epub
クーデレすぎる未来の嫁の面倒な７日間(10),桐刻,2025-06-17, クーデレすぎる未来の嫁の面倒な７日間10 .epub
クーデレすぎる未来の嫁の面倒な７日間(11) (オシリス文庫),桐刻,2025-06-17, クーデレすぎる未来の嫁の面倒な７日間11 オシリス文庫 .epub
クーデレすぎる未来の嫁の面倒な７日間(12) (オシリス文庫),桐刻,2025-06-17, クーデレすぎる未来の嫁の面倒な７日間12 オシリス文庫 .epub
クーデレすぎる未来の嫁の面倒な７日間(2),桐刻,2025-06-17, クーデレすぎる未来の嫁の面倒な７日間2 .epub
クーデレすぎる未来の嫁の面倒な７日間(3),桐刻,2025-06-17, クーデレすぎる未来の嫁の面倒な７日間3 .epub
クーデレすぎる未来の嫁の面倒な７日間(4),桐刻,2025-06-17, クーデレすぎる未来の嫁の面倒な７日間4 .epub
クーデレすぎる未来の嫁の面倒な７日間(5),桐刻,2025-06-17, クーデレすぎる未来の嫁の面倒な７日間5 .epub
クーデレすぎる未来の嫁の面倒な７日間(6),桐刻,2025-06-17, クーデレすぎる未来の嫁の面倒な７日間6 .epub
クーデレすぎる未来の嫁の面倒な７日間(7),桐刻,2025-06-17, クーデレすぎる未来の嫁の面倒な７日間7 .epub
クーデレすぎる未来の嫁の面倒な７日間(8),桐刻,2025-06-17, クーデレすぎる未来の嫁の面倒な７日間8 .epub
クーデレすぎる未来の嫁の面倒な７日間(9),桐刻,2025-06-17, クーデレすぎる未来の嫁の面倒な７日間9 .epub
クールでエロい生徒会長 ツンドラ先輩の恋人になりました。,箕崎 准,2025-05-19, クールでエロい生徒会長　ツンドラ先輩の恋人になりました .epub
コンビニで出会ったエロい女の子と爛れきった関係になりました。(1),高橋 徹,2025-07-26, コンビニで出会ったエロい女の子と爛れきった関係になりました1 .epub
コンビニで出会ったエロい女の子と爛れきった関係になりました。(2),高橋 徹,2025-07-26, コンビニで出会ったエロい女の子と爛れきった関係になりました2 .epub
コンビニで出会ったエロい女の子と爛れきった関係になりました。(3),高橋 徹,2025-07-26, コンビニで出会ったエロい女の子と爛れきった関係になりました3 .epub
コンビニで出会ったエロい女の子と爛れきった関係になりました。(4),高橋 徹,2025-07-26, コンビニで出会ったエロい女の子と爛れきった関係になりました4 .epub
コンビニで出会ったエロい女の子と爛れきった関係になりました。(5),高橋 徹,2025-07-26, コンビニで出会ったエロい女の子と爛れきった関係になりました5 .epub
コンビニで出会ったエロい女の子と爛れきった関係になりました。(6),高橋 徹,2025-07-26, コンビニで出会ったエロい女の子と爛れきった関係になりました6 .epub
コンビニで出会ったエロい女の子と爛れきった関係になりました。(7),高橋 徹,2025-07-26, コンビニで出会ったエロい女の子と爛れきった関係になりました7 .epub
コンビニで出会ったエロい女の子と爛れきった関係になりました。(8),高橋 徹,2025-07-26, コンビニで出会ったエロい女の子と爛れきった関係になりました8 .epub
サンバカ!!!,助六　稲荷,2025-10-04, サンバカ .epub
サンバカ２!!!【電子特別版】,助六　稲荷,2025-10-04, サンバカ２電子特別版 .epub
サンバカ３!!!,助六　稲荷,2026-02-10, サンバカ３ .epub
シン・トモハメ【電子限定特典付き】 (DIVERSE NOVEL),懺悔,2025-08-20, シントモハメ電子限定特典付き DIVERSE NOVEL .epub
スズカノ クールな恋人がチャラ男に狙われて,懺悔,2025-08-20, スズカノ　クールな恋人がチャラ男に狙われて .epub
スパイ教室 短編集01 花嫁ロワイヤル,竹町,2025-11-24, スパイ教室 短編集01　花嫁ロワイヤル .epub
スパイ教室 短編集02 私を愛したスパイ先生,竹町,2025-11-24, スパイ教室 短編集02　私を愛したスパイ先生 .epub
スパイ教室12 《万愚節》のエルナ,竹町,2025-11-24, スパイ教室12 万愚節のエルナ .epub
スーパーリッチなお嬢様姉妹が貧困俺に全裸で土下座した逆転のハメ撮り７２時間コンプリートパック (美少女文庫),ＸＰＪｂｏｘ,2025-08-20, スーパーリッチなお嬢様姉妹が貧困俺に全裸で土下座した逆転のハメ撮り７２時間コンプリートパック 美少女文庫 .epub
セイクリッドオーダー ～淫肉の杯は今宵も乾く～ (二次元ぷち文庫),神楽陽子,2025-08-05, セイクリッドオーダー ～淫肉の杯は今宵も乾く～ 二次元ぷち文庫 .epub
セフレから始まるラブコメ ヒエラルキー頂点の超美形ギャルがなぜか初対面の俺にデレデレしてくる (フランス書院eブックス),鵠,2025-12-23, セフレから始まるラブコメ ヒエラルキー頂点の超美形ギャルがなぜか初対面の俺にデレデレしてくる フランス書院eブックス .epub
セフレから始まるラブコメ２ ヒエラルキー頂点の超美形ギャルがなぜか初対面の俺にデレデレしてくる,鵠,2025-12-23, セフレから始まるラブコメ２　ヒエラルキー頂点の超美形ギャルがなぜか初対面の俺にデレデレしてくる .epub
セフレから始まるラブコメ３ ヒエラルキー頂点の超美形ギャルがなぜか初対面の俺にデレデレしてくる,鵠,2025-12-23, セフレから始まるラブコメ３　ヒエラルキー頂点の超美形ギャルがなぜか初対面の俺にデレデレしてくる .epub
セフレから始まるラブコメ４ ヒエラルキー頂点の超美形ギャルがなぜか初対面の俺にデレデレしてくる,鵠,2025-12-23, セフレから始まるラブコメ４　ヒエラルキー頂点の超美形ギャルがなぜか初対面の俺にデレデレしてくる .epub
センセイハメ こちら少子化防止委員会の者ですが～堅物女教師・紗英～,懺悔,2025-12-23, センセイハメ こちら少子化防止委員会の者ですが～堅物女教師紗英～ .epub
ゼルトリーク戦記 追放された皇子が美女たちを娶り帝国を統一するまで（ノベル） ： 1 【電子書籍限定特典SS付き】 (モンスター文庫),ネコミコズッキーニ,2025-08-20, ゼルトリーク戦記 追放された皇子が美女たちを娶り帝国を統一するまでノベル 1 電子書籍限定特典SS付き モンスター文庫 .epub
ソシャゲ転生した俺は★１ヒロインを推し続ける。,ナナシまる,2026-03-06, ソシャゲ転生した俺は★１ヒロインを推し続ける .epub
ソープ行ったら教え子のお嬢様にご奉仕されました (ぷちぱら文庫Creative),愛内なの,2025-08-05, ソープ行ったら教え子のお嬢様にご奉仕されました ぷちぱら文庫Creative .epub
タイツの黒髪同級生・阿津木ダイヤがそのおみ足でグイグイ迫ってくる,みかど鉄狼,2025-07-26, タイツの黒髪同級生阿津木ダイヤがそのおみ足でグイグイ迫ってくる .epub
ダンジョンに出会いを求めるのは間違っているだろうか ファミリアクロニクル ｅｐｉｓｏｄｅアスフィ,大森藤ノ,2025-10-17, ダンジョンに出会いを求めるのは間違っているだろうか　ファミリアクロニクル　ｅｐｉｓｏｄｅアスフィ .epub
ダンジョンに出会いを求めるのは間違っているだろうか ファミリアクロニクル ｅｐｉｓｏｄｅフレイヤ,大森藤ノ,2025-10-17, ダンジョンに出会いを求めるのは間違っているだろうか　ファミリアクロニクル　ｅｐｉｓｏｄｅフレイヤ .epub
ダンジョンに出会いを求めるのは間違っているだろうか ファミリアクロニクル ｅｐｉｓｏｄｅリュー,大森藤ノ,2025-10-17, ダンジョンに出会いを求めるのは間違っているだろうか　ファミリアクロニクル　ｅｐｉｓｏｄｅリュー .epub
ダンジョンに出会いを求めるのは間違っているだろうか ファミリアクロニクル ｅｐｉｓｏｄｅリュー２,大森藤ノ,2025-10-17, ダンジョンに出会いを求めるのは間違っているだろうか　ファミリアクロニクル　ｅｐｉｓｏｄｅリュー２ .epub
ダンジョンに出会いを求めるのは間違っているだろうか外伝 ソード・オラトリア１５ (GA文庫),大森 藤ノ,2025-05-19, ダンジョンに出会いを求めるのは間違っているだろうか外伝 ソードオラトリア１５ GA文庫 .epub
ツッコミ待ちの町野さん,にちょぴん,2025-10-25, ツッコミ待ちの町野さん .epub
ツンでＭで失禁で、ちっちゃくて可愛いビンカン彼女をイカせたい,遠野渚,2025-10-17, ツンでＭで失禁でちっちゃくて可愛いビンカン彼女をイカせたい .epub
ツンツンお嬢様は僕専用の性処理道具！,上田ながの,2025-07-30, ツンツンお嬢様は僕専用の性処理道具 .epub
ツンデレ女子が幼馴染の鈍感男子に「ざまぁ」されていたので、寝取って教え込んであげた話【フルカラー挿絵付】,タイフーンの目,2025-07-28, ツンデレ女子が幼馴染の鈍感男子にざまぁされていたので寝取って教え込んであげた話フルカラー挿絵付 .epub
デートレッスンは若叔母と 年上お姉様と後輩に挟まれて,巨道空二,2025-05-19, デートレッスンは若叔母と　年上お姉様と後輩に挟まれて .epub
トリック・オア・デリート 不可解01：世界に殺された少女アリシア,ひなちほこ,2025-12-12, トリックオアデリート　不可解01世界に殺された少女アリシア .epub
ド屑_3,なきそ,2025-11-30, ド屑_3 .epub
ド田舎に引っ越してきたリーマンが、世話焼き優等生を押し倒して自分専用のメスに調教した話,黄金の黒山羊,2025-05-19, ド田舎に引っ越してきたリーマンが世話焼き優等生を押し倒して自分専用のメスに調教した話 .epub
ドＳな生徒会長が土下座で種付け懇願,鷹羽 シン,2025-08-05, ドＳな生徒会長が土下座で種付け懇願 .epub
ネット界最強のAVtuverは俺の義母!? ～一晩で100万円稼ぐドスケベボディを快楽堕ち！～,亜衣まい,2025-12-23, ネット界最強のAVtuverは俺の義母 ～一晩で100万円稼ぐドスケベボディを快楽堕ち～ .epub
ネトゲの嫁は女の子じゃないと思った? Lv.23,聴猫 芝居,2026-02-21, ネトゲの嫁は女の子じゃないと思った Lv23 .epub
ネトゲの嫁は女の子じゃないと思った? Lv.24 DLC(1),聴猫 芝居,2026-02-21, ネトゲの嫁は女の子じゃないと思った Lv24 DLC1 .epub
ネトゲの嫁は女の子じゃないと思った？Lv.22,聴猫 芝居,2026-02-21, ネトゲの嫁は女の子じゃないと思ったLv22 .epub
ハウリング・ブレイズ 葬焔の剣士と不死の魔女,志瑞祐,2025-09-25, ハウリングブレイズ　葬焔の剣士と不死の魔女 .epub
ハツハメ 内定と引き替えに恋人の父に捧げる晴れ着姿,石川檸檬,2025-08-05, ハツハメ 内定と引き替えに恋人の父に捧げる晴れ着姿 .epub
ハハハメ 同級生より綺麗なギャルママに生ハメたい,懺悔,2025-12-23, ハハハメ　同級生より綺麗なギャルママに生ハメたい .epub
ハブられルーン使いの異世界冒険譚 (GCN文庫),黄金の黒山羊,2025-05-19, ハブられルーン使いの異世界冒険譚 GCN文庫 .epub
ハブられルーン使いの異世界冒険譚 2 (GCN文庫),黄金の黒山羊,2025-05-19, ハブられルーン使いの異世界冒険譚 2 GCN文庫 .epub
ハメ撮りハーレムはビッチなギャルと！ 《ギャル孕メチャンネル》にて子作りエッチ生配信,孕間せん,2025-08-20, ハメ撮りハーレムはビッチなギャルと ギャル孕メチャンネルにて子作りエッチ生配信 .epub
ハメ撮りハーレムはビッチなギャルと！ 《ギャル孕メチャンネル》全員妊娠！,孕間せん,2025-08-20, ハメ撮りハーレムはビッチなギャルと　ギャル孕メチャンネル全員妊娠 .epub
ハメ撮りハーレムはビッチなギャルと！ イチャラブ交尾を心がけたら全員孕みたがりのボテ腹彼女に,孕間せん,2025-08-20, ハメ撮りハーレムはビッチなギャルと　イチャラブ交尾を心がけたら全員孕みたがりのボテ腹彼女に .epub
ハメ撮りハーレムはビッチなギャルと！ 狂犬ギャル、地雷ギャルも加わり誓いのボテ腹結婚式,孕間せん,2025-08-20, ハメ撮りハーレムはビッチなギャルと　狂犬ギャル地雷ギャルも加わり誓いのボテ腹結婚式 .epub
ハメ撮りハーレムはビッチなギャルと！ 竿役に採用されて始まるギャルハメ配信生活,孕間せん,2025-08-20, ハメ撮りハーレムはビッチなギャルと　竿役に採用されて始まるギャルハメ配信生活 .epub
バケモノのきみに告ぐ、,柳之助,2025-10-17, バケモノのきみに告ぐ .epub
バケモノのきみに告ぐ、２,柳之助,2025-10-17, バケモノのきみに告ぐ２ .epub
バケモノのきみに告ぐ、３,柳之助,2025-10-17, バケモノのきみに告ぐ３ .epub
バケモノのきみに告ぐ、４,柳之助,2025-10-17, バケモノのきみに告ぐ４ .epub
ヒトヅマハメ こちら少子化防止委員会の者ですが～じゃじゃ馬グラマラス・茜～ (フランス書院eブックス),懺悔,2025-08-20, ヒトヅマハメ こちら少子化防止委員会の者ですが～じゃじゃ馬グラマラス茜～ フランス書院eブックス .epub
ヒロインが最後に死ぬラブコメ～夢の彼女編～ １,神岡鳥乃,2025-10-31, ヒロインが最後に死ぬラブコメ～夢の彼女編～ １ .epub
ビッチのフリをするお嬢さまの処女をおいしくいただきました♪,愛内なの,2025-12-23, ビッチのフリをするお嬢さまの処女をおいしくいただきました♪ .epub
ブラックギルドを追放された神級魔法使い、奴隷に愛され大逆転！ 〜鍛錬はベッドの上で過激に!?〜,赤川ミカミ,2025-08-05, ブラックギルドを追放された神級魔法使い奴隷に愛され大逆転　鍛錬はベッドの上で過激に .epub
ブルーロア・プラネット３ 遺された黄金 上,うつみいっ筆,2025-11-08, ブルーロアプラネット３ 遺された黄金 上 .epub
プリンセスハートリンク ～剣姫たちの艶舞～ Side オギン★バラ「特別増量版」,神崎美宙,2025-08-05, プリンセスハートリンク　～剣姫たちの艶舞～　Side オギン★バラ特別増量版 .epub
ボッチの僕でも、クズのヤリチンになれるってホントですか？,黄金の黒山羊,2025-05-19, ボッチの僕でもクズのヤリチンになれるってホントですか .epub
ボッチの僕でも、クズのヤリチンになれるってホントですか？ 水泳部の双子姉妹を奪っちゃえ！,黄金の黒山羊,2025-05-19, ボッチの僕でもクズのヤリチンになれるってホントですか 水泳部の双子姉妹を奪っちゃえ .epub
ボッチの僕でも、クズのヤリチンになれるってホントですか？ 水泳部双子姉妹を寝取る最高の夏休み！,黄金の黒山羊,2025-05-19, ボッチの僕でもクズのヤリチンになれるってホントですか 水泳部双子姉妹を寝取る最高の夏休み .epub
ボッチの僕でも、クズのヤリチンになれるってホントですか？ 金髪ハーフ姉妹とテニス部生ハメ合宿！,黄金の黒山羊,2025-05-19, ボッチの僕でもクズのヤリチンになれるってホントですか 金髪ハーフ姉妹とテニス部生ハメ合宿 .epub
ボッチの僕でも、クズのヤリチンになれるってホントですか？ 先生とラブホ！＆テニス部と乱交！,黄金の黒山羊,2025-05-19, ボッチの僕でもクズのヤリチンになれるってホントですか　先生とラブホテニス部と乱交 .epub
ボッチの僕でも、クズのヤリチンになれるってホントですか？ 可愛すぎる陸上部女子を寝取りエッチ！,黄金の黒山羊,2025-05-19, ボッチの僕でもクズのヤリチンになれるってホントですか　可愛すぎる陸上部女子を寝取りエッチ .epub
マジカル★エクスプローラー エロゲの友人キャラに転生したけど、ゲーム知識使って自由に生きる10【電子特別版】,入栖,2025-05-19, マジカル★エクスプローラー　エロゲの友人キャラに転生したけどゲーム知識使って自由に生きる10電子特別版 .epub
マジカル★エクスプローラー エロゲの友人キャラに転生したけど、ゲーム知識使って自由に生きる11【電子特別版】,入栖,2025-05-19, マジカル★エクスプローラー　エロゲの友人キャラに転生したけどゲーム知識使って自由に生きる11電子特別版 .epub
マジカル★エクスプローラー エロゲの友人キャラに転生したけど、ゲーム知識使って自由に生きる7,入栖,2025-05-19, マジカル★エクスプローラー　エロゲの友人キャラに転生したけどゲーム知識使って自由に生きる7 .epub
マジカル★エクスプローラー エロゲの友人キャラに転生したけど、ゲーム知識使って自由に生きる8,入栖,2025-05-19, マジカル★エクスプローラー　エロゲの友人キャラに転生したけどゲーム知識使って自由に生きる8 .epub
マジカル★エクスプローラー エロゲの友人キャラに転生したけど、ゲーム知識使って自由に生きる9,入栖,2025-05-19, マジカル★エクスプローラー　エロゲの友人キャラに転生したけどゲーム知識使って自由に生きる9 .epub
ママ×カノ ～教え子のお母さんがエッチな先生で、娘の世話を焼いたら駄目ですか？～「特別増量版」,志方孝志,2025-05-27, ママ×カノ　～教え子のお母さんがエッチな先生で娘の世話を焼いたら駄目ですか～特別増量版 .epub
ママ×カノ ～教え子のお母さんがエッチな先生で、娘の世話を焼いたら駄目ですか？～「特別増量版」,志方孝志,2025-07-12, ママ×カノ　～教え子のお母さんがエッチな先生で娘の世話を焼いたら駄目ですか～特別増量版  1.epub
ママは対魔忍 乱れ堕ちる熟くノ一,新居佑,2025-08-05, ママは対魔忍　乱れ堕ちる熟くノ一 .epub
メイドやります！ 年上お姉さんとツンツン幼なじみ,青橋 由高,2025-06-17, メイドやります　年上お姉さんとツンツン幼なじみ .epub
メインヒロインより可愛いモブの田中さん 1,3pu,2026-02-26, メインヒロインより可愛いモブの田中さん 1 .epub
ユーカリの花を求めて (リアルドリーム文庫),懺悔,2025-08-20, ユーカリの花を求めて リアルドリーム文庫 .epub
リビルドワールドIII〈上〉 埋もれた遺跡,ナフセ,2026-01-27, リビルドワールドIII上　埋もれた遺跡 .epub
リビルドワールドIII〈下〉 賞金首討伐の誘い,ナフセ,2026-01-27, リビルドワールドIII下　賞金首討伐の誘い .epub
リビルドワールドII〈上〉 旧領域接続者,ナフセ,2026-01-27, リビルドワールドII上　旧領域接続者 .epub
リビルドワールドII〈下〉 死後報復依頼プログラム,ナフセ,2026-01-27, リビルドワールドII下　死後報復依頼プログラム .epub
リビルドワールドIV 現世界と旧世界の闘争,ナフセ,2026-01-27, リビルドワールドIV　現世界と旧世界の闘争 .epub
リビルドワールドIX〈上〉 生死の均衡 (電撃の新文芸),ナフセ,2026-04-09, リビルドワールドIX上 生死の均衡 電撃の新文芸 .epub
リビルドワールドI〈下〉 無理無茶無謀,ナフセ,2026-01-27, リビルドワールドI下　無理無茶無謀 .epub
リビルドワールドI＜上＞ 誘う亡霊,ナフセ,2026-01-27, リビルドワールドI＜上＞　誘う亡霊 .epub
リビルドワールドVII 超人 (電撃の新文芸),ナフセ,2026-01-27, リビルドワールドVII 超人 電撃の新文芸 .epub
リビルドワールドVIII〈上〉 第３奥部 (電撃の新文芸),ナフセ,2026-01-27, リビルドワールドVIII上 第３奥部 電撃の新文芸 .epub
リビルドワールドVIII〈下〉 偽アキラ (電撃の新文芸),わいっしゅ,2026-01-27, リビルドワールドVIII下　偽アキラ 電撃の新文芸 .epub
リビルドワールドVI〈上〉 統治系管理人格,ナフセ,2026-01-27, リビルドワールドVI上　統治系管理人格 .epub
リビルドワールドVI〈下〉 望みの果て (電撃の新文芸),ナフセ,2026-01-27, リビルドワールドVI下 望みの果て 電撃の新文芸 .epub
リビルドワールドV 大規模抗争,ナフセ,2026-01-27, リビルドワールドV　大規模抗争 .epub
レイの世界 ―Re:I― １ Another World Tour,時雨沢 恵一,2025-12-07, レイの世界 ReI １ Another World Tour .epub
レイの世界 ―Re:I― ２ Another World Tour,時雨沢 恵一,2025-12-07, レイの世界 ReI ２ Another World Tour .epub
レイの世界 ―Re:I― ３ Another World Tour,時雨沢　恵一,2025-12-07, レイの世界 ReI ３ Another World Tour .epub
一般人の俺を芸能科女子達が逃がしてくれない件。２,膳所々,2025-11-03, 一般人の俺を芸能科女子達が逃がしてくれない件２ .epub
三美姫の牝豚 ～姦獄の城～「特別増量版」,kattern,2025-08-05, 三美姫の牝豚 ～姦獄の城～特別増量版 .epub
不死探偵・冷堂紅葉 ０１．君とのキスは密室で【電子イラスト特典付き】,零 雫,2025-10-17, 不死探偵冷堂紅葉　０１君とのキスは密室で電子イラスト特典付き .epub
不死探偵・冷堂紅葉 ０２．君に遺す『希望』,零雫,2025-10-17, 不死探偵冷堂紅葉　０２君に遺す希望 .epub
不死探偵・冷堂紅葉 ０３．君への挑戦状,零雫,2025-10-17, 不死探偵冷堂紅葉　０３君への挑戦状 .epub
世界の終わりに君は花咲く,成東　志樹,2025-10-17, 世界の終わりに君は花咲く .epub
九課慰安係 case4 ～完全無欠たる有栖川～ (フランス書院eブックス),懺悔,2025-06-24, 九課慰安係 case4 ～完全無欠たる有栖川～ フランス書院eブックス .epub
九課慰安係 case２ ～閃烈なる赤月～,懺悔,2025-06-24, 九課慰安係 case２　～閃烈なる赤月～ .epub
九課慰安係 case３ ～城壁の如き瀬野～,懺悔,2025-06-24, 九課慰安係 case３　～城壁の如き瀬野～ .epub
九課慰安係 ～機械仕掛けの響～,懺悔,2025-06-24, 九課慰安係　～機械仕掛けの響～ .epub
二ノ宮さんは三千円,懺悔,2025-08-20, 二ノ宮さんは三千円 .epub
二人暮らしなら妹とするのも当たり前だよね。,月見ハク,2025-05-23, 二人暮らしなら妹とするのも当たり前だよね .epub
人妻参謀玉鋼出雲～富士山大陵辱作戦～,上田ながの,2025-07-30, 人妻参謀玉鋼出雲～富士山大陵辱作戦～ .epub
人妻学園 ～営み指導で調教ッ!? ハメ堕ちする清純妻～「特別増量版」,たなかつ,2025-08-05, 人妻学園　～営み指導で調教ッ　ハメ堕ちする清純妻～特別増量版 .epub
人気配信者たちのマネージャーになったら、全員元カノだった,柊咲,2025-11-24, 人気配信者たちのマネージャーになったら全員元カノだった .epub
人気配信者たちのマネージャーになったら、全員元カノだった 2,柊咲,2025-11-24, 人気配信者たちのマネージャーになったら全員元カノだった 2 .epub
人気配信者たちのマネージャーになったら、全員元カノだった 3【FANZA限定版】,柊咲,2025-11-24, 人気配信者たちのマネージャーになったら全員元カノだった 3FANZA限定版 .epub
人類滅亡寸前ゲーム世界で自分を犠牲に敵を倒してたら、みんなが病んでいた 1,雨雲ばいう,2025-12-01, 人類滅亡寸前ゲーム世界で自分を犠牲に敵を倒してたらみんなが病んでいた 1 .epub
今はセフレでいいから２,佐間野隆紀,2025-10-04, 今はセフレでいいから２ .epub
今はセフレでいいから３ (フランス書院eブックス),佐間野 隆紀,2025-11-24, 今はセフレでいいから３ フランス書院eブックス .epub
今日も女勇者がヤラレに来る 1,ロマンシング滋賀,2025-08-10, 今日も女勇者がヤラレに来る 1 .epub
今日も女勇者がヤラレに来る 2,ロマンシング滋賀,2025-08-10, 今日も女勇者がヤラレに来る 2 .epub
今日も女勇者がヤラレに来る 3,ロマンシング滋賀,2025-08-10, 今日も女勇者がヤラレに来る 3 .epub
令嬢・綾小路スミレはＡＶ出演でお家再建致します (フランス書院eブックス),懺悔,2025-08-20, 令嬢綾小路スミレはＡＶ出演でお家再建致します フランス書院eブックス .epub
令嬢教師静香の淫獄,りゅうき夕海,2025-11-09, 令嬢教師静香の淫獄 .epub
仲間を守って死んだら二十年後の同じ世界に生まれ変わった件……でも俺、転生二回目なんだけど？ (GA文庫),みょん,2026-04-09, 仲間を守って死んだら二十年後の同じ世界に生まれ変わった件でも俺転生二回目なんだけど GA文庫 .epub
低レベルすぎて追放されたけど最強スキル発動で無双ハーレム！,愛内なの,2025-07-26, 低レベルすぎて追放されたけど最強スキル発動で無双ハーレム .epub
何も知らない黒髪聖女は悪徳司教に抱き潰される,月見ハク,2025-05-28, 何も知らない黒髪聖女は悪徳司教に抱き潰される .epub
何も知らない黒髪聖女は悪徳司教に抱き潰される２ (フランス書院eブックス),月見 ハク,2025-07-03, 何も知らない黒髪聖女は悪徳司教に抱き潰される２ フランス書院eブックス .epub
何も知らない黒髪聖女は悪徳司教に抱き潰される３ (フランス書院eブックス),月見 ハク,2025-07-03, 何も知らない黒髪聖女は悪徳司教に抱き潰される３ フランス書院eブックス .epub
何も知らない黒髪聖女は悪徳司教に抱き潰される４ (フランス書院eブックス),月見 ハク,2025-07-03, 何も知らない黒髪聖女は悪徳司教に抱き潰される４ フランス書院eブックス .epub
何度、時を戻しても俺の彼女がチャラ男にＮＴＲれてしまうんだが!? ～完璧美少女・凛花 繰り返し堕ちる７日間～,逢川かえで,2025-07-30, 何度時を戻しても俺の彼女がチャラ男にＮＴＲれてしまうんだが　～完璧美少女凛花　繰り返し堕ちる７日間～ .epub
依存したがる彼女は僕の部屋に入り浸る【電子特別版】 (角川スニーカー文庫),萬屋 久兵衛,2025-07-03, 依存したがる彼女は僕の部屋に入り浸る電子特別版 角川スニーカー文庫 .epub
依存したがる彼女は僕の部屋に入り浸る２,萬屋　久兵衛,2025-07-03, 依存したがる彼女は僕の部屋に入り浸る２ .epub
侵・性奴会～美人会長と爆乳書記の調教日報～「特別増量版」,由又かつお,2025-08-05, 侵性奴会～美人会長と爆乳書記の調教日報～特別増量版 .epub
侵蝕 ～清楚美女の異常性欲解放と生意気ギャルにわからせ躾～「特別増量版」,田中珠,2025-08-05, 侵蝕 ～清楚美女の異常性欲解放と生意気ギャルにわからせ躾～特別増量版 .epub
修学旅行で一軍女子たちとハーレムを作りました,原野イアン,2025-05-29, 修学旅行で一軍女子たちとハーレムを作りました .epub
修学旅行で一軍女子たちとハーレムを作りました２【修学旅行なう＆After編】,原野イアン,2025-05-29, 修学旅行で一軍女子たちとハーレムを作りました２修学旅行なうAfter編 .epub
修学旅行で一軍女子たちとハーレムを作りました３【追憶編】,原野イアン,2025-05-29, 修学旅行で一軍女子たちとハーレムを作りました３追憶編 .epub
俺とアイツは友達じゃない。,斎藤ニコ/みすみ,2025-12-25, 俺とアイツは友達じゃない .epub
俺とアイツは友達じゃない。 2,斎藤ニコ/みすみ,2025-12-25, 俺とアイツは友達じゃない 2 .epub
俺にトラウマを与えた女子達がチラチラ見てくるけど、残念ですが手遅れです 6,御堂ユラギ,2025-10-31, 俺にトラウマを与えた女子達がチラチラ見てくるけど残念ですが手遅れです 6 .epub
俺に甘えてくるヤンデレ義妹が元カノの妹だった (フランス書院eブックス),いばらきの,2025-07-30, 俺に甘えてくるヤンデレ義妹が元カノの妹だった フランス書院eブックス .epub
俺に甘えてくるヤンデレ義妹が元カノの妹だった【ハッピーエンド】,いばらきの,2025-07-30, 俺に甘えてくるヤンデレ義妹が元カノの妹だったハッピーエンド .epub
俺のスマホに心の声が漏れちゃう残念美少女たちが可愛すぎる 1,美月 麗,2025-12-01, 俺のスマホに心の声が漏れちゃう残念美少女たちが可愛すぎる 1 .epub
俺の一番になりたい3人の清楚なカノジョ ※みんな激重になった【電子特典付き】,及川　輝新,2026-04-09, 俺の一番になりたい3人の清楚なカノジョ　みんな激重になった電子特典付き .epub
俺の先輩の悪役令嬢が、エッチな呪いをかけられていたのだが,さささのよし,2025-07-30, 俺の先輩の悪役令嬢がエッチな呪いをかけられていたのだが .epub
俺の妹が超天才美少女催眠術師なわけがない１ 学園一の美少女堕としとツンデレLOVE,XPJbox,2025-07-01, 俺の妹が超天才美少女催眠術師なわけがない１　学園一の美少女堕としとツンデレLOVE .epub
俺の妹が超天才美少女催眠術師なわけがない２ 国民的アイドル堕としと真の恋人,XPJbox,2025-07-01, 俺の妹が超天才美少女催眠術師なわけがない２　国民的アイドル堕としと真の恋人 .epub
俺の担任で女教師が性癖合いすぎだったので、従順メス犬にして孕ませデキ婚した話。,孕間せん,2025-07-01, 俺の担任で女教師が性癖合いすぎだったので従順メス犬にして孕ませデキ婚した話 .epub
俺の担任で女教師が性癖合いすぎだったので、従順メス犬にして孕ませデキ婚した話。【教育実習生編】,孕間せん,2025-07-01, 俺の担任で女教師が性癖合いすぎだったので従順メス犬にして孕ませデキ婚した話教育実習生編 .epub
俺の担任で女教師が性癖合いすぎだったので、従順メス犬にして孕ませデキ婚した話。【水泳部顧問編】,孕間せん,2025-07-01, 俺の担任で女教師が性癖合いすぎだったので従順メス犬にして孕ませデキ婚した話水泳部顧問編 .epub
俺の母さんは最強の魔法少女です,愛坂　タカト,2026-02-10, 俺の母さんは最強の魔法少女です .epub
俺は義妹に嘘をつく 2 ～血の繋がらない妹を俺が引き取ることにした～,城野白,2025-05-23, 俺は義妹に嘘をつく 2 ～血の繋がらない妹を俺が引き取ることにした～ .epub
俺は義妹に嘘をつく 2 ～血の繋がらない妹を俺が引き取ることにした～,城野白,2025-10-31, 俺は義妹に嘘をつく 2 ～血の繋がらない妹を俺が引き取ることにした～  1.epub
俺は義妹に嘘をつく ～血の繋がらない妹を俺が引き取ることにした～,城野白,2025-05-23, 俺は義妹に嘘をつく ～血の繋がらない妹を俺が引き取ることにした～ .epub
俺は義妹に嘘をつく ～血の繋がらない妹を俺が引き取ることにした～,城野白,2025-10-31, 俺は義妹に嘘をつく ～血の繋がらない妹を俺が引き取ることにした～  1.epub
俺を好きなのはお前だけかよ(13),駱駝,2025-05-19, 俺を好きなのはお前だけかよ13 .epub
俺を好きなのはお前だけかよ(17),駱駝,2025-05-19, 俺を好きなのはお前だけかよ17 .epub
俺を欲しがる二人の母,はやさかうたね,2025-08-05, 俺を欲しがる二人の母 .epub
俺を罠にハメて笑い者にした巨乳美少女が俺以外誰からも認識されなくなって助けを求めてきたから、復讐がてら肉の便所にしようと思う,ロボルカン,2025-07-30, 俺を罠にハメて笑い者にした巨乳美少女が俺以外誰からも認識されなくなって助けを求めてきたから復讐がてら肉の便所にしようと思う .epub
俺を罠にハメて笑い者にした巨乳美少女が俺以外誰からも認識されなくなって助けを求めてきたから、復讐がてら肉の便所にしようと思う【失楽園】,ロボルカン,2025-07-30, 俺を罠にハメて笑い者にした巨乳美少女が俺以外誰からも認識されなくなって助けを求めてきたから復讐がてら肉の便所にしようと思う失楽園 .epub
俺以外の男がほぼ全員女性アレルギーで、セックスすると死ぬ世界に迷いこんでしまった【JD逆ナン編】,愛夢かみん,2025-07-30, 俺以外の男がほぼ全員女性アレルギーでセックスすると死ぬ世界に迷いこんでしまったJD逆ナン編 .epub
俺以外の男がほぼ全員女性アレルギーで、セックスすると死ぬ世界に迷いこんでしまった【エッチな母娘編】,愛夢かみん,2025-07-30, 俺以外の男がほぼ全員女性アレルギーでセックスすると死ぬ世界に迷いこんでしまったエッチな母娘編 .epub
俺以外の男がほぼ全員女性アレルギーで、セックスすると死ぬ世界に迷いこんでしまった【ヤリチン無双編】,愛夢かみん,2025-07-30, 俺以外の男がほぼ全員女性アレルギーでセックスすると死ぬ世界に迷いこんでしまったヤリチン無双編 .epub
催眠カノジョ 高梨伊織催眠記録,上田ながの,2025-07-30, 催眠カノジョ　高梨伊織催眠記録 .epub
催眠カレシ ～練習エッチで寝取られるトップカースト美少女～,大角やぎ,2025-07-30, 催眠カレシ　～練習エッチで寝取られるトップカースト美少女～ .epub
催眠奪女 ～僕と女教師と後輩姉妹の放課後Ｈ活動～「特別増量版」,Fuzisawa,2025-08-05, 催眠奪女　～僕と女教師と後輩姉妹の放課後Ｈ活動～特別増量版 .epub
催眠奪女 ～僕と架純先輩の放課後寝取りＨ活動～「特別増量版」,黒瀧糸由,2025-08-05, 催眠奪女　～僕と架純先輩の放課後寝取りＨ活動～特別増量版 .epub
催眠学園支配 生徒会長を堕とし孕ます放課後,水無瀬さんご,2025-10-04, 催眠学園支配　生徒会長を堕とし孕ます放課後 .epub
催眠学園風俗部 (ぷちぱら文庫Creative),難波一一,2025-07-26, 催眠学園風俗部 ぷちぱら文庫Creative .epub
催眠学習 姫宮月乃と姫宮涼香、母娘征服,ＮＡＴＯＲＩ烏賊,2025-07-30, 催眠学習　姫宮月乃と姫宮涼香母娘征服 .epub
催眠性指導,巽 飛呂彦,2025-07-30, 催眠性指導 .epub
催眠性指導 宮島桜と宮島椿の場合,おくとぱす,2025-07-30, 催眠性指導 宮島桜と宮島椿の場合 .epub
催眠恋。 純愛幼なじみ、生意気義妹、高慢教師を独り占め！,上原 りょう,2025-07-30, 催眠恋　純愛幼なじみ生意気義妹高慢教師を独り占め .epub
催眠授業 女教師・春宮綾華は絶対堕ちない,上原 りょう,2025-05-28, 催眠授業　女教師春宮綾華は絶対堕ちない .epub
催眠淫辱捜査官 堕ちる姉妹,瀧澤春,2025-08-05, 催眠淫辱捜査官　堕ちる姉妹 .epub
催眠清規【北条こころ・無意識発情編】,愛欲ほねね,2025-07-06, 催眠清規北条こころ無意識発情編 .epub
催眠清規【南マイ・無邪気露出編】,愛欲ほねね,2025-07-06, 催眠清規南マイ無邪気露出編 .epub
催眠清規【東方すのう・性交遊戯編】 (フランス書院eブックス),愛欲 ほねね,2025-07-06, 催眠清規東方すのう性交遊戯編 フランス書院eブックス .epub
催眠清規【真中愛・最愛再会編】 (フランス書院eブックス),愛欲 ほねね,2025-07-06, 催眠清規真中愛最愛再会編 フランス書院eブックス .epub
催眠清規【西武レイン・強制欲情編】,愛欲ほねね,2025-07-06, 催眠清規西武レイン強制欲情編 .epub
催眠監禁 パワハラ幼馴染み令嬢をボテ腹オナホ妻に堕とすまでの断章記録,マサイ,2025-11-08, 催眠監禁　パワハラ幼馴染み令嬢をボテ腹オナホ妻に堕とすまでの断章記録 .epub
催眠領域【すべての女が奴隷彼女になる世界】,舞条弦,2025-07-30, 催眠領域すべての女が奴隷彼女になる世界 .epub
僕とエルフメイド姉妹の三人暮らし,青橋由高,2025-06-17, 僕とエルフメイド姉妹の三人暮らし .epub
僕の恋人の母親は、実は現役のＪカップＡＶ女優で、娘の彼氏とヤりたいドスケベなメスだった。,柚子故障,2025-10-17, 僕の恋人の母親は実は現役のＪカップＡＶ女優で娘の彼氏とヤりたいドスケベなメスだった .epub
僕の恋人の母親は、実は現役のＪカップＡＶ女優で、娘の彼氏とヤりたいドスケベなメスだった。２,柚子故障,2025-10-17, 僕の恋人の母親は実は現役のＪカップＡＶ女優で娘の彼氏とヤりたいドスケベなメスだった２ .epub
僕の恋人の母親は、実は現役のＪカップＡＶ女優で、娘の彼氏とヤりたいドスケベなメスだった。３,柚子故障,2025-10-17, 僕の恋人の母親は実は現役のＪカップＡＶ女優で娘の彼氏とヤりたいドスケベなメスだった３ .epub
優秀すぎて追放された平民魔術師、無能のフリしてゴミ貴族を蹂躙する,ヰ森　奇恋,2026-04-09, 優秀すぎて追放された平民魔術師無能のフリしてゴミ貴族を蹂躙する .epub
兄妹ですが異世界で結婚しました。 かけおちスローライフ (美少女文庫),沙桐 好佳,2025-05-19, 兄妹ですが異世界で結婚しました かけおちスローライフ 美少女文庫 .epub
先生……キスは授業の範囲外です,阪田　咲話,2026-02-26, 先生キスは授業の範囲外です .epub
先生、教え子と〈結婚実習〉しませんか？ (美少女文庫),鏡 遊,2025-07-02, 先生教え子と結婚実習しませんか 美少女文庫 .epub
先輩と僕の夏休みのこと「特別増量版」,玉沢円,2025-08-10, 先輩と僕の夏休みのこと特別増量版 .epub
公務員、中田忍の悪徳 ２ (ガガガ文庫),立川浦々,2025-07-23, 公務員中田忍の悪徳 ２ ガガガ文庫 .epub
公務員、中田忍の悪徳_1,立川浦々,2025-07-23, 公務員中田忍の悪徳_1 .epub
公務員、中田忍の悪徳_3,立川浦々,2025-07-23, 公務員中田忍の悪徳_3 .epub
公務員、中田忍の悪徳_5,立川浦々,2025-07-23, 公務員中田忍の悪徳_5 .epub
公務員、中田忍の悪徳_6,立川浦々,2025-07-23, 公務員中田忍の悪徳_6 .epub
公務員、中田忍の悪徳_7,立川浦々,2025-07-23, 公務員中田忍の悪徳_7 .epub
公務員、中田忍の悪徳_8,立川浦々,2025-07-23, 公務員中田忍の悪徳_8 .epub
公務員、中田忍の悪徳 ４,立川浦々,2025-07-23, 公務員中田忍の悪徳　４ .epub
公女殿下の家庭教師15 英傑殺しの氷龍 (富士見ファンタジア文庫),七野りく,2025-06-03, 公女殿下の家庭教師15 英傑殺しの氷龍 富士見ファンタジア文庫 .epub
公女殿下の家庭教師16 世界欺きの偽神,七野りく,2025-06-03, 公女殿下の家庭教師16 世界欺きの偽神 .epub
公女殿下の家庭教師17 星継ぎし天槍 (富士見ファンタジア文庫),七野りく,2025-06-03, 公女殿下の家庭教師17　星継ぎし天槍 富士見ファンタジア文庫 .epub
公女殿下の家庭教師18 闇射ちし神銃,七野りく,2025-06-03, 公女殿下の家庭教師18　闇射ちし神銃 .epub
公女殿下の家庭教師19 鍵護りし聖楯,七野りく,2025-06-03, 公女殿下の家庭教師19　鍵護りし聖楯 .epub
冒険者酒場の料理人 (GAノベル),黒留 ハガネ,2026-04-09, 冒険者酒場の料理人 GAノベル .epub
冒険者酒場の料理人２,黒留ハガネ,2026-04-09, 冒険者酒場の料理人２ .epub
冒険者酒場の料理人３,黒留ハガネ,2026-04-09, 冒険者酒場の料理人３ .epub
凌辱レオタード～淫獄に堕ちた女子高生～,斐芝嘉和,2025-08-05, 凌辱レオタード～淫獄に堕ちた女子高生～ .epub
初めての彼女にフラれたのは、清楚ビッチな妹のせい,雲雀湯,2025-07-30, 初めての彼女にフラれたのは清楚ビッチな妹のせい .epub
初恋の義姉似な姪っ子に誘惑された【晩夏】の生ハメ純愛イチャラブストーリー (フランス書院eブックス),大萩 燦,2025-07-08, 初恋の義姉似な姪っ子に誘惑された晩夏の生ハメ純愛イチャラブストーリー フランス書院eブックス .epub
初恋の義姉似な姪っ子に誘惑された初夏の生ハメ純愛イチャラブストーリー,大萩燦,2025-07-08, 初恋の義姉似な姪っ子に誘惑された初夏の生ハメ純愛イチャラブストーリー .epub
初級職『召使い』だけどエロと快楽で逆転人生を送れます！ (ぷちぱら文庫Creative),愛内なの,2025-07-26, 初級職召使いだけどエロと快楽で逆転人生を送れます ぷちぱら文庫Creative .epub
刺殺転輪 メンヘラコンプリートエディション,吉野　憂,2026-04-09, 刺殺転輪　メンヘラコンプリートエディション .epub
剣道女子、完全敗北,舞条弦,2025-11-09, 剣道女子完全敗北 .epub
剥かれた競泳水着 生徒会長・常盤咲穂の受難,草飼晃,2025-08-05, 剥かれた競泳水着　生徒会長常盤咲穂の受難 .epub
創約 とある魔術の禁書目録（１１）,鎌池　和馬,2025-05-19, 創約　とある魔術の禁書目録１１ .epub
創約 とある魔術の禁書目録（１２）,鎌池　和馬,2025-05-19, 創約　とある魔術の禁書目録１２ .epub
勇者だけど、最後に泊まった宿屋に産まれた娘がどう見ても俺の子な件,ナル,2025-07-08, 勇者だけど最後に泊まった宿屋に産まれた娘がどう見ても俺の子な件 .epub
勇者だけど、最後に泊まった宿屋に産まれた娘がどう見ても俺の子な件２ ～そして旅立ちへ～,ナル,2025-07-08, 勇者だけど最後に泊まった宿屋に産まれた娘がどう見ても俺の子な件２　～そして旅立ちへ～ .epub
勇者だけど、最後に泊まった宿屋に産まれた娘がどう見ても俺の子な件３ ～空と海と大地と淫魔と処女～,ナル,2025-07-08, 勇者だけど最後に泊まった宿屋に産まれた娘がどう見ても俺の子な件３ ～空と海と大地と淫魔と処女～ .epub
動画配信サイトで寝取られる僕のカノジョ,懺悔,2025-12-23, 動画配信サイトで寝取られる僕のカノジョ .epub
勝気な巨乳友母を中出し孕ませオナホに！ ～ムッチリ、ドタプン！ 熟れ肉たっぷり凛子ママをむしゃぶり味わい尽くす！～,有巻洋太,2025-12-23, 勝気な巨乳友母を中出し孕ませオナホに ～ムッチリドタプン 熟れ肉たっぷり凛子ママをむしゃぶり味わい尽くす～ .epub
厳しい女上司が高校生に戻ったら俺にデレデレする理由 ～両片思いのやり直し高校生生活～【電子特装版】,徳山 銀次郎,2025-07-19, 厳しい女上司が高校生に戻ったら俺にデレデレする理由　～両片思いのやり直し高校生生活～電子特装版 .epub
厳しい女上司が高校生に戻ったら俺にデレデレする理由２ ～両片思いのやり直し高校生生活～,徳山 銀次郎,2025-07-19, 厳しい女上司が高校生に戻ったら俺にデレデレする理由２　～両片思いのやり直し高校生生活～ .epub
厳しい女上司が高校生に戻ったら俺にデレデレする理由３ ～両片思いのやり直し高校生生活～,徳山 銀次郎,2025-07-19, 厳しい女上司が高校生に戻ったら俺にデレデレする理由３　～両片思いのやり直し高校生生活～ .epub
厳しい女上司が高校生に戻ったら俺にデレデレする理由４ ～両片思いのやり直し高校生生活～ (GA文庫),徳山 銀次郎,2025-07-19, 厳しい女上司が高校生に戻ったら俺にデレデレする理由４ ～両片思いのやり直し高校生生活～ GA文庫 .epub
友達の妹が俺にだけウザい１１,三河ごーすと,2025-11-24, 友達の妹が俺にだけウザい１１ .epub
友達以上浮気未満のカノジョたち (富士見ファンタジア文庫),飴月,2025-08-20, 友達以上浮気未満のカノジョたち 富士見ファンタジア文庫 .epub
双子まとめて『カノジョ』にしない？6,白井　ムク,2025-12-25, 双子まとめてカノジョにしない6 .epub
名前のない英雄,宮下愚弟,2025-11-20, 名前のない英雄 .epub
向かいのしごでき後輩は、ベランダで甘えたい,七転,2025-11-24, 向かいのしごでき後輩はベランダで甘えたい .epub
君に恋をしただけじゃ、何も変わらないはずだった 君に恋をするなんて、ありえないはずだった (宝島社文庫),筏田かつら,2025-12-23, 君に恋をしただけじゃ何も変わらないはずだった 君に恋をするなんてありえないはずだった 宝島社文庫 .epub
君に恋をするのは、いけないことですか 君に恋をするなんて、ありえないはずだった (宝島社文庫),筏田かつら,2026-04-15, 君に恋をするのはいけないことですか 君に恋をするなんてありえないはずだった 宝島社文庫 .epub
和葉会長を堕ちらせたい 完全調教催眠VS完璧生徒会長,ウメ種,2025-10-04, 和葉会長を堕ちらせたい　完全調教催眠VS完璧生徒会長 .epub
嘆きの亡霊は引退したい ～最弱ハンターによる最強パーティ育成術～ 10 (GCノベルズ),槻影,2025-11-08, 嘆きの亡霊は引退したい ～最弱ハンターによる最強パーティ育成術～ 10 GCノベルズ .epub
嘆きの亡霊は引退したい ～最弱ハンターによる最強パーティ育成術～ 11 (GCノベルズ),槻影,2025-11-08, 嘆きの亡霊は引退したい ～最弱ハンターによる最強パーティ育成術～ 11 GCノベルズ .epub
嘆きの亡霊は引退したい ～最弱ハンターによる最強パーティ育成術～ 5 (GCノベルズ),槻影,2025-11-08, 嘆きの亡霊は引退したい ～最弱ハンターによる最強パーティ育成術～ 5 GCノベルズ .epub
嘆きの亡霊は引退したい ～最弱ハンターによる最強パーティ育成術～ 6 (GCノベルズ),槻影,2025-11-08, 嘆きの亡霊は引退したい ～最弱ハンターによる最強パーティ育成術～ 6 GCノベルズ .epub
嘆きの亡霊は引退したい ～最弱ハンターによる最強パーティ育成術～ 7 (GCノベルズ),槻影,2025-11-08, 嘆きの亡霊は引退したい ～最弱ハンターによる最強パーティ育成術～ 7 GCノベルズ .epub
嘆きの亡霊は引退したい ～最弱ハンターによる最強パーティ育成術～ 8 (GCノベルズ),槻影,2025-11-08, 嘆きの亡霊は引退したい ～最弱ハンターによる最強パーティ育成術～ 8 GCノベルズ .epub
嘆きの亡霊は引退したい ～最弱ハンターによる最強パーティ育成術～ 9 (GCノベルズ),槻影,2025-11-08, 嘆きの亡霊は引退したい ～最弱ハンターによる最強パーティ育成術～ 9 GCノベルズ .epub
嘆きの亡霊は引退したい〜最弱ハンターによる最強パーティ育成術〜 12,槻影,2025-11-08, 嘆きの亡霊は引退したい最弱ハンターによる最強パーティ育成術 12 .epub
囚われた人妻捜査官 祐美子 母娘奴隷・黒い淫獄,筑摩十幸,2025-08-05, 囚われた人妻捜査官 祐美子 母娘奴隷黒い淫獄 .epub
囚われた人妻捜査官 聖実 肛虐魔薬調教 (リアルドリーム文庫),筑摩十幸,2025-08-05, 囚われた人妻捜査官 聖実 肛虐魔薬調教 リアルドリーム文庫 .epub
囚われの女捜査官 敗北の牝豹たち,草飼晃,2025-11-30, 囚われの女捜査官　敗北の牝豹たち .epub
地味でダメな村人Ａは世界最高の魔法使い！？ 〜隠居ハーレムで幸せな人生を送ってます！〜 地味でダメな村人Aは世界最高の魔法使い！？ 〜隠居ハーレムで幸せな人生を送ってます！〜 (キングノベルス),愛内なの,2025-07-26, 地味でダメな村人Ａは世界最高の魔法使い 隠居ハーレムで幸せな人生を送ってます 地味でダメな村人Aは世界最高の魔法使い 隠居ハーレムで幸せな人生を送ってます キン.epub
地味めな侍女さんのお仕事セックス～お嬢様に代わってお相手します～ アドベンチャーゲームブック アダルト版 (UNREAL PUBLISHING),ＵＮＲＥＡＬＰＵＢＬＩＳＨＩＮＧ,2025-07-30, 地味めな侍女さんのお仕事セックス～お嬢様に代わってお相手します～ アドベンチャーゲームブック アダルト版 UNREAL PUBLISHING .epub
堕淫マンション 媚母娘を寝取る,北條拓人,2025-08-05, 堕淫マンション　媚母娘を寝取る .epub
夏が終わるまで 堕とされた献身少女・由比,空蝉,2025-08-05, 夏が終わるまで　堕とされた献身少女由比 .epub
夕凪荘のS級の彼女たち「特別増量版」,布施はるか,2025-08-05, 夕凪荘のS級の彼女たち特別増量版 .epub
夕凪荘のＳ級の彼女たち２「特別増量版」,男爵平野,2025-08-05, 夕凪荘のＳ級の彼女たち２特別増量版 .epub
多摩湖さんと黄鶏くん (電撃文庫),入間 人間,2025-05-19, 多摩湖さんと黄鶏くん 電撃文庫 .epub
夫婦になったふたりの幸せな十月十日 クーデレすぎる未来の嫁の面倒な7日間 番外編（６）,桐刻,2025-06-17, 夫婦になったふたりの幸せな十月十日　クーデレすぎる未来の嫁の面倒な7日間 番外編６ .epub
奪通 NTR配達サービス営業中「特別増量版」,明日葉あすは,2025-08-05, 奪通　NTR配達サービス営業中特別増量版 .epub
女性の将来なりたい職業ランキング第一位が性奴隷な世界 (フランス書院eブックス),琴弾 南中,2025-05-27, 女性の将来なりたい職業ランキング第一位が性奴隷な世界 フランス書院eブックス .epub
女性の将来なりたい職業ランキング第一位が性奴隷な世界２ 学校で一番のお嬢様な女の子,琴弾南中,2025-05-27, 女性の将来なりたい職業ランキング第一位が性奴隷な世界２　学校で一番のお嬢様な女の子 .epub
女性の将来なりたい職業ランキング第一位が性奴隷な世界３ クラスメイトの欲求不満なお母さん,琴弾南中,2025-05-27, 女性の将来なりたい職業ランキング第一位が性奴隷な世界３　クラスメイトの欲求不満なお母さん .epub
女性の将来なりたい職業ランキング第一位が性奴隷な世界４ 駅前にいたエッチなお姉さん (フランス書院eブックス),琴弾 南中,2025-05-27, 女性の将来なりたい職業ランキング第一位が性奴隷な世界４ 駅前にいたエッチなお姉さん フランス書院eブックス .epub
女性の将来なりたい職業ランキング第一位が性奴隷な世界５ 俺を好きな女の子・朝山蜜柑 (フランス書院eブックス),琴弾 南中,2025-05-27, 女性の将来なりたい職業ランキング第一位が性奴隷な世界５ 俺を好きな女の子朝山蜜柑 フランス書院eブックス .epub
女性の将来なりたい職業ランキング第一位が性奴隷な世界６ 乗り気な由利ちゃんとそのお姉さん,琴弾南中,2025-05-27, 女性の将来なりたい職業ランキング第一位が性奴隷な世界６　乗り気な由利ちゃんとそのお姉さん .epub
女捜査官バディ・綾香＆絵里花【敗北絶頂】,草飼晃,2025-11-09, 女捜査官バディ綾香絵里花敗北絶頂 .epub
女艦長シュリア (二次元ぷち文庫),大熊狸喜,2025-08-05, 女艦長シュリア 二次元ぷち文庫 .epub
奴隷妻奪還調教 (フランス書院eブックス),マサイ,2025-07-28, 奴隷妻奪還調教 フランス書院eブックス .epub
奴隷聖徒会長ヒカル ～淫魔に占陵された学園～,筑摩十幸,2025-08-05, 奴隷聖徒会長ヒカル　～淫魔に占陵された学園～ .epub
奴隷聖徒会長ヒカル２ ～淫魔に占陵された学園～,筑摩十幸,2025-08-05, 奴隷聖徒会長ヒカル２　～淫魔に占陵された学園～ .epub
好きすぎるから彼女以上の、妹として愛してください。３,滝沢 慧,2026-02-10, 好きすぎるから彼女以上の妹として愛してください３ .epub
好きすぎるから彼女以上の、妹として愛してください。４,滝沢 慧,2026-02-10, 好きすぎるから彼女以上の妹として愛してください４ .epub
好きすぎるから彼女以上の、妹として愛してください。５,滝沢 慧,2026-02-10, 好きすぎるから彼女以上の妹として愛してください５ .epub
好きだった子をメイドにしたら、俺の部屋でこっそりナニかしている,鏡　遊,2025-07-12, 好きだった子をメイドにしたら俺の部屋でこっそりナニかしている .epub
好きな子に告ったら、双子の妹がオマケでついてきた1(ブレイブ文庫)【電子版特典SS付き】,鏡遊,2026-04-09, 好きな子に告ったら双子の妹がオマケでついてきた1ブレイブ文庫電子版特典SS付き .epub
好きな子に告ったら、双子の妹がオマケでついてきた（ブレイブ文庫）２,鏡遊,2026-04-09, 好きな子に告ったら双子の妹がオマケでついてきたブレイブ文庫２ .epub
好きな子に告ったら、双子の妹がオマケでついてきた（ブレイブ文庫）３,鏡遊,2026-04-09, 好きな子に告ったら双子の妹がオマケでついてきたブレイブ文庫３ .epub
好きな子に告ったら、双子の妹がオマケでついてきた（ブレイブ文庫）４,鏡遊,2026-04-09, 好きな子に告ったら双子の妹がオマケでついてきたブレイブ文庫４ .epub
好きな子に告ったら、双子の妹がオマケでついてきた（ブレイブ文庫）５,鏡遊,2026-04-09, 好きな子に告ったら双子の妹がオマケでついてきたブレイブ文庫５ .epub
好きな子の親友に密かに迫られている,土車 甫,2025-05-19, 好きな子の親友に密かに迫られている .epub
好きな子の親友に密かに迫られている２,土車　甫,2025-05-19, 好きな子の親友に密かに迫られている２ .epub
妹が泣いてるんで帰ります。 ～兄がデスマーチに巻き込まれた時、妹が取るべき１０の対策～ 【電子特典付き】 (MF文庫J),田尾 典丈,2026-02-10, 妹が泣いてるんで帰ります ～兄がデスマーチに巻き込まれた時妹が取るべき１０の対策～ 電子特典付き MF文庫J .epub
妹の配信に入り込んだらVTuber扱いされた件（ブレイブ文庫）１,江波界司,2025-10-17, 妹の配信に入り込んだらVTuber扱いされた件ブレイブ文庫１ .epub
妹はサイコパス,瀬尾順,2026-02-11, 妹はサイコパス .epub
姉ちゃんのススメ～お姉ちゃんのイタズラ性生活～,橘トラ,2026-07-04, 姉ちゃんのススメ～お姉ちゃんのイタズラ性生活～ .epub
姉の彼女にキスをした,ハマカズシ,2025-11-20, 姉の彼女にキスをした .epub
姉妹X調教 ～絶対服従、セレブ姉妹と毎日中出し性活～「特別増量版」,Fuzisawa,2025-08-05, 姉妹X調教 ～絶対服従セレブ姉妹と毎日中出し性活～特別増量版 .epub
姉姉Z催眠 ～スマホ催眠装置で爆乳姉共に催眠調教、鬼畜寝取りで孕ませてやる！～,あすなゆう,2025-08-05, 姉姉Z催眠　～スマホ催眠装置で爆乳姉共に催眠調教鬼畜寝取りで孕ませてやる～ .epub
姦禁情事 清純女子のナマの匂い,朔月,2025-11-09, 姦禁情事 清純女子のナマの匂い .epub
姫奪～寝取られ忠義忍法帳,上田ながの,2025-11-03, 姫奪～寝取られ忠義忍法帳 .epub
姫騎士エルフと隠者ダークエルフ 隷属の淫紋 (美少女文庫),鷹羽 シン,2025-07-02, 姫騎士エルフと隠者ダークエルフ 隷属の淫紋 美少女文庫 .epub
姫騎士様のヒモ６,白金　透,2025-06-17, 姫騎士様のヒモ６ .epub
娘に断罪される悪役公爵に転生してました 悪役ムーブをやめたのになぜか娘が『氷の令嬢』化する件 (ドラゴンノベルス),次佐 駆人,2026-03-06, 娘に断罪される悪役公爵に転生してました　悪役ムーブをやめたのになぜか娘が氷の令嬢化する件 ドラゴンノベルス .epub
娘の友人 小悪魔美少女とマジメな大人の性的攻防戦,大角やぎ,2025-07-30, 娘の友人 小悪魔美少女とマジメな大人の性的攻防戦 .epub
嫁・佳奈子は今夜も義父に犯される,青空白雲,2025-08-05, 嫁佳奈子は今夜も義父に犯される .epub
嫁姉ッ！ お姉ちゃんの愛情は無限大！ 弟とだったら子作りもＯＫ！,089タロー,2025-08-20, 嫁姉ッ　お姉ちゃんの愛情は無限大　弟とだったら子作りもＯＫ .epub
嫉妬探偵の蛇谷さん,野中春樹,2025-09-21, 嫉妬探偵の蛇谷さん .epub
嫉妬探偵の蛇谷さん ２,野中春樹,2025-11-09, 嫉妬探偵の蛇谷さん　２ .epub
嫉妬探偵の蛇谷さん ３,野中春樹,2025-11-09, 嫉妬探偵の蛇谷さん　３ .epub
子作り妊活部！ おめでた、ボテ腹ギャルを絶対幸せにしてみせます,孕間せん,2025-07-30, 子作り妊活部　おめでたボテ腹ギャルを絶対幸せにしてみせます .epub
子作り妊活部！ 入部してオタクに冷たいギャルとクールお姉さん系ギャルを孕ませます,孕間せん,2025-07-30, 子作り妊活部　入部してオタクに冷たいギャルとクールお姉さん系ギャルを孕ませます .epub
子作り妊活部！ 林間学校と修学旅行、二人のギャルをイチャラブ種付けプレスで孕ませます,孕間せん,2025-07-30, 子作り妊活部　林間学校と修学旅行二人のギャルをイチャラブ種付けプレスで孕ませます .epub
孤高のダークエルフ嫁といちゃらぶ妊活みるくライフ,神崎美宙,2025-11-24, 孤高のダークエルフ嫁といちゃらぶ妊活みるくライフ .epub
孤高の電波美少女と恋で繋がったらギガ重い２,神宮寺　文鷹,2025-10-24, 孤高の電波美少女と恋で繋がったらギガ重い２ .epub
学園3 ～華麗なる悦辱～,天草白,2025-08-05, 学園3 ～華麗なる悦辱～ .epub
守護天使ホーリーエンジェル ～犯されるヒーロー学園の少女たち～,上田ながの,2025-07-30, 守護天使ホーリーエンジェル　～犯されるヒーロー学園の少女たち～ .epub
守護聖姫アルテアガーディアンズ 催眠恥辱に堕ちる姉妹,火村龍,2025-08-05, 守護聖姫アルテアガーディアンズ　催眠恥辱に堕ちる姉妹 .epub
完全時間停止～無理やり時間を止められた世界でハメられる女たち～ (ぷちぱら文庫),ＷＡＦＦＬＥ,2025-08-05, 完全時間停止～無理やり時間を止められた世界でハメられる女たち～ ぷちぱら文庫 .epub
完璧超人、超絶美少女の敬語妹は俺といちゃらぶしないともう頑張れないらしい。,南,2026-02-09, 完璧超人超絶美少女の敬語妹は俺といちゃらぶしないともう頑張れないらしい .epub
寝たふり義妹と人斬りシザー (フランス書院eブックス),ＸＰＪｂｏｘ,2025-07-30, 寝たふり義妹と人斬りシザー フランス書院eブックス .epub
寝取られ上手な彼女,懺悔,2025-08-05, 寝取られ上手な彼女 .epub
寝取り旅館 ～ドクズおじさんのネトネトしつこい美少女凌辱 1-51,大角やぎ,2025-07-30, 寝取り旅館 ～ドクズおじさんのネトネトしつこい美少女凌辱 1-51 .epub
寝取り旅館 ～ドクズおじさんのネトネトしつこい美少女凌辱・ちさき編～,大角やぎ,2025-07-30, 寝取り旅館　～ドクズおじさんのネトネトしつこい美少女凌辱ちさき編～ .epub
寝取主義者の花嫁弄り！ (ぷちぱら文庫),ソフトさ～くるクレージュ,2025-08-05, 寝取主義者の花嫁弄り ぷちぱら文庫 .epub
対魔忍ユキカゼ 対魔忍魔調教に堕つ,蒼井村正,2025-05-28, 対魔忍ユキカゼ　対魔忍魔調教に堕つ .epub
対魔忍ユキカゼ 対魔忍魔調教に堕つ,蒼井村正,2025-08-05, 対魔忍ユキカゼ　対魔忍魔調教に堕つ  1.epub
将軍の息子に転生したので、悪役令嬢もらいます。,さささのよし,2025-07-30, 将軍の息子に転生したので悪役令嬢もらいます .epub
将軍の息子に転生したので、悪役令嬢もらいます。２,さささのよし,2025-07-30, 将軍の息子に転生したので悪役令嬢もらいます２ .epub
小さいころ好きだった近所の爆乳お姉さんと再会したら結婚することになりました,神崎美宙,2025-11-24, 小さいころ好きだった近所の爆乳お姉さんと再会したら結婚することになりました .epub
少女事案② 白スク水で愛犬を洗う風町鈴と飼い犬になってワンワン吠える夏目幸路,西条陽,2025-05-19, 少女事案②　白スク水で愛犬を洗う風町鈴と飼い犬になってワンワン吠える夏目幸路 .epub
少女事案③ バクハツして時を駆ける夏目娘と、小五の娘を持つ高校生の夏目幸路,西条陽,2025-05-19, 少女事案③　バクハツして時を駆ける夏目娘と小五の娘を持つ高校生の夏目幸路 .epub
少女事案 炎上して敏感になる京野月子と死の未来を猫として回避する雪見文香,西条陽,2025-05-19, 少女事案　炎上して敏感になる京野月子と死の未来を猫として回避する雪見文香 .epub
崩壊世界の魔法杖職人２ 小冊子付き特装版【電子特典付き】 崩壊世界の魔法杖職人 小冊子付き特装版,黒留 ハガネ,2025-11-25, 崩壊世界の魔法杖職人２ 小冊子付き特装版電子特典付き 崩壊世界の魔法杖職人 小冊子付き特装版 .epub
左遷錬金術師の辺境暮らし ２ 元エリートは二度目の人生も失敗したので辺境でのんびりとやり直すことにしました,出雲大吉/みきさい,2026-02-10, 左遷錬金術師の辺境暮らし ２ 元エリートは二度目の人生も失敗したので辺境でのんびりとやり直すことにしました .epub
左遷錬金術師の辺境暮らし ３ 元エリートは二度目の人生も失敗したので辺境でのんびりとやり直すことにしました,出雲大吉/みきさい,2026-02-10, 左遷錬金術師の辺境暮らし ３ 元エリートは二度目の人生も失敗したので辺境でのんびりとやり直すことにしました .epub
左遷錬金術師の辺境暮らし 元エリートは二度目の人生も失敗したので辺境でのんびりとやり直すことにしました,出雲　大吉,2026-02-10, 左遷錬金術師の辺境暮らし　元エリートは二度目の人生も失敗したので辺境でのんびりとやり直すことにしました .epub
巨乳催眠キャンプ場～女性客と好き放題できるアウトドアハーレム～,男爵平野,2025-12-23, 巨乳催眠キャンプ場～女性客と好き放題できるアウトドアハーレム～ .epub
常識改変が起こった異世界で強欲な聖者はハーレムをつくる,赤川ミカミ,2025-07-26, 常識改変が起こった異世界で強欲な聖者はハーレムをつくる .epub
平民出身の帝国将官、無能な貴族上官を蹂躙して成り上がる,花音 小坂,2026-04-09, 平民出身の帝国将官無能な貴族上官を蹂躙して成り上がる .epub
平民出身の帝国将官、無能な貴族上官を蹂躙して成り上がる２ (富士見ファンタジア文庫),花音 小坂,2026-04-09, 平民出身の帝国将官無能な貴族上官を蹂躙して成り上がる２ 富士見ファンタジア文庫 .epub
平民出身の帝国将官、無能な貴族上官を蹂躙して成り上がる３【電子特別版】 (富士見ファンタジア文庫),花音 小坂,2026-04-09, 平民出身の帝国将官無能な貴族上官を蹂躙して成り上がる３電子特別版 富士見ファンタジア文庫 .epub
平民出身の帝国将官、無能な貴族上官を蹂躙して成り上がる４ (富士見ファンタジア文庫),花音 小坂,2026-04-09, 平民出身の帝国将官無能な貴族上官を蹂躙して成り上がる４ 富士見ファンタジア文庫 .epub
幼い頃から知っている親友の娘にご奉仕してもらうことになりました,愛内なの,2025-12-23, 幼い頃から知っている親友の娘にご奉仕してもらうことになりました .epub
幼馴染たちが人気アイドルになった 3 ～甘々な彼女たちは俺に貢いでくれている～,くろねこどらごん,2025-11-29, 幼馴染たちが人気アイドルになった 3 ～甘々な彼女たちは俺に貢いでくれている～ .epub
幼馴染たちが人気アイドルになった2 購入特典 BOOK☆WALKER限定ショートストーリー,くろねこどらごん,2025-11-29, 幼馴染たちが人気アイドルになった2 購入特典 BOOK☆WALKER限定ショートストーリー .epub
幼馴染の妹の家庭教師をはじめたら３ 再会した幼馴染の家庭教師もすることに (富士見ファンタジア文庫),すかいふぁーむ,2026-02-10, 幼馴染の妹の家庭教師をはじめたら３ 再会した幼馴染の家庭教師もすることに 富士見ファンタジア文庫 .epub
彼女がハーレムを薦めてくる。,愛上クレ,2025-11-24, 彼女がハーレムを薦めてくる .epub
彼女がハーレムを薦めてくる。 2 (ダッシュエックス文庫DIGITAL),Octonut・SHINANOLAB,2025-11-24, 彼女がハーレムを薦めてくる 2 ダッシュエックス文庫DIGITAL .epub
彼女の姉は２周目の彼女,眞田　天佑,2026-02-26, 彼女の姉は２周目の彼女 .epub
性交報酬～感謝の印にお礼セックスをさせてくれるバイト先～,愛内なの,2025-12-23, 性交報酬～感謝の印にお礼セックスをさせてくれるバイト先～ .epub
性伏王【斐川真琴編】 (フランス書院eブックス),舞条 弦,2025-07-06, 性伏王斐川真琴編 フランス書院eブックス .epub
性伏王【雪永昴＆天音凛那編】 (フランス書院eブックス),舞条 弦,2025-07-06, 性伏王雪永昴天音凛那編 フランス書院eブックス .epub
性奴隷サマ系彼女 いきなりご主人様にされました。,橘 ぱん,2025-08-05, 性奴隷サマ系彼女　いきなりご主人様にされました .epub
悪役令嬢と悪役令息が、出逢って恋に落ちたなら4,榛名丼,2026-03-06, 悪役令嬢と悪役令息が出逢って恋に落ちたなら4 .epub
悪役令嬢と悪役令息が、出逢って恋に落ちたなら5,榛名丼,2026-03-06, 悪役令嬢と悪役令息が出逢って恋に落ちたなら5 .epub
悪役令嬢と悪役令息が、出逢って恋に落ちたなら6,榛名丼,2026-03-06, 悪役令嬢と悪役令息が出逢って恋に落ちたなら6 .epub
悪役魔法使いの改心１ (MFブックス),風見鶏,2026-02-26, 悪役魔法使いの改心１ MFブックス .epub
悪徳貴族の三男なのにエルフハーレムの王って、それはないでしょう！ (美少女文庫),Ｙ．Ａ,2025-06-05, 悪徳貴族の三男なのにエルフハーレムの王ってそれはないでしょう 美少女文庫 .epub
愛妻×交姦 妊活スワッピング ～孕み頃の妻たちは子種を求め肉欲の華を咲かせる～「特別増量版」,山野詠子,2025-08-05, 愛妻×交姦 妊活スワッピング　～孕み頃の妻たちは子種を求め肉欲の華を咲かせる～特別増量版 .epub
愛妻日記 （あいさいにっき）,布施はるか,2025-08-05, 愛妻日記 あいさいにっき .epub
憧れの女上司が、相部屋出張の隣のベッドで絶倫男に寝取られている,逢川かえで,2025-08-05, 憧れの女上司が相部屋出張の隣のベッドで絶倫男に寝取られている .epub
憧れのＧカップ女上司がオレのせいで弱みを握られ中年親父に強制絶頂で調教されていた件について,逢川かえで,2025-11-09, 憧れのＧカップ女上司がオレのせいで弱みを握られ中年親父に強制絶頂で調教されていた件について .epub
排球女子、隷奴転落,舞条弦,2025-11-09, 排球女子隷奴転落 .epub
探偵気取りと不機嫌な青春 【電子特典付き】,野中　春樹,2025-06-05, 探偵気取りと不機嫌な青春　電子特典付き .epub
教え子とキスをする。バレたら終わる。２ 【電子特別版】,扇風気　周,2025-11-24, 教え子とキスをするバレたら終わる２ 電子特別版 .epub
教え子とキスをする。バレたら終わる。３【電子特別版】,扇風気　周,2025-11-24, 教え子とキスをするバレたら終わる３電子特別版 .epub
教師になってからのラブコメ～ダメオジ化した憧れの先生、今度は私が指導します！～,初鹿野　創,2026-04-09, 教師になってからのラブコメ～ダメオジ化した憧れの先生今度は私が指導します～ .epub
文学女子、理性剥奪,舞条弦,2025-11-09, 文学女子理性剥奪 .epub
新卒OLと実は社長の俺が出張先で同室になりました。～仕事の相談に乗っているうちにエッチな関係に!?～,愛内なの,2025-12-23, 新卒OLと実は社長の俺が出張先で同室になりました～仕事の相談に乗っているうちにエッチな関係に～ .epub
新妻催眠 ～発情した性処理は僕だけで！～,愛内なの,2025-08-05, 新妻催眠　～発情した性処理は僕だけで～ .epub
日替わり彼女 ～初恋はウソつきの始まり～ 【電子特典付き】,ｈａｒａｏ,2025-10-04, 日替わり彼女　～初恋はウソつきの始まり～　電子特典付き .epub
時々ボソッとロシア語でデレる隣のアーリャさん11,燦々SUN,2025-11-30, 時々ボソッとロシア語でデレる隣のアーリャさん11 .epub
時々ボソッとロシア語でデレる隣のアーリャさん8,燦々SUN,2025-11-09, 時々ボソッとロシア語でデレる隣のアーリャさん8 .epub
最強お嬢様＆メイド完全敗北 火神有栖と氷雨凜のＷ屈辱,いかぽん,2025-07-30, 最強お嬢様メイド完全敗北　火神有栖と氷雨凜のＷ屈辱 .epub
有名VTuberの兄だけど、何故か俺が有名になっていた ＃1 妹が配信を切り忘れた,茨木野,2025-10-25, 有名VTuberの兄だけど何故か俺が有名になっていた　1　妹が配信を切り忘れた .epub
有名ＶＴｕｂｅｒの兄だけど、何故か俺が有名になっていた ＃２ 妹と案件をやってみた,茨木野,2025-10-25, 有名ＶＴｕｂｅｒの兄だけど何故か俺が有名になっていた ２ 妹と案件をやってみた .epub
朝っぱらからクラスの女子が全員はげしく発情中 どうやら目当ては俺一人らしい えちかわ文庫,忍池 砂一,2025-07-26, 朝っぱらからクラスの女子が全員はげしく発情中 どうやら目当ては俺一人らしい えちかわ文庫 .epub
未遂同盟【電子特典付き】,海冬　レイジ,2025-09-25, 未遂同盟電子特典付き .epub
格付けされる世界で生きていく 第六部 転がり、堕ちる,樹の棒,2025-07-30, 格付けされる世界で生きていく 第六部 転がり堕ちる .epub
格付けされる世界で生きていく 第一部 起きたら、そこは異なる世界,樹の棒,2025-06-03, 格付けされる世界で生きていく　第一部　起きたらそこは異なる世界 .epub
格付けされる世界で生きていく 第一部 起きたら、そこは異なる世界,樹の棒,2025-07-30, 格付けされる世界で生きていく　第一部　起きたらそこは異なる世界  1.epub
格付けされる世界で生きていく 第三部 承るのは、誰の声,樹の棒,2025-07-30, 格付けされる世界で生きていく　第三部　承るのは誰の声 .epub
格付けされる世界で生きていく 第二部 誰の想いで、何が起きる,樹の棒,2025-07-30, 格付けされる世界で生きていく　第二部　誰の想いで何が起きる .epub
格付けされる世界で生きていく 第五部 転んで、塞いで、泣いて、笑って,樹の棒,2025-07-30, 格付けされる世界で生きていく　第五部　転んで塞いで泣いて笑って .epub
格付けされる世界で生きていく 第四部 承るのは、心の声,樹の棒,2025-07-30, 格付けされる世界で生きていく　第四部　承るのは心の声 .epub
極めて健全な美少女レベルアップ【電子特別版】 (角川スニーカー文庫),佐伯 凪,2026-04-09, 極めて健全な美少女レベルアップ電子特別版 角川スニーカー文庫 .epub
橘さん家ノ男性事情,上原りょう,2025-07-30, 橘さん家ノ男性事情 .epub
欲望特急 スレイブパーサー搾精捜査,冬野ひつじ,2025-11-09, 欲望特急　スレイブパーサー搾精捜査 .epub
死亡エンドを回避したギャルゲーのヒロインたちが俺の【日記帳】を読んで秘密を知ったらしい【電子ＳＳ特典付き】,addict,2025-09-17, 死亡エンドを回避したギャルゲーのヒロインたちが俺の日記帳を読んで秘密を知ったらしい電子ＳＳ特典付き .epub
死亡エンドを回避したギャルゲーのヒロインたちが俺の【日記帳】を読んで秘密を知ったらしい２【電子ＳＳ特典付き】 (GA文庫),addict,2026-04-15, 死亡エンドを回避したギャルゲーのヒロインたちが俺の日記帳を読んで秘密を知ったらしい２電子ＳＳ特典付き GA文庫 .epub
死亡遊戯で飯を食う。８【電子特典付き】,鵜飼有志/ねこめたる,2026-01-08, 死亡遊戯で飯を食う８電子特典付き .epub
死神さん、やさしく殺してキスをして (電撃文庫),松山 剛,2025-11-08, 死神さんやさしく殺してキスをして 電撃文庫 .epub
殺されて当然と少女は言った。【電子特典付き】,空洞　ユキ,2025-11-25, 殺されて当然と少女は言った電子特典付き .epub
水泳女子、絶対零奴,舞条弦,2025-11-09, 水泳女子絶対零奴 .epub
水泳部のエース、廃部を防ぐため幼馴染みの性玩具に,宇佐見翔,2025-07-30, 水泳部のエース廃部を防ぐため幼馴染みの性玩具に .epub
汝、暗君を愛せよ2【電子特典付き】,本条謙太郎,2026-01-04, 汝暗君を愛せよ2電子特典付き .epub
没落お嬢様は言いなりメイド!?,巽 飛呂彦,2025-06-17, 没落お嬢様は言いなりメイド .epub
洋館の母娘 蜜肌のＷ報酬,天草白,2025-08-20, 洋館の母娘　蜜肌のＷ報酬 .epub
海とお嬢様と 黒髪清楚な美少女に「お姉ちゃんを孕ませて」とお願いされて,ＸＰＪｂｏｘ,2025-07-01, 海とお嬢様と　黒髪清楚な美少女にお姉ちゃんを孕ませてとお願いされて .epub
海の上に咲いた月下美人,懺悔,2025-08-20, 海の上に咲いた月下美人 .epub
淫ら仇花、咲き堕ちて,TASK,2025-11-09, 淫ら仇花咲き堕ちて .epub
淫堕の姫騎士ジャンヌ,筑摩十幸,2025-08-05, 淫堕の姫騎士ジャンヌ .epub
淫堕の姫騎士ジャンヌ2,筑摩十幸,2025-08-05, 淫堕の姫騎士ジャンヌ2 .epub
淫獄の姫騎士姉妹 ～オークの家畜苗床～「特別増量版」,布施はるか,2025-08-05, 淫獄の姫騎士姉妹　～オークの家畜苗床～特別増量版 .epub
淫虜姫 囚われのエルフ (二次元ぷち文庫),斐芝嘉和,2025-08-05, 淫虜姫 囚われのエルフ 二次元ぷち文庫 .epub
清楚な同級生を想いながらも彼女の悪友の肉体にドハマりする話,間宮キヨヒロ,2026-02-09, 清楚な同級生を想いながらも彼女の悪友の肉体にドハマりする話 .epub
清楚な彼女が先輩の性奴隷になるまで【転落編】,舞条弦,2026-02-06, 清楚な彼女が先輩の性奴隷になるまで転落編 .epub
清楚エロエロ姉を策謀家マゾ妹と一緒に堕とすガチ恋調教バージンロード,サトウマスミ,2025-06-03, 清楚エロエロ姉を策謀家マゾ妹と一緒に堕とすガチ恋調教バージンロード .epub
灰原くんの強くて青春ニューゲーム 10,雨宮和希,2026-04-09, 灰原くんの強くて青春ニューゲーム 10 .epub
灰原くんの強くて青春ニューゲーム 9,雨宮和希,2025-07-01, 灰原くんの強くて青春ニューゲーム 9 .epub
炒飯大脱獄,えるぼー,2025-08-20, 炒飯大脱獄 .epub
無職からの成り上がり！ ニートになった俺、特殊スキルを獲得して異世界と日本でハーレム完成!? 1 (オシリス文庫),ネコミコズッキーニ,2025-08-20, 無職からの成り上がり　ニートになった俺特殊スキルを獲得して異世界と日本でハーレム完成 1 オシリス文庫 .epub
無職からの成り上がり！ ニートになった俺、特殊スキルを獲得して異世界と日本でハーレム完成!? 2 (オシリス文庫),ネコミコズッキーニ,2025-08-20, 無職からの成り上がり　ニートになった俺特殊スキルを獲得して異世界と日本でハーレム完成 2 オシリス文庫 .epub
無職からの成り上がり！ ニートになった俺、特殊スキルを獲得して異世界と日本でハーレム完成!? 3 (オシリス文庫),ネコミコズッキーニ,2025-08-20, 無職からの成り上がり　ニートになった俺特殊スキルを獲得して異世界と日本でハーレム完成 3 オシリス文庫 .epub
無花果様の、仰せの通りに,夏桜,2025-11-09, 無花果様の仰せの通りに .epub
無限淫獄の魔法少女 (二次元ドリームノベルズ),どぅーゆーうぉんとぅー,2026-02-06, 無限淫獄の魔法少女 二次元ドリームノベルズ .epub
片想いしている義妹をオカズにしながら、幼馴染の中に出した,甘味南瓜,2026-02-09, 片想いしている義妹をオカズにしながら幼馴染の中に出した .epub
牝奴隷飼育学園 (リアルドリーム文庫),筆祭競介,2025-08-05, 牝奴隷飼育学園 リアルドリーム文庫 .epub
牝豹教師、奴隷覚醒,舞条弦,2025-11-09, 牝豹教師奴隷覚醒 .epub
牝豹陥落 闘う女教師と六匹の青狼,草飼晃,2025-11-30, 牝豹陥落　闘う女教師と六匹の青狼 .epub
物語の黒幕に転生して ～進化する魔剣とゲーム知識ですべてをねじ伏せる～,結城 涼,2025-07-19, 物語の黒幕に転生して　～進化する魔剣とゲーム知識ですべてをねじ伏せる～ .epub
物語の黒幕に転生して２ ～進化する魔剣とゲーム知識ですべてをねじ伏せる～【電子特別版】,結城 涼,2025-07-19, 物語の黒幕に転生して２　～進化する魔剣とゲーム知識ですべてをねじ伏せる～電子特別版 .epub
物語の黒幕に転生して３ ～進化する魔剣とゲーム知識ですべてをねじ伏せる～【電子特別版】,結城 涼,2025-07-19, 物語の黒幕に転生して３　～進化する魔剣とゲーム知識ですべてをねじ伏せる～電子特別版 .epub
物語の黒幕に転生して４ ～進化する魔剣とゲーム知識ですべてをねじ伏せる～【電子特別版】,結城　涼,2025-07-19, 物語の黒幕に転生して４　～進化する魔剣とゲーム知識ですべてをねじ伏せる～電子特別版 .epub
物語の黒幕に転生して５ ～進化する魔剣とゲーム知識ですべてをねじ伏せる～【電子特別版】 (電撃の新文芸),結城 涼,2025-07-19, 物語の黒幕に転生して５ ～進化する魔剣とゲーム知識ですべてをねじ伏せる～電子特別版 電撃の新文芸 .epub
物語の黒幕に転生して６ ～進化する魔剣とゲーム知識ですべてをねじ伏せる～【電子特別版】,結城　涼,2025-07-19, 物語の黒幕に転生して６　～進化する魔剣とゲーム知識ですべてをねじ伏せる～電子特別版 .epub
王子に押しつけられた妻が巨乳の悪役令嬢だった,さささのよし,2025-07-30, 王子に押しつけられた妻が巨乳の悪役令嬢だった .epub
現代人に女エルフ騎士が捕まって孕まされた末路,栗栖,2025-08-05, 現代人に女エルフ騎士が捕まって孕まされた末路 .epub
生意気で神絵師の幼なじみが、俺に逆らえなくなってきている,二宮　酒匂,2026-04-09, 生意気で神絵師の幼なじみが俺に逆らえなくなってきている .epub
生意気な妹が清楚ビッチな友達を連れて来た 土曜は二人がかりで大奉仕!?,八束頼,2025-07-30, 生意気な妹が清楚ビッチな友達を連れて来た　土曜は二人がかりで大奉仕 .epub
生意気な妹が清楚ビッチな友達を連れて来た 月曜はデレ茉莉と、火曜はエロ美希と初体験,八束頼,2025-07-30, 生意気な妹が清楚ビッチな友達を連れて来た　月曜はデレ茉莉と火曜はエロ美希と初体験 .epub
生意気な妹が清楚ビッチな友達を連れて来た 毎週土曜はお兄ちゃんハーレム日！,八束頼,2025-07-30, 生意気な妹が清楚ビッチな友達を連れて来た　毎週土曜はお兄ちゃんハーレム日 .epub
生真面目軍人と清楚姫をデカチンで征服！巨乳孕ませオナホにして下品に媚び尽くさせる！,有巻洋太,2025-12-23, 生真面目軍人と清楚姫をデカチンで征服巨乳孕ませオナホにして下品に媚び尽くさせる .epub
男女の友情は成立する？（いや、しないっ!!） Flag 11. じゃあ、アタシと一緒にいられなくなっても信じ続けてくれる？ (電撃文庫),七菜 なな,2025-11-24, 男女の友情は成立するいやしないっ Flag 11 じゃあアタシと一緒にいられなくなっても信じ続けてくれる 電撃文庫 .epub
男女の友情は成立する？（いや、しないっ!!） Side 2. 夏目咲良の青春疑似録,七菜なな/Parum,2025-11-24, 男女の友情は成立するいやしないっ Side 2 夏目咲良の青春疑似録 .epub
男女比1：5の世界でも普通に生きられると思った？(2) ～激重感情な彼女たちが無自覚男子に翻弄されたら～,三藤　孝太郎,2025-06-25, 男女比15の世界でも普通に生きられると思った2　～激重感情な彼女たちが無自覚男子に翻弄されたら～ .epub
男女比1：5の世界でも普通に生きられると思った？(3) ～激重感情な彼女たちが無自覚男子に翻弄されたら～【電子特典付き】,三藤　孝太郎,2025-06-25, 男女比15の世界でも普通に生きられると思った3　～激重感情な彼女たちが無自覚男子に翻弄されたら～電子特典付き .epub
男女比1：5の世界でも普通に生きられると思った？(4) ～激重感情な彼女たちが無自覚男子に翻弄されたら～,三藤　孝太郎,2025-06-25, 男女比15の世界でも普通に生きられると思った4　～激重感情な彼女たちが無自覚男子に翻弄されたら～ .epub
男女比1：5の世界でも普通に生きられると思った？ ～激重感情な彼女たちが無自覚男子に翻弄されたら～,三藤　孝太郎,2025-06-25, 男女比15の世界でも普通に生きられると思った　～激重感情な彼女たちが無自覚男子に翻弄されたら～ .epub
男嫌いでツンデレな義妹と少子化対策の子作りアプリで相性100％!! ～中出ししてほしいなんて頼んでないんだからねっ！～,亜衣まい,2025-08-10, 男嫌いでツンデレな義妹と少子化対策の子作りアプリで相性100 ～中出ししてほしいなんて頼んでないんだからねっ～ .epub
男子禁制ゲーム世界で俺がやるべき唯一のこと９ 百合の間に挟まる男として転生してしまいました【電子特典付き】,端桜　了,2025-12-25, 男子禁制ゲーム世界で俺がやるべき唯一のこと９　百合の間に挟まる男として転生してしまいました電子特典付き .epub
男性が管理される社会を「ディストピア」と呼ぶのなら,あかつき茜,2025-12-23, 男性が管理される社会をディストピアと呼ぶのなら .epub
異能アピールしないほうがカワイイ彼女たち２,榛名　千紘,2025-12-23, 異能アピールしないほうがカワイイ彼女たち２ .epub
異能バトルは日常系のなかで１２,望 公太,2025-08-11, 異能バトルは日常系のなかで１２ .epub
疎遠になっていた幼馴染（彼氏あり）をセフレにしてみた【佐倉舞編】 (フランス書院eブックス),水鏡,2025-06-24, 疎遠になっていた幼馴染彼氏ありをセフレにしてみた佐倉舞編 フランス書院eブックス .epub
疎遠になっていた幼馴染（彼氏あり）をセフレにしてみた【佐倉花恋＆九条水紀編】 (フランス書院eブックス),水鏡,2025-06-24, 疎遠になっていた幼馴染彼氏ありをセフレにしてみた佐倉花恋九条水紀編 フランス書院eブックス .epub
疎遠になっていた幼馴染（彼氏あり）をセフレにしてみた【北見先生＆林先生編】 (フランス書院eブックス),水鏡,2025-06-24, 疎遠になっていた幼馴染彼氏ありをセフレにしてみた北見先生林先生編 フランス書院eブックス .epub
疎遠になっていた幼馴染（彼氏あり）をセフレにしてみた【善野母娘＆鷹島母娘編】 (フランス書院eブックス),水鏡,2025-06-24, 疎遠になっていた幼馴染彼氏ありをセフレにしてみた善野母娘鷹島母娘編 フランス書院eブックス .epub
疎遠になっていた幼馴染（彼氏あり）をセフレにしてみた【新条姉妹編】 (フランス書院eブックス),水鏡,2025-06-24, 疎遠になっていた幼馴染彼氏ありをセフレにしてみた新条姉妹編 フランス書院eブックス .epub
疎遠になっていた幼馴染（彼氏あり）をセフレにしてみた【来杉絢＆宝来春歌＆善野聡子編】 (フランス書院eブックス),水鏡,2025-06-24, 疎遠になっていた幼馴染彼氏ありをセフレにしてみた来杉絢宝来春歌善野聡子編 フランス書院eブックス .epub
疎遠になっていた幼馴染（彼氏あり）をセフレにしてみた【椎名美歩編】 (フランス書院eブックス),水鏡,2025-06-24, 疎遠になっていた幼馴染彼氏ありをセフレにしてみた椎名美歩編 フランス書院eブックス .epub
疎遠になっていた幼馴染（彼氏あり）をセフレにしてみた【鷹島網＆善野優子編】 (フランス書院eブックス),水鏡,2025-06-24, 疎遠になっていた幼馴染彼氏ありをセフレにしてみた鷹島網善野優子編 フランス書院eブックス .epub
疎遠になっていた幼馴染（彼氏あり）をセフレにしてみた【鷹島藍編】 (フランス書院eブックス),水鏡,2025-06-24, 疎遠になっていた幼馴染彼氏ありをセフレにしてみた鷹島藍編 フランス書院eブックス .epub
白昼夢の青写真_1,緒乃ワサビ,2025-11-30, 白昼夢の青写真_1 .epub
監禁恋愛 俺を嫌いな女子バスケ部のエースを監禁して、デレデレ彼女にするまでの一部始終 (フランス書院eブックス),マサイ,2025-11-08, 監禁恋愛 俺を嫌いな女子バスケ部のエースを監禁してデレデレ彼女にするまでの一部始終 フランス書院eブックス .epub
破滅願望が叶ったら 恋人を奪われて (フランス書院eブックスNTR),肥前 文俊,2025-08-05, 破滅願望が叶ったら 恋人を奪われて フランス書院eブックスNTR .epub
私、メイドなのにお嬢様より好きなんですか!?,鏡 遊,2025-07-02, 私メイドなのにお嬢様より好きなんですか .epub
第七王子、政略結婚しまくってたらハーレムできました！,赤川ミカミ,2025-07-26, 第七王子政略結婚しまくってたらハーレムできました .epub
筆狩師エリナ 奴隷人形の学園,筑摩十幸,2025-08-05, 筆狩師エリナ　奴隷人形の学園 .epub
精霊騎士アクエアルⅡ 穢されし聖涙,酒井仁,2025-08-05, 精霊騎士アクエアルⅡ　穢されし聖涙 .epub
精霊騎士アクエアル 隷属の花嫁,酒井仁,2025-08-05, 精霊騎士アクエアル　隷属の花嫁 .epub
精霊騎士アクエアル外伝 裏切りの騎士,酒井仁,2025-08-05, 精霊騎士アクエアル外伝　裏切りの騎士 .epub
純情なサキュバスだっているんです！,雨野 智晴,2025-07-26, 純情なサキュバスだっているんです .epub
純情ギャルはカノジョじゃないのに【電子特別版】,水卜　みう,2025-11-24, 純情ギャルはカノジョじゃないのに電子特別版 .epub
純情可憐な清瀬さんは濃厚セックスにハマってる 〜俺が教えてからすっかりエッチになりました〜,愛内なの,2025-12-23, 純情可憐な清瀬さんは濃厚セックスにハマってる 俺が教えてからすっかりエッチになりました .epub
絶頂カウンター 女子のイッた回数が見えたら妄想が現実に,日立かぐ市,2025-07-04, 絶頂カウンター　女子のイッた回数が見えたら妄想が現実に .epub
絶頂カウンター２ 女子のイッた回数が見えたら妄想が現実に (フランス書院eブックス),日立 かぐ市,2025-07-04, 絶頂カウンター２ 女子のイッた回数が見えたら妄想が現実に フランス書院eブックス .epub
絶頂カウンター３ 女子のイッた回数が見えたら妄想が現実に,日立かぐ市,2025-07-04, 絶頂カウンター３　女子のイッた回数が見えたら妄想が現実に .epub
続・二ノ宮さんは三千円,懺悔,2025-12-23, 続二ノ宮さんは三千円 .epub
綾姉～奪われた幼馴染～,酒井仁,2025-08-05, 綾姉～奪われた幼馴染～ .epub
纯爱X凌辱情结,銀三〇（ゆだ）,2025-07-26, 纯爱X凌辱情结 .epub
美しき副官の献身 『ハッ！ 隊長殿のご命令ならば！』_amazon版 (二次元ぷち文庫),筆祭競介,2025-08-05, 美しき副官の献身 ハッ 隊長殿のご命令ならば_amazon版 二次元ぷち文庫 .epub
美少女とパコパコ三昧するだけで生きていける素晴らしき貞操逆転世界,羞恥好き,2025-07-30, 美少女とパコパコ三昧するだけで生きていける素晴らしき貞操逆転世界 .epub
美少女とパコパコ三昧するだけで生きていける素晴らしき貞操逆転世界【最高のヒモ生活】,羞恥好き,2025-07-30, 美少女とパコパコ三昧するだけで生きていける素晴らしき貞操逆転世界最高のヒモ生活 .epub
美少女とパコパコ三昧するだけで生きていける素晴らしき貞操逆転世界【銀髪ボクっ娘との爛れた恋愛事情】,羞恥好き,2025-07-30, 美少女とパコパコ三昧するだけで生きていける素晴らしき貞操逆転世界銀髪ボクっ娘との爛れた恋愛事情 .epub
美醜逆転世界で軍人貴族のヤンデレ美少女たちにドロドロに愛されている,じょぶおんりー,2025-05-28, 美醜逆転世界で軍人貴族のヤンデレ美少女たちにドロドロに愛されている .epub
美醜逆転世界で軍人貴族のヤンデレ美少女たちにドロドロに愛されている２,じょぶおんりー,2025-05-28, 美醜逆転世界で軍人貴族のヤンデレ美少女たちにドロドロに愛されている２ .epub
美龍艶笑譚 ver1,ブラック木蓮,2025-08-05, 美龍艶笑譚 ver1 .epub
義妹の悪役令嬢とうっかりセックスしてしまったのだが、これってどうなるんだろう？,さささのよし,2025-07-30, 義妹の悪役令嬢とうっかりセックスしてしまったのだがこれってどうなるんだろう .epub
義妹５人いる（２） (電撃文庫),榛名丼,2025-11-08, 義妹５人いる２ 電撃文庫 .epub
義父に堕とされる夜～妊活中なのに夫以外の子種を中出しされて～,亜衣まい,2025-11-09, 義父に堕とされる夜～妊活中なのに夫以外の子種を中出しされて～ .epub
翠桜皇国の仙術使い【学園魔獣編】１ 任務成功のご褒美は種付けエッチって本当ですか？,ネコミコズッキーニ,2025-08-20, 翠桜皇国の仙術使い学園魔獣編１　任務成功のご褒美は種付けエッチって本当ですか .epub
翠桜皇国の仙術使い【学園魔獣編】２ つかの間の有給休暇だから種付けハーレムでいいですか？,ネコミコズッキーニ,2025-08-20, 翠桜皇国の仙術使い学園魔獣編２　つかの間の有給休暇だから種付けハーレムでいいですか .epub
翠桜皇国の仙術使い【学園魔獣編】３ 波乱の術士対抗戦、ご褒美が淫らな夜って本当ですか？,ネコミコズッキーニ,2025-08-20, 翠桜皇国の仙術使い学園魔獣編３　波乱の術士対抗戦ご褒美が淫らな夜って本当ですか .epub
翠桜皇国の仙術使い【学園魔獣編】４ お嬢様部隊と最高のハーレムエッチを永遠に続けていいですか？,ネコミコズッキーニ,2025-08-20, 翠桜皇国の仙術使い学園魔獣編４　お嬢様部隊と最高のハーレムエッチを永遠に続けていいですか .epub
翠桜皇国の仙術使い１ エリートお嬢様部隊全員に種付けできるって本当ですか？,ネコミコズッキーニ,2025-08-20, 翠桜皇国の仙術使い１　エリートお嬢様部隊全員に種付けできるって本当ですか .epub
翠桜皇国の仙術使い２ お嬢様部隊全員種付けハーレムが完成したって本当ですか？,ネコミコズッキーニ,2025-08-20, 翠桜皇国の仙術使い２　お嬢様部隊全員種付けハーレムが完成したって本当ですか .epub
翠桜皇国の仙術使い３ 皇女参戦なうえ種付けハーレム旅行に出発なんて本当ですか？,ネコミコズッキーニ,2025-08-20, 翠桜皇国の仙術使い３　皇女参戦なうえ種付けハーレム旅行に出発なんて本当ですか .epub
翠桜皇国の仙術使い４ 五人のお嬢様全員と本気で子作りエッチしてもいいですか？,ネコミコズッキーニ,2025-08-20, 翠桜皇国の仙術使い４　五人のお嬢様全員と本気で子作りエッチしてもいいですか .epub
翠桜皇国の仙術使い５ 一週間限定の種付けハーレム旅行を延長しちゃいけませんか？,ネコミコズッキーニ,2025-08-20, 翠桜皇国の仙術使い５　一週間限定の種付けハーレム旅行を延長しちゃいけませんか .epub
聖光剣姫スターティア 女幹部にふたなり調教される変身ヒロイン,あろまーら,2025-08-05, 聖光剣姫スターティア　女幹部にふたなり調教される変身ヒロイン .epub
聖女と暴食,三雲 岳斗,2025-12-25, 聖女と暴食 .epub
聖女の論理、探偵の原罪 (ハヤカワ文庫JA),紺野 天龍,2025-11-21, 聖女の論理探偵の原罪 ハヤカワ文庫JA .epub
聖奴隷学園２「特別増量版」,布施はるか,2025-08-05, 聖奴隷学園２特別増量版 .epub
聖娼女-性奴育成学園- (ぷちぱら文庫),Ｆｒｉｌｌ,2025-08-05, 聖娼女-性奴育成学園- ぷちぱら文庫 .epub
育精,男爵平野,2025-08-05, 育精 .epub
背徳の母娘丼～淫欲に沈むママといもうと～ アドベンチャーゲームブック (UNREAL PUBLISHING),ＵＮＲＥＡＬＰＵＢＬＩＳＨＩＮＧ,2025-08-20, 背徳の母娘丼～淫欲に沈むママといもうと～ アドベンチャーゲームブック UNREAL PUBLISHING .epub
自分大好き梅園くんと、その信者ちゃん。,寿司サンダー,2026-02-26, 自分大好き梅園くんとその信者ちゃん .epub
艶母散華 息子の友人に犯されて,空蝉,2025-08-20, 艶母散華　息子の友人に犯されて .epub
花嫁を略奪された俺は、ただ平穏に暮らしたい。【電子特別版】,浜辺　ばとる,2025-11-27, 花嫁を略奪された俺はただ平穏に暮らしたい電子特別版 .epub
花嫁を略奪された俺は、ただ平穏に暮らしたい。２【電子特別版】,浜辺　ばとる,2025-11-27, 花嫁を略奪された俺はただ平穏に暮らしたい２電子特別版 .epub
花嫁再調教《ＮＴＲ》 寝取られ托卵貞淑妻じゃダメですか？,こばやJ,2025-08-05, 花嫁再調教ＮＴＲ 寝取られ托卵貞淑妻じゃダメですか .epub
若妻の秘蜜 堕ちゆく美沙子の爛れた日々 (リアルドリーム文庫),斐芝嘉和,2025-08-05, 若妻の秘蜜 堕ちゆく美沙子の爛れた日々 リアルドリーム文庫 .epub
虜ノ絆 ～奪われた学園に響く処女の喘ぎ～,利波創造,2025-10-25, 虜ノ絆 ～奪われた学園に響く処女の喘ぎ～ .epub
虜囚の女ヒーロー～怪人たちとの闇の狂宴～「特別増量版」,須々木鮎尾,2025-08-05, 虜囚の女ヒーロー～怪人たちとの闇の狂宴～特別増量版 .epub
血の繋がらない私たちが家族になるたった一つの方法,雲雀湯,2026-02-10, 血の繋がらない私たちが家族になるたった一つの方法 .epub
裏切られたSランク冒険者の俺は、愛する奴隷の彼女らと共に奴隷だけのハーレムギルドを作る (ダッシュエックス文庫DIGITAL),ナイロン,2025-05-19, 裏切られたSランク冒険者の俺は愛する奴隷の彼女らと共に奴隷だけのハーレムギルドを作る ダッシュエックス文庫DIGITAL .epub
裏切られたSランク冒険者の俺は、愛する奴隷の彼女らと共に奴隷だけのハーレムギルドを作る 2 (ダッシュエックス文庫DIGITAL),ナイロン,2025-05-19, 裏切られたSランク冒険者の俺は愛する奴隷の彼女らと共に奴隷だけのハーレムギルドを作る 2 ダッシュエックス文庫DIGITAL .epub
裏切られたSランク冒険者の俺は、愛する奴隷の彼女らと共に奴隷だけのハーレムギルドを作る 3 (ダッシュエックス文庫DIGITAL),ナイロン,2025-05-19, 裏切られたSランク冒険者の俺は愛する奴隷の彼女らと共に奴隷だけのハーレムギルドを作る 3 ダッシュエックス文庫DIGITAL .epub
裏切られたSランク冒険者の俺は、愛する奴隷の彼女らと共に奴隷だけのハーレムギルドを作る 4 (ダッシュエックス文庫DIGITAL),ナイロン,2025-05-19, 裏切られたSランク冒険者の俺は愛する奴隷の彼女らと共に奴隷だけのハーレムギルドを作る 4 ダッシュエックス文庫DIGITAL .epub
裏教師 〜背徳の淫悦授業〜 詩音編,蝦沼ミナミ,2025-08-05, 裏教師 背徳の淫悦授業 詩音編 .epub
裏教師～背徳の淫悦授業～,酒巻雨竜,2025-08-05, 裏教師～背徳の淫悦授業～ .epub
親の遺した借金で人生詰んだ→学園一の美少女令嬢に買われました。,,2025-08-05, 親の遺した借金で人生詰んだ→学園一の美少女令嬢に買われました .epub
親友が放置してる彼女を奪うことにした。～ずっと好きだったあの子とＮＴＲ種付けセックス～ (フランス書院eブックス),abel,2025-10-25, 親友が放置してる彼女を奪うことにした～ずっと好きだったあの子とＮＴＲ種付けセックス～ フランス書院eブックス .epub
親友が放置してる彼女を奪うことにした。～付き合い始めた彼女と夏の濃厚イチャラブ旅行～,abel,2025-10-25, 親友が放置してる彼女を奪うことにした～付き合い始めた彼女と夏の濃厚イチャラブ旅行～ .epub
記憶喪失になった俺だけど、学年一の美少女と赤ちゃんを作る約束をしていたらしい,孕間せん,2025-12-23, 記憶喪失になった俺だけど学年一の美少女と赤ちゃんを作る約束をしていたらしい .epub
誰が勇者を殺したか 預言の章 【電子特別版】 (角川スニーカー文庫),駄犬,2025-05-19, 誰が勇者を殺したか 預言の章 電子特別版 角川スニーカー文庫 .epub
誰が勇者を殺したか【電子特別版】 (角川スニーカー文庫),駄犬,2025-05-19, 誰が勇者を殺したか電子特別版 角川スニーカー文庫 .epub
誰もが羨む隣のクール美少女、実は脳内ピンクすぎる (富士見ファンタジア文庫),オーミヤビ,2025-08-20, 誰もが羨む隣のクール美少女実は脳内ピンクすぎる 富士見ファンタジア文庫 .epub
調教恋愛 完全版,わかつきひかる,2025-10-04, 調教恋愛　完全版 .epub
貴族令嬢。俺にだけなつく６,夏乃実,2025-12-23, 貴族令嬢俺にだけなつく６ .epub
路地裏で拾った女の子がバッドエンド後の乙女ゲームのヒロインだった件【電子特別版】,カボチャマスク,2025-11-21, 路地裏で拾った女の子がバッドエンド後の乙女ゲームのヒロインだった件電子特別版 .epub
路地裏で拾った女の子がバッドエンド後の乙女ゲームのヒロインだった件２ 【電子特別版】,カボチャマスク,2025-11-21, 路地裏で拾った女の子がバッドエンド後の乙女ゲームのヒロインだった件２ 電子特別版 .epub
路地裏で拾った女の子がバッドエンド後の乙女ゲームのヒロインだった件３【電子特別版】,カボチャマスク,2025-11-29, 路地裏で拾った女の子がバッドエンド後の乙女ゲームのヒロインだった件３電子特別版 .epub
軍属麗奴ツバキ 淫れ散る三戦華,高岡智空,2025-08-05, 軍属麗奴ツバキ　淫れ散る三戦華 .epub
転生程度で胸の穴は埋まらない,ニテーロン,2025-11-17, 転生程度で胸の穴は埋まらない .epub
転生程度で胸の穴は埋まらない２ (電撃文庫),ニテーロン,2025-11-17, 転生程度で胸の穴は埋まらない２ 電撃文庫 .epub
転生程度で胸の穴は埋まらない３ (電撃文庫),ニテーロン,2025-11-17, 転生程度で胸の穴は埋まらない３ 電撃文庫 .epub
転生程度で胸の穴は埋まらない４,ニテーロン,2026-04-09, 転生程度で胸の穴は埋まらない４ .epub
辺境のむちむち爆乳シスターを催眠でゆっくりとラブラブ孕み袋にして幸せに暮らす話(1),ひよこの子,2025-10-25, 辺境のむちむち爆乳シスターを催眠でゆっくりとラブラブ孕み袋にして幸せに暮らす話1 .epub
辺境のむちむち爆乳シスターを催眠でゆっくりとラブラブ孕み袋にして幸せに暮らす話(2),ひよこの子,2025-10-25, 辺境のむちむち爆乳シスターを催眠でゆっくりとラブラブ孕み袋にして幸せに暮らす話2 .epub
辺境のむちむち爆乳シスターを催眠でゆっくりとラブラブ孕み袋にして幸せに暮らす話(3),ひよこの子,2025-10-25, 辺境のむちむち爆乳シスターを催眠でゆっくりとラブラブ孕み袋にして幸せに暮らす話3 .epub
辺境貴族に転生した悪役令嬢好きが、婚約破棄される侯爵令嬢の追放先に立候補した結果 (富士見ファンタジア文庫),9bumi,2026-03-06, 辺境貴族に転生した悪役令嬢好きが婚約破棄される侯爵令嬢の追放先に立候補した結果 富士見ファンタジア文庫 .epub
迷い猫に懐かれて、いつの間にか飼い主になっていた。【電子特典付き】 (MF文庫J),涼暮 皐,2025-10-25, 迷い猫に懐かれていつの間にか飼い主になっていた電子特典付き MF文庫J .epub
追放された侯爵令嬢と行く冒険者生活,たけすぃ,2025-10-25, 追放された侯爵令嬢と行く冒険者生活 .epub
退魔教師希彩1.5 那柚の退魔行 (二次元ぷち文庫),天戸祐輝,2025-08-05, 退魔教師希彩15 那柚の退魔行 二次元ぷち文庫 .epub
通学電車で露出彼女に恋したら!?,クレージュ,2025-08-05, 通学電車で露出彼女に恋したら .epub
週に一度クラスメイトを買う話 ～ふたりの時間、言い訳の五千円～,羽田　宇佐,2025-08-20, 週に一度クラスメイトを買う話　～ふたりの時間言い訳の五千円～ .epub
週に一度クラスメイトを買う話２ ～ふたりの時間、言い訳の五千円～,羽田　宇佐,2025-08-20, 週に一度クラスメイトを買う話２　～ふたりの時間言い訳の五千円～ .epub
週に一度クラスメイトを買う話３ ～ふたりの時間、言い訳の五千円～,羽田　宇佐,2025-08-20, 週に一度クラスメイトを買う話３　～ふたりの時間言い訳の五千円～ .epub
週に一度クラスメイトを買う話４ ～ふたりの時間、言い訳の五千円～,羽田 宇佐,2025-08-20, 週に一度クラスメイトを買う話４　～ふたりの時間言い訳の五千円～ .epub
週に一度クラスメイトを買う話５ ～ふたりの秘密は一つ屋根の下～,羽田　宇佐,2025-08-20, 週に一度クラスメイトを買う話５　～ふたりの秘密は一つ屋根の下～ .epub
週に一度クラスメイトを買う話６ ～ふたりの秘密は一つ屋根の下～,羽田　宇佐,2025-08-20, 週に一度クラスメイトを買う話６　～ふたりの秘密は一つ屋根の下～ .epub
週に一度クラスメイトを買う話８ ～ふたりの秘密は一つ屋根の下～,羽田　宇佐,2025-12-23, 週に一度クラスメイトを買う話８　～ふたりの秘密は一つ屋根の下～ .epub
野球女子、青春崩壊,舞条弦,2025-07-30, 野球女子青春崩壊 .epub
闇堕ちラスボス令嬢の幼馴染に転生した。俺が死んだらバッドエンド確定なので最強になったけど、もう闇堕ち【ヤンデレ化】してませんか？（ブレイブ文庫）１,オーミヤビ,2025-10-29, 闇堕ちラスボス令嬢の幼馴染に転生した俺が死んだらバッドエンド確定なので最強になったけどもう闇堕ちヤンデレ化してませんかブレイブ文庫１ .epub
闇堕ちラスボス令嬢の幼馴染に転生した。俺が死んだらバッドエンド確定なので最強になったけど、もう闇堕ち【ヤンデレ化】してませんか？（ブレイブ文庫）２,オーミヤビ,2025-10-29, 闇堕ちラスボス令嬢の幼馴染に転生した俺が死んだらバッドエンド確定なので最強になったけどもう闇堕ちヤンデレ化してませんかブレイブ文庫２ .epub
闇夜の王～異世界物語は傍若無人に～(オルギスノベル)1,ＲＩＰ,2025-07-26, 闇夜の王～異世界物語は傍若無人に～オルギスノベル1 .epub
陰の実力者になりたくて！ ０７,逢沢 大介,2026-04-09, 陰の実力者になりたくて ０７ .epub
陰キャだった俺の青春リベンジ７ 天使すぎるあの娘と歩むReライフ【電子特別版】,慶野　由志,2025-11-24, 陰キャだった俺の青春リベンジ７　天使すぎるあの娘と歩むReライフ電子特別版 .epub
陸上女子、疾走無惨,舞条 弦,2025-11-09, 陸上女子疾走無惨 .epub
陸上女子、裏奴隷部 (フランス書院eブックス),鷹羽 シン,2025-08-05, 陸上女子裏奴隷部 フランス書院eブックス .epub
陸上部の姪っ子に体力づくりのために××××をオススメした結果 ～汗だくで搾り取られる幸福な毎日～,亜衣まい,2025-10-25, 陸上部の姪っ子に体力づくりのために××××をオススメした結果　～汗だくで搾り取られる幸福な毎日～ .epub
隷嬢管理棟 ～制服少女たちのさらなる搾乳隷属記～「特別増量版」,黒瀧糸由,2025-08-05, 隷嬢管理棟　～制服少女たちのさらなる搾乳隷属記～特別増量版 .epub
隷嬢管理棟 ～制服少女たちのさらなる搾乳隷属記～「特別増量版」,黒瀧糸由,2025-08-05, 隷嬢管理棟　～制服少女たちのさらなる搾乳隷属記～特別増量版  1.epub
隷嬢管理棟～制服少女たちの搾乳隷属記～「特別増量版」,黒瀧糸由,2025-08-05, 隷嬢管理棟～制服少女たちの搾乳隷属記～特別増量版 .epub
隷嬢管理棟～制服少女たちの搾乳隷属記～「特別増量版」,黒瀧糸由,2025-08-05, 隷嬢管理棟～制服少女たちの搾乳隷属記～特別増量版  1.epub
隷属娼艦アルタイル ～女性将官は恥辱に沈む～,有機企画,2025-08-05, 隷属娼艦アルタイル ～女性将官は恥辱に沈む～ .epub
青い光 催眠魔術で女の子たちを美味しく頂く日々,けてる,2025-07-30, 青い光　催眠魔術で女の子たちを美味しく頂く日々 .epub
青い光２ 清楚ビッチなアイドルに催眠の祝福を,けてる,2025-07-30, 青い光２　清楚ビッチなアイドルに催眠の祝福を .epub
青い光３ 水着美女に孕ませの福音を,けてる,2025-07-30, 青い光３　水着美女に孕ませの福音を .epub
青い光４ ブロンドＯＬに催眠オフィスの洗礼を,けてる,2025-07-30, 青い光４　ブロンドＯＬに催眠オフィスの洗礼を .epub
青春ブタ野郎はガールフレンドの夢を見ない,鴨志田 一,2025-05-23, 青春ブタ野郎はガールフレンドの夢を見ない .epub
青春ブタ野郎はディアフレンドの夢を見ない,鴨志田 一,2025-05-23, 青春ブタ野郎はディアフレンドの夢を見ない .epub
顔の良すぎる幼馴染と、気づいたら朝チュンしてた件,星光　音音,2026-03-06, 顔の良すぎる幼馴染と気づいたら朝チュンしてた件 .epub
風紀委員長高崎レオナ催眠調教 ～催眠なんてかかるわけないじゃない～,黒井鶫,2025-11-03, 風紀委員長高崎レオナ催眠調教　～催眠なんてかかるわけないじゃない～ .epub
駅徒歩7分1DK。JD、JK付き。 1 (オーバーラップ文庫),書店ゾンビ,2025-12-23, 駅徒歩7分1DKJDJK付き 1 オーバーラップ文庫 .epub
駅徒歩7分1DK。JD、JK付き。 2,書店ゾンビ,2025-12-23, 駅徒歩7分1DKJDJK付き 2 .epub
魔を祓う神巫 宮藤京香の寝取られ退魔帖,ぽいぽい,2025-08-05, 魔を祓う神巫　宮藤京香の寝取られ退魔帖 .epub
魔剣士リーネ 許嫁と女騎士が寝取られる刻,空蝉,2025-11-03, 魔剣士リーネ 許嫁と女騎士が寝取られる刻 .epub
魔剣士リーネ2 乙女穢されし戦場 第3巻,酒井仁,2025-08-05, 魔剣士リーネ2 乙女穢されし戦場 第3巻 .epub
魔剣士リーネ 二人の姫が孕みし刻,まくらカバーソフト,2025-11-03, 魔剣士リーネ　二人の姫が孕みし刻 .epub
魔剣士リーネ２ 第１巻 乙女穢されし戦場,酒井仁,2025-08-05, 魔剣士リーネ２ 第１巻 乙女穢されし戦場 .epub
魔剣士リーネ２ 第２巻 乙女穢されし戦場,酒井仁,2025-08-05, 魔剣士リーネ２　第２巻　乙女穢されし戦場 .epub
魔女と傭兵,超法規的かえる,2025-06-24, 魔女と傭兵 .epub
魔女と傭兵 2,超法規的かえる,2025-06-24, 魔女と傭兵 2 .epub
魔女と傭兵 3,超法規的かえる,2025-06-24, 魔女と傭兵 3 .epub
魔女と傭兵 4,超法規的かえる,2025-06-24, 魔女と傭兵 4 .epub
魔女と傭兵 5,超法規的かえる,2025-06-24, 魔女と傭兵 5 .epub
魔女と傭兵 6上,超法規的かえる,2025-06-24, 魔女と傭兵 6上 .epub
魔女と傭兵 ６下,超法規的かえる,2025-07-22, 魔女と傭兵 ６下 .epub
魔女と毒殺文芸部 Curse.01 『不死』の魔女は僕に殺されたいようです。【電子特典付き】,最条　真,2025-11-25, 魔女と毒殺文芸部　Curse01　不死の魔女は僕に殺されたいようです電子特典付き .epub
魔法学園の性奴隷 自慢の彼女は魔術サークルの共有オナホ (フランス書院eブックス),アマナ,2025-08-10, 魔法学園の性奴隷 自慢の彼女は魔術サークルの共有オナホ フランス書院eブックス .epub
魔法少女と呼ばないで 前編,懺悔,2025-08-20, 魔法少女と呼ばないで 前編 .epub
魔法少女と呼ばないで 後編,懺悔,2025-08-20, 魔法少女と呼ばないで 後編 .epub
魔法少女ピュアーキッス2 ～私は〇〇のために彼氏のお兄ちゃんに抱かれる～,上田ながの,2025-08-05, 魔法少女ピュアーキッス2　～私は〇〇のために彼氏のお兄ちゃんに抱かれる～ .epub
魔法少女ピュアーキッス ～僕の彼女は平和のためにヤリチン兄貴に抱かれる～,上田ながの,2025-08-05, 魔法少女ピュアーキッス　～僕の彼女は平和のためにヤリチン兄貴に抱かれる～ .epub
魔法少女ミーニャンの純愛,上田ながの,2025-11-03, 魔法少女ミーニャンの純愛 .epub
魔窟の王 淫溺妃オルゴアミーの開発日誌（ノベル） ： 1 (モンスター文庫),ネコミコズッキーニ,2025-08-20, 魔窟の王 淫溺妃オルゴアミーの開発日誌ノベル 1 モンスター文庫 .epub
魔窟の王 淫溺妃オルゴアミーの開発日誌（ノベル） ： 2,ネコミコズッキーニ,2025-10-25, 魔窟の王 淫溺妃オルゴアミーの開発日誌ノベル 2 .epub
鴉双兄妹の怪奇に歪んだ日常【電子特典付き】,鳳乃　一真,2026-02-26, 鴉双兄妹の怪奇に歪んだ日常電子特典付き .epub
黒ギャル子ちゃんとしっぽり温泉旅行～Hしまくり三泊四日の旅～「特別増量版」,瑞守ねおん,2025-12-23, 黒ギャル子ちゃんとしっぽり温泉旅行～Hしまくり三泊四日の旅～特別増量版 .epub
＃02_続・ツッコミ待ちの町野さん,にちょぴん,2025-10-25, 02_続ツッコミ待ちの町野さん .epub
１／ｎのワトソン,塗田一帆,2025-11-20, １ｎのワトソン .epub
２度目の人生はクラスで一番可愛い彼女を抱き潰す,月見ハク,2025-05-28, ２度目の人生はクラスで一番可愛い彼女を抱き潰す .epub
２度目の人生はクラスで一番可愛い彼女を抱き潰す２,月見ハク,2025-05-28, ２度目の人生はクラスで一番可愛い彼女を抱き潰す２ .epub
ハブられルーン使いの異世界冒険譚 3 (GCN文庫),菊池政治,2025-05-19, ハブられルーン使いの異世界冒険譚 3 GCN文庫 .epub
ハブられルーン使いの異世界冒険譚 4 (GCN文庫),菊池政治,2025-05-19, ハブられルーン使いの異世界冒険譚 4 GCN文庫 .epub
２度目の人生はクラスで一番可愛い彼女を抱き潰す３,月見ハク,2025-09-20, ２度目の人生はクラスで一番可愛い彼女を抱き潰す３ .epub
10年に一度の大雨で学校に寝泊まりすることになった結果、彼氏持ちの幼馴染をセフレにしてしまった。,,2025-10-31,10年に一度の大雨で学校に寝泊まりすることになった結果彼氏持ちの幼馴染をセフレにしてしまった.epub
10年に一度の大雪で閉じ込められた結果、彼氏持ちの新卒OLな後輩とセフレ関係になってしまった。,,2025-10-31,10年に一度の大雪で閉じ込められた結果彼氏持ちの新卒OLな後輩とセフレ関係になってしまった.epub
Fate Strange Fake 第一卷,成田良悟,2026-01-15,Fate Strange Fake 第一卷.epub
Fate Strange Fake 第七卷,成田良悟,2026-01-15,Fate Strange Fake 第七卷.epub
Fate Strange Fake 第三卷,成田良悟,2026-01-15,Fate Strange Fake 第三卷.epub
Fate Strange Fake 第九卷,成田良悟,2026-01-15,Fate Strange Fake 第九卷.epub
Fate Strange Fake 第二卷,成田良悟,2026-01-15,Fate Strange Fake 第二卷.epub
Fate Strange Fake 第五卷,成田良悟,2026-01-15,Fate Strange Fake 第五卷.epub
Fate Strange Fake 第八卷,成田良悟,2026-01-15,Fate Strange Fake 第八卷.epub
Fate Strange Fake 第六卷,成田良悟,2026-01-15,Fate Strange Fake 第六卷.epub
Fate Strange Fake 第四卷,成田良悟,2026-01-15,Fate Strange Fake 第四卷.epub
GAMERS电玩咖！ 动画放送纪念推特连载短篇,葵せきな,2025-12-23,GAMERS电玩咖 动画放送纪念推特连载短篇.epub
GAMERS电玩咖！ 番外 DLC,葵せきな,2025-12-23,GAMERS电玩咖 番外 DLC.epub
GAMERS电玩咖！ 番外 DLC2,葵せきな,2025-12-23,GAMERS电玩咖 番外 DLC2.epub
GAMERS电玩咖！ 番外 DLC3,葵せきな,2025-12-23,GAMERS电玩咖 番外 DLC3.epub
GAMERS电玩咖！ 短篇,葵せきな,2025-12-23,GAMERS电玩咖 短篇.epub
GAMERS电玩咖！ 第一卷 雨野景太与青春的CONTINUE,葵せきな,2025-12-23,GAMERS电玩咖 第一卷 雨野景太与青春的CONTINUE.epub
GAMERS电玩咖！ 第七卷 电玩咖与接吻DEADEND,葵せきな,2025-12-23,GAMERS电玩咖 第七卷 电玩咖与接吻DEADEND.epub
GAMERS电玩咖！ 第三卷 星之守千秋与初恋NEWGAME,葵せきな,2025-12-23,GAMERS电玩咖 第三卷 星之守千秋与初恋NEWGAME.epub
GAMERS电玩咖！ 第九卷 雨野景太与青春SKILLSRESET,葵せきな,2025-12-23,GAMERS电玩咖 第九卷 雨野景太与青春SKILLSRESET.epub
GAMERS电玩咖！ 第二卷 天道花怜与冷不防的HAPPYEND,葵せきな,2025-12-23,GAMERS电玩咖 第二卷 天道花怜与冷不防的HAPPYEND.epub
GAMERS电玩咖！ 第五卷 电玩咖与全灭GAMEOVER,葵せきな,2025-12-23,GAMERS电玩咖 第五卷 电玩咖与全灭GAMEOVER.epub
GAMERS电玩咖！ 第八卷 星之守心春与逆转BACKATTACK,葵せきな,2025-12-23,GAMERS电玩咖 第八卷 星之守心春与逆转BACKATTACK.epub
GAMERS电玩咖！ 第六卷 落单电玩咖与告白CHAINCOMBO,葵せきな,2025-12-23,GAMERS电玩咖 第六卷 落单电玩咖与告白CHAINCOMBO.epub
GAMERS电玩咖！ 第十一卷 Gamers与初恋MultiEnd,葵せきな,2025-12-23,GAMERS电玩咖 第十一卷 Gamers与初恋MultiEnd.epub
GAMERS电玩咖！ 第十二卷 gamers与青春continue,葵せきな,2025-12-23,GAMERS电玩咖 第十二卷 gamers与青春continue.epub
GAMERS电玩咖！ 第十卷 天道花怜与措手不及的升级补丁,葵せきな,2025-12-23,GAMERS电玩咖 第十卷 天道花怜与措手不及的升级补丁.epub
GAMERS电玩咖！ 第四卷 亚玖璃与不自觉CRITICAL,葵せきな,2025-12-23,GAMERS电玩咖 第四卷 亚玖璃与不自觉CRITICAL.epub
NO GAME NO LIFE 游戏人生-第一卷 玩家兄妹似乎要征服幻想世界了-迷糊轻小说,,2025-05-19,NO GAME NO LIFE 游戏人生-第一卷 玩家兄妹似乎要征服幻想世界了-迷糊轻小说.epub
NO GAME NO LIFE 游戏人生-第七卷-迷糊轻小说,,2025-05-19,NO GAME NO LIFE 游戏人生-第七卷-迷糊轻小说.epub
NO GAME NO LIFE 游戏人生-第三卷 游戏玩家兄妹的另一半似乎消失了……？-迷糊轻小说,,2025-05-19,NO GAME NO LIFE 游戏人生-第三卷 游戏玩家兄妹的另一半似乎消失了-迷糊轻小说.epub
NO GAME NO LIFE 游戏人生-第九卷-迷糊轻小说,,2025-05-19,NO GAME NO LIFE 游戏人生-第九卷-迷糊轻小说.epub
NO GAME NO LIFE 游戏人生-第二卷-迷糊轻小说,,2025-05-19,NO GAME NO LIFE 游戏人生-第二卷-迷糊轻小说.epub
NO GAME NO LIFE 游戏人生-第五卷 游戏玩家似乎讨厌继承破关纪录-迷糊轻小说,,2025-05-19,NO GAME NO LIFE 游戏人生-第五卷 游戏玩家似乎讨厌继承破关纪录-迷糊轻小说.epub
NO GAME NO LIFE 游戏人生-第八卷 游戏玩家要继承布石（神话）-迷糊轻小说,,2025-05-19,NO GAME NO LIFE 游戏人生-第八卷 游戏玩家要继承布石神话-迷糊轻小说.epub
NO GAME NO LIFE 游戏人生-第六卷 听说游戏玩家夫妻向世界挑战了-迷糊轻小说,,2025-05-19,NO GAME NO LIFE 游戏人生-第六卷 听说游戏玩家夫妻向世界挑战了-迷糊轻小说.epub
NO GAME NO LIFE 游戏人生-第十一卷 游戏玩家兄妹似乎必须成为情侣才能离开-迷糊轻小说,,2025-05-19,NO GAME NO LIFE 游戏人生-第十一卷 游戏玩家兄妹似乎必须成为情侣才能离开-迷糊轻小说.epub
NO GAME NO LIFE 游戏人生-第十卷 游戏！兄妹迫不得已还债了-迷糊轻小说,,2025-05-19,NO GAME NO LIFE 游戏人生-第十卷 游戏兄妹迫不得已还债了-迷糊轻小说.epub
NO GAME NO LIFE 游戏人生-第四卷 游戏玩家兄妹遭遇现实恋爱游戏而逃之夭夭了-迷糊轻小说,,2025-05-19,NO GAME NO LIFE 游戏人生-第四卷 游戏玩家兄妹遭遇现实恋爱游戏而逃之夭夭了-迷糊轻小说.epub
NO GAME NO LIFE 遊戲人生 11 遊戲玩家兄妹似乎必須成為情侶才能離開,榎宮祐,2025-05-19,NO GAME NO LIFE 遊戲人生 11 遊戲玩家兄妹似乎必須成為情侶才能離開.epub
NO GAME NO LIFE 遊戲人生 12 遊戲玩家兄妹似乎要挑戰『魔王』,榎宮祐,2025-05-19,NO GAME NO LIFE 遊戲人生 12 遊戲玩家兄妹似乎要挑戰魔王.epub
TS転生美少女音虎玲子は寝取られたい_1,二本目海老天マン,2025-08-04,TS転生美少女音虎玲子は寝取られたい_1.epub
Tier1姐妹 [第一卷 有名四姐妹没我就活不下去],纸城境介,2025-10-31,Tier1姐妹 第一卷 有名四姐妹没我就活不下去.epub
Tier1姐妹 [第二卷 美少女职业玩家没有我便无法战斗],纸城境介,2025-10-31,Tier1姐妹 第二卷 美少女职业玩家没有我便无法战斗.epub
Unknown,Administrator,2025-10-29,Unknown.epub
Unknown,32066,2025-11-24,Unknown 1.epub
Unnamed Memory 無名記憶 Ⅰ 蒼月魔女與受詛咒之王,古宮九時,2025-05-19,Unnamed Memory 無名記憶 Ⅰ 蒼月魔女與受詛咒之王.epub
Unnamed Memory 無名記憶 Ⅵ 無名物語之終焉,古宮九時,2025-05-19,Unnamed Memory 無名記憶 Ⅵ 無名物語之終焉.epub
[Title here],,2026-02-11,Title here.epub
[朝浦]让那个写不出小说的家伙写出来的方法,,2025-12-25,朝浦让那个写不出小说的家伙写出来的方法.epub
[物语系列][01卷]化物语（上）,西尾维新,2025-10-29,物语系列01卷化物语上.epub
[物语系列][02卷]化物语（下）,西尾维新,2025-10-29,物语系列02卷化物语下.epub
[物语系列][03卷]伤物语,西尾维新,2025-10-29,物语系列03卷伤物语.epub
[物语系列][04卷]伪物语（上）,西尾维新,2025-10-29,物语系列04卷伪物语上.epub
[物语系列][05卷]伪物语（下）,西尾维新,2025-10-29,物语系列05卷伪物语下.epub
[物语系列][06卷]猫物语（黑）,西尾维新,2025-10-29,物语系列06卷猫物语黑.epub
[物语系列][07卷]猫物语（白）,西尾维新,2025-10-29,物语系列07卷猫物语白.epub
[物语系列][08卷]倾物语,西尾维新,2025-10-29,物语系列08卷倾物语.epub
[物语系列][09卷]花物语,西尾维新,2025-10-29,物语系列09卷花物语.epub
[物语系列][10卷]囮物语,西尾维新,2025-10-29,物语系列10卷囮物语.epub
[物语系列][11卷]鬼物语,西尾维新,2025-10-29,物语系列11卷鬼物语.epub
[物语系列][12卷]恋物语,西尾维新,2025-10-29,物语系列12卷恋物语.epub
[物语系列][13卷]凭物语,西尾维新,2025-10-29,物语系列13卷凭物语.epub
[物语系列][14卷]历物语,西尾维新,2025-10-29,物语系列14卷历物语.epub
[物语系列][15卷]终物语（上）,西尾维新,2025-10-29,物语系列15卷终物语上.epub
[物语系列][16卷]终物语（中）,西尾维新,2025-10-29,物语系列16卷终物语中.epub
[物语系列][17卷]终物语（下）,西尾维新,2025-10-29,物语系列17卷终物语下.epub
[物语系列][18卷]续终物语,西尾维新,2025-10-29,物语系列18卷续终物语.epub
[物语系列][19卷]愚物语,西尾维新,2025-10-29,物语系列19卷愚物语.epub
[物语系列][20卷]业物语,西尾维新,2025-10-29,物语系列20卷业物语.epub
[物语系列][21卷]抚物语,西尾维新,2025-10-29,物语系列21卷抚物语.epub
[物语系列][22卷]结物语,西尾维新,2025-10-29,物语系列22卷结物语.epub
[物语系列][23卷]忍物语,西尾维新,2025-10-29,物语系列23卷忍物语.epub
[物语系列][24卷]宵物语,西尾维新,2025-10-29,物语系列24卷宵物语.epub
[物语系列][25卷]余物语,西尾维新,2025-10-29,物语系列25卷余物语.epub
[物语系列][26卷]扇物语,西尾维新,2025-10-29,物语系列26卷扇物语.epub
[物语系列][27卷]死物语（上）,西尾維新,2025-10-29,物语系列27卷死物语上.epub
[物语系列][28卷]死物语（下）,西尾維新,2025-10-29,物语系列28卷死物语下.epub
[物语系列][29卷]战物语,西尾維新,2025-10-29,物语系列29卷战物语.epub
[物语系列][30卷]短物语,西尾維新,2025-10-29,物语系列30卷短物语.epub
[物语系列]佰物语,西尾维新,2025-10-29,物语系列佰物语.epub
[物语系列]混物语,西尾维新,2025-10-29,物语系列混物语.epub
[物语系列]短篇集,西尾维新,2025-10-29,物语系列短篇集.epub
[葵关南].玩乐关系 03,葵关南,2026-03-20,葵关南玩乐关系 03.epub
[葵关南].玩乐关系 03,葵关南,2026-03-20,葵关南玩乐关系 03.epub
[西 条陽] 我，当备胎女友就可以。 第5卷,西 条陽 （sillo 译）校、图,2025-05-19,西 条陽 我当备胎女友就可以 第5卷.epub
ban2-8,たかた,2025-10-04,ban2-8.epub
book-20250711231231,,2025-10-04,book-20250711231231.epub
book-20250712001128,,2025-10-04,book-20250712001128.epub
untitled,ショーン田中,2025-05-19,untitled.epub
δ和γ的理学部笔记 [第三卷 和你一同，构建最终的逻辑。],逆井卓马,2026-02-23,δ和γ的理学部笔记 第三卷 和你一同构建最终的逻辑.epub
δ和γ的理学部笔记 [第二卷 这场青春，并没有另一个解。],逆井卓马,2025-11-26,δ和γ的理学部笔记 第二卷 这场青春并没有另一个解.epub
【完结】无限回归者讲述故事,Shin Noah(신노아),2025-10-08,完结无限回归者讲述故事.epub
あまらぶＬＯＶＥ！ ツンな彼女と恋のステップ,愛内なの,2025-08-12,あまらぶＬＯＶＥ ツンな彼女と恋のステップ.epub
お兄ちゃんのこと、好き好き大好き好き好き,水無瀬さんご,2025-07-03,お兄ちゃんのこと好き好き大好き好き好き.epub
こちら、終末停滞委員会。６【電子特別版】,逢縁奇演,2026-07-11,こちら終末停滞委員会６電子特別版.epub
たかがアイドル！ ～されど、やっぱり顔はいい～,西　条陽,2026-05-09,たかがアイドル　～されどやっぱり顔はいい～.epub
たぶん、彼女は人を殺せる【電子特典付き】,丸深　まろやか,2026-05-09,たぶん彼女は人を殺せる電子特典付き.epub
どうか俺を放っておいてくれ３ なぜかぼっちの終わった高校生活を彼女が変えようとしてくる (GA文庫),相崎 壁際,2025-11-10,どうか俺を放っておいてくれ３ なぜかぼっちの終わった高校生活を彼女が変えようとしてくる GA文庫.epub
ほうかごがかり６ あかね小学校(電撃文庫),甲田学人,2025-12-12,ほうかごがかり６ あかね小学校電撃文庫.epub
ぼくのことバカにしていた後輩ギャルたちがハーレム全裸土下座した文化祭メモリアルパック (フランス書院eブックス),ＸＰＪｂｏｘ,2025-07-10,ぼくのことバカにしていた後輩ギャルたちがハーレム全裸土下座した文化祭メモリアルパック フランス書院eブックス.epub
また殺されてしまったのですね、探偵様５ 【電子特典付き】,てにをは,2025-11-30,また殺されてしまったのですね探偵様５ 電子特典付き.epub
もっと！ 孕ませ！ 炎のおっぱい異世界超エロサキュバス学園！「特別増量版」,川原圭人,2025-09-22,もっと 孕ませ 炎のおっぱい異世界超エロサキュバス学園特別増量版.epub
わたし、二番目の彼女でいいから。９【電子豪華版】,西　条陽,2026-05-09,わたし二番目の彼女でいいから９電子豪華版.epub
エッチできるＶＲＭＭＯで性奴隷にした美少女たちがリアルでも知り合いだった件,ソルティ,2025-05-19,エッチできるＶＲＭＭＯで性奴隷にした美少女たちがリアルでも知り合いだった件.epub
エッチできるＶＲＭＭＯで性奴隷にした美少女たちがリアルでも知り合いだった件【修学旅行でゲーム＆リアルハーレム】,ソルティ,2025-05-19,エッチできるＶＲＭＭＯで性奴隷にした美少女たちがリアルでも知り合いだった件修学旅行でゲームリアルハーレム.epub
エッチできるＶＲＭＭＯで性奴隷にした美少女たちがリアルでも知り合いだった件【性なる夜の種付けハーレムエッチ】,ソルティ,2025-05-19,エッチできるＶＲＭＭＯで性奴隷にした美少女たちがリアルでも知り合いだった件性なる夜の種付けハーレムエッチ.epub
エッチできるＶＲＭＭＯで性奴隷にした美少女たちがリアルでも知り合いだった件【性奴隷たちと夢のリアルハーレム】,ソルティ,2025-05-19,エッチできるＶＲＭＭＯで性奴隷にした美少女たちがリアルでも知り合いだった件性奴隷たちと夢のリアルハーレム.epub
エッチできるＶＲＭＭＯで性奴隷にした美少女たちがリアルでも知り合いだった件【淫魔姫と初イベント】,ソルティ,2025-05-19,エッチできるＶＲＭＭＯで性奴隷にした美少女たちがリアルでも知り合いだった件淫魔姫と初イベント.epub
エッチできるＶＲＭＭＯで性奴隷にした美少女たちがリアルでも知り合いだった件【祝！ 修学旅行でハーレム完成】,ソルティ,2025-05-19,エッチできるＶＲＭＭＯで性奴隷にした美少女たちがリアルでも知り合いだった件祝　修学旅行でハーレム完成.epub
エロゲのヒロインを淫魔スキルで支配する【電子特別版】,千月さかき,2026-07-04,エロゲのヒロインを淫魔スキルで支配する電子特別版.epub
エロゲの伯爵令嬢を奉仕メイド堕ちさせる悪役御曹司に転生した俺はざまぁを回避する2 その結果、隣国の皇女がバニーガール姿で毎日慰安に来るのだが……,東夷,2025-07-19,エロゲの伯爵令嬢を奉仕メイド堕ちさせる悪役御曹司に転生した俺はざまぁを回避する2　その結果隣国の皇女がバニーガール姿で毎日慰安に来るのだが.epub
オーク英雄物語７ 忖度列伝,理不尽な孫の手,2025-06-24,オーク英雄物語７　忖度列伝.epub
キャッスルプリズナー 雌将校隷属調教 (二次元ドリームノベルズ),夜士郎,2025-05-19,キャッスルプリズナー 雌将校隷属調教 二次元ドリームノベルズ.epub
ギャルゲー世界にニューゲームしたら、ヒロイン全員攻略された記憶があって修羅場です……,ひつじ,2025-06-10,ギャルゲー世界にニューゲームしたらヒロイン全員攻略された記憶があって修羅場です.epub
ギャルゲー世界にニューゲームしたら、ヒロイン全員攻略された記憶があって修羅場です……,ひつじ,2025-12-23,ギャルゲー世界にニューゲームしたらヒロイン全員攻略された記憶があって修羅場です 1.epub
クラス転移で俺だけ〇〇が過酷な強制ハーレム異世界ダンジョン 1,右近衛将監,2025-09-15,クラス転移で俺だけ〇〇が過酷な強制ハーレム異世界ダンジョン 1.epub
クラス転移で俺だけ〇〇が過酷な強制ハーレム異世界ダンジョン 2,右近衛将監,2025-09-15,クラス転移で俺だけ〇〇が過酷な強制ハーレム異世界ダンジョン 2.epub
サンバカ!!!,助六　稲荷,2025-05-19,サンバカ.epub
シスターと触手 ２ 邪眼の聖女と不適切な魔女,川岸殴魚,2025-05-19,シスターと触手　２　邪眼の聖女と不適切な魔女.epub
スパイ教室13 《燎火》のクラウス,竹町,2025-11-24,スパイ教室13　燎火のクラウス.epub
スパイ教室14 《夢幻劇》のティア (富士見ファンタジア文庫),竹町,2025-11-24,スパイ教室14 夢幻劇のティア 富士見ファンタジア文庫.epub
ダンジョンに出会いを求めるのは間違っているだろうか外伝 ソード・オラトリア１６ (GA文庫),大森 藤ノ,2025-10-11,ダンジョンに出会いを求めるのは間違っているだろうか外伝 ソードオラトリア１６ GA文庫.epub
ド屑２,五月 什一,2025-11-30,ド屑２.epub
ハズレ枠の【状態異常スキル】で最強になった俺がすべてを蹂躙するまで 13,篠崎 芳,2025-05-19,ハズレ枠の状態異常スキルで最強になった俺がすべてを蹂躙するまで 13.epub
ハズレ枠の【状態異常スキル】で最強になった俺がすべてを蹂躙するまで 13,篠崎 芳,2025-07-08,ハズレ枠の状態異常スキルで最強になった俺がすべてを蹂躙するまで 13 1.epub
ハブられルーン使いの異世界冒険譚 5,黄金の黒山羊,2025-12-23,ハブられルーン使いの異世界冒険譚 5.epub
パジャマのきみと、教室で青春を,山賀 塩太郎,2025-10-04,パジャマのきみと教室で青春を 1.epub
ボッチの僕でも、クズのヤリチンになれるってホントですか？ 美人女子大生を混浴温泉で寝取っちゃえ！,黄金の黒山羊,2025-09-01,ボッチの僕でもクズのヤリチンになれるってホントですか 美人女子大生を混浴温泉で寝取っちゃえ.epub
一周目女主记得调教记忆,사워크림,2026-03-07,一周目女主记得调教记忆.epub
一般人の俺を芸能科女子達が逃がしてくれない件。,膳所々,2025-10-08,一般人の俺を芸能科女子達が逃がしてくれない件.epub
三角的距离无限趋近零 短篇,岬鷺宮,2025-10-31,三角的距离无限趋近零 短篇.epub
三角的距离无限趋近零 第一卷,岬鷺宮,2025-10-31,三角的距离无限趋近零 第一卷.epub
三角的距离无限趋近零 第七卷,岬鷺宮,2025-10-31,三角的距离无限趋近零 第七卷.epub
三角的距离无限趋近零 第三卷,岬鷺宮,2025-10-31,三角的距离无限趋近零 第三卷.epub
三角的距离无限趋近零 第九卷 AfterStory,岬鷺宮,2025-10-31,三角的距离无限趋近零 第九卷 AfterStory.epub
三角的距离无限趋近零 第二卷,岬鷺宮,2025-10-31,三角的距离无限趋近零 第二卷.epub
三角的距离无限趋近零 第五卷,岬鷺宮,2025-10-31,三角的距离无限趋近零 第五卷.epub
三角的距离无限趋近零 第八卷,岬鷺宮,2025-10-31,三角的距离无限趋近零 第八卷.epub
三角的距离无限趋近零 第六卷,岬鷺宮,2025-10-31,三角的距离无限趋近零 第六卷.epub
三角的距离无限趋近零 第四卷,岬鷺宮,2025-10-31,三角的距离无限趋近零 第四卷.epub
下班回家，单身美女上司对我有事相求 [第三卷],望公太,2025-08-11,下班回家单身美女上司对我有事相求 第三卷.epub
下班回家，单身美女上司对我有事相求。 1,望公太,2025-08-11,下班回家单身美女上司对我有事相求 1.epub
下班回家，单身美女上司对我有事相求。 2,望公太,2025-08-11,下班回家单身美女上司对我有事相求 2.epub
不时轻声地以俄语遮羞的邻座艾莉同学 第九卷,燦々SUN,2025-11-09,不时轻声地以俄语遮羞的邻座艾莉同学 第九卷.epub
不时轻声地以俄语遮羞的邻座艾莉同学 第十卷,燦々SUN,2025-11-09,不时轻声地以俄语遮羞的邻座艾莉同学 第十卷.epub
不时轻声地以俄语遮羞的邻座艾莉同学-第四卷-迷糊轻小说,,2025-11-09,不时轻声地以俄语遮羞的邻座艾莉同学-第四卷-迷糊轻小说.epub
不時輕聲地以俄語遮羞的鄰座艾莉同學 4.5 Summer Stories,燦燦SUN,2025-11-09,不時輕聲地以俄語遮羞的鄰座艾莉同學 45 Summer Stories.epub
不時輕聲地以俄語遮羞的鄰座艾莉同學 5,燦燦SUN,2025-11-09,不時輕聲地以俄語遮羞的鄰座艾莉同學 5.epub
不時輕聲地以俄語遮羞的鄰座艾莉同學 6,燦燦SUN,2025-11-09,不時輕聲地以俄語遮羞的鄰座艾莉同學 6.epub
不時輕聲地以俄語遮羞的鄰座艾莉同學 7,燦燦SUN,2025-11-09,不時輕聲地以俄語遮羞的鄰座艾莉同學 7.epub
不炫耀异能的她们更加可爱 第一卷,榛名千紘,2025-12-23,不炫耀异能的她们更加可爱 第一卷.epub
与高中时期的傲慢女王大人同居的生活意外还不赖 第一卷,ミソネタ・ドザえもん,2025-11-24,与高中时期的傲慢女王大人同居的生活意外还不赖 第一卷.epub
为了女儿，我说不定连魔王都能干掉 1,CHIROLU,2025-05-19,为了女儿我说不定连魔王都能干掉 1.epub
为了女儿，我说不定连魔王都能干掉 2,CHIROLU,2025-05-19,为了女儿我说不定连魔王都能干掉 2.epub
为了女儿，我说不定连魔王都能干掉 [白金妖精姬与恋爱插话集],CHIROLU,2025-05-19,为了女儿我说不定连魔王都能干掉 白金妖精姬与恋爱插话集.epub
为了女儿，我说不定连魔王都能干掉。 3,CHIROLU,2025-05-19,为了女儿我说不定连魔王都能干掉 3.epub
为了女儿，我说不定连魔王都能干掉。 4,CHIROLU,2025-05-19,为了女儿我说不定连魔王都能干掉 4.epub
为了女儿，我说不定连魔王都能干掉。 5,CHIROLU,2025-05-19,为了女儿我说不定连魔王都能干掉 5.epub
为了女儿，我说不定连魔王都能干掉。 6,CHIROLU,2025-05-19,为了女儿我说不定连魔王都能干掉 6.epub
为了女儿，我说不定连魔王都能干掉。 7,CHIROLU,2025-05-19,为了女儿我说不定连魔王都能干掉 7.epub
为了女儿，我说不定连魔王都能干掉。 8,CHIROLU,2025-05-19,为了女儿我说不定连魔王都能干掉 8.epub
为了女儿，我说不定连魔王都能干掉。 9,CHIROLU,2025-05-19,为了女儿我说不定连魔王都能干掉 9.epub
主人公の幼馴染が、脇役の俺にグイグイくる２ (電撃文庫),駱駝,2025-05-19,主人公の幼馴染が脇役の俺にグイグイくる２ 電撃文庫.epub
主人公の幼馴染が、脇役の俺にグイグイくる３,駱駝,2025-12-11,主人公の幼馴染が脇役の俺にグイグイくる３.epub
主人公の幼馴染が、脇役の俺にグイグイくる４,駱駝,2026-06-11,主人公の幼馴染が脇役の俺にグイグイくる４.epub
主角的青梅竹马，对我这个配角来势汹汹 01,駱駝,2025-05-19,主角的青梅竹马对我这个配角来势汹汹 01.epub
义妹不在出轨范围内哦，哥哥 第一卷,三原みつき,2025-10-31,义妹不在出轨范围内哦哥哥 第一卷.epub
义妹不在出轨范围内哦，哥哥 第二卷,三原みつき,2025-10-31,义妹不在出轨范围内哦哥哥 第二卷.epub
义妹生活 [第十卷],三河ごーすと,2025-05-19,义妹生活 第十卷.epub
乐园NOISE 第一卷,杉井光,2025-05-19,乐园NOISE 第一卷.epub
乐园NOISE 第三卷,杉井光,2025-05-19,乐园NOISE 第三卷.epub
乐园NOISE 第二卷,杉井光,2025-05-19,乐园NOISE 第二卷.epub
乐园NOISE 第五卷,杉井光,2025-05-19,乐园NOISE 第五卷.epub
乐园NOISE 第六卷,杉井光,2025-05-19,乐园NOISE 第六卷.epub
乐园NOISE 第四卷,杉井光,2025-05-19,乐园NOISE 第四卷.epub
乐园杂音 07,杉井　光,2025-07-20,乐园杂音 07.epub
乳神家の館 ～淫欲の247～「特別増量版」,土竜卑行,2025-08-04,乳神家の館　～淫欲の247～特別増量版.epub
事到如今，喜欢上了青梅竹马 [第一卷],丸户史明,2025-08-29,事到如今喜欢上了青梅竹马 第一卷.epub
人妻教师被班里的女高中生迷的神魂颠倒的故事 [第一卷],入间人间,2025-09-11,人妻教师被班里的女高中生迷的神魂颠倒的故事 第一卷.epub
人妻教师被班里的女高中生迷的神魂颠倒的故事 [第二卷],入间人间,2025-09-11,人妻教师被班里的女高中生迷的神魂颠倒的故事 第二卷.epub
人妻教師が教え子の女子高生にドはまりする話３,入間　人間,2025-09-15,人妻教師が教え子の女子高生にドはまりする話３.epub
人渣 第一卷,五月什一,2025-11-30,人渣 第一卷.epub
人生二周目的镝木学姐,としぞう,2025-06-04,人生二周目的镝木学姐.epub
今はセフレでいいから,佐間野隆紀,2025-07-26,今はセフレでいいから.epub
今はセフレでいいから,佐間野隆紀,2025-10-04,今はセフレでいいから 1.epub
以为转生就能逃掉吗，哥哥？,紙城境介,2025-05-19,以为转生就能逃掉吗哥哥.epub
你们赶紧给我结婚吧！被这么说的女生居然有三个？ 01,優汰,2025-12-07,你们赶紧给我结婚吧被这么说的女生居然有三个 01.epub
你又被杀了呢，侦探大人 第一卷,てにをは,2025-11-30,你又被杀了呢侦探大人 第一卷.epub
你又被杀了呢，侦探大人 第三卷,てにをは,2025-11-30,你又被杀了呢侦探大人 第三卷.epub
你又被杀了呢，侦探大人 第二卷,てにをは,2025-11-30,你又被杀了呢侦探大人 第二卷.epub
你又被杀了呢，侦探大人 第四卷,てにをは,2025-11-30,你又被杀了呢侦探大人 第四卷.epub
你喜欢的不是女儿而是我!? 第一卷,望公太,2025-08-11,你喜欢的不是女儿而是我 第一卷.epub
你喜欢的不是女儿而是我!? 第七卷,望公太,2025-08-11,你喜欢的不是女儿而是我 第七卷.epub
你喜欢的不是女儿而是我!? 第三卷,望公太,2025-08-11,你喜欢的不是女儿而是我 第三卷.epub
你喜欢的不是女儿而是我!? 第二卷,望公太,2025-08-11,你喜欢的不是女儿而是我 第二卷.epub
你喜欢的不是女儿而是我!? 第五卷,望公太,2025-08-11,你喜欢的不是女儿而是我 第五卷.epub
你喜欢的不是女儿而是我!? 第六卷,望公太,2025-08-11,你喜欢的不是女儿而是我 第六卷.epub
你喜欢的不是女儿而是我!? 第四卷,望公太,2025-08-11,你喜欢的不是女儿而是我 第四卷.epub
你是我的后悔——regret 第一卷,しめさば,2025-11-28,你是我的后悔regret 第一卷.epub
你是我的后悔——regret 第三卷,しめさば,2025-11-28,你是我的后悔regret 第三卷.epub
你是我的后悔——regret 第二卷,しめさば,2025-11-28,你是我的后悔regret 第二卷.epub
侵略少女与谎言的庭院,清水マリコ,2026-02-26,侵略少女与谎言的庭院.epub
俺の妹が最高のオカズだった クールな彼女がＨのときだけデレる理由,風見源一郎,2025-05-19,俺の妹が最高のオカズだった　クールな彼女がＨのときだけデレる理由.epub
俺の妹が最高のオカズだった～射精禁止の修学旅行と甘々妹生活～,風見源一郎,2025-05-19,俺の妹が最高のオカズだった～射精禁止の修学旅行と甘々妹生活～.epub
借给朋友500圆，他竟然拿妹妹来抵债，我到底该如何是好 第一卷,としぞう,2025-06-04,借给朋友500圆他竟然拿妹妹来抵债我到底该如何是好 第一卷.epub
借给朋友500圆，他竟然拿妹妹来抵债，我到底该如何是好 第三卷,としぞう,2025-06-04,借给朋友500圆他竟然拿妹妹来抵债我到底该如何是好 第三卷.epub
借给朋友500圆，他竟然拿妹妹来抵债，我到底该如何是好 第二卷,としぞう,2025-06-04,借给朋友500圆他竟然拿妹妹来抵债我到底该如何是好 第二卷.epub
借给朋友500圆，他竟然拿妹妹来抵债，我到底该如何是好 第五卷,としぞう,2025-06-04,借给朋友500圆他竟然拿妹妹来抵债我到底该如何是好 第五卷.epub
借给朋友500圆，他竟然拿妹妹来抵债，我到底该如何是好 第四卷,としぞう,2025-06-04,借给朋友500圆他竟然拿妹妹来抵债我到底该如何是好 第四卷.epub
催眠学園 祭,布施はるか,2025-08-04,催眠学園 祭.epub
儿时玩伴成为人气偶像～甜美的她们负责供养我～ 第一卷,くろねこどらごん,2025-11-29,儿时玩伴成为人气偶像～甜美的她们负责供养我～ 第一卷.epub
儿时玩伴成为人气偶像～甜美的她们负责供养我～ 第二卷,くろねこどらごん,2025-11-29,儿时玩伴成为人气偶像～甜美的她们负责供养我～ 第二卷.epub
元カノ先生は、ちょっぴりエッチな家庭訪問できみとの愛を育みたい。1 (HJ文庫),猫又ぬこ,2025-08-04,元カノ先生はちょっぴりエッチな家庭訪問できみとの愛を育みたい1 HJ文庫.epub
元カノ先生は、ちょっぴりエッチな家庭訪問できみとの愛を育みたい。2 (HJ文庫),猫又ぬこ,2025-08-04,元カノ先生はちょっぴりエッチな家庭訪問できみとの愛を育みたい2 HJ文庫.epub
元カノ先生は、ちょっぴりエッチな家庭訪問できみとの愛を育みたい。3 (HJ文庫),猫又ぬこ,2025-08-04,元カノ先生はちょっぴりエッチな家庭訪問できみとの愛を育みたい3 HJ文庫.epub
克罗洛战记 1 转移到异世界的我，最擅长的好像只有床上功夫,サイトウアユム,2025-05-19,克罗洛战记 1 转移到异世界的我最擅长的好像只有床上功夫.epub
克罗洛战记 2 转移到异世界的我，最擅长的好像只有床上功夫,サイトウアユム,2025-06-03,克罗洛战记 2 转移到异世界的我最擅长的好像只有床上功夫.epub
克罗洛战记 3 转移到异世界的我，最擅长的好像只有床上功夫,サイトウアユム,2025-06-03,克罗洛战记 3 转移到异世界的我最擅长的好像只有床上功夫.epub
克罗洛战记 4 转移到异世界的我，最擅长的好像只有床上功夫,サイトウアユム,2025-06-03,克罗洛战记 4 转移到异世界的我最擅长的好像只有床上功夫.epub
克罗洛战记 5 转移到异世界的我，最擅长的好像只有床上功夫,サイトウアユム,2025-06-03,克罗洛战记 5 转移到异世界的我最擅长的好像只有床上功夫.epub
公主骑士的小白脸 [第五卷],白金透,2025-05-19,公主骑士的小白脸 第五卷.epub
公主骑士的小白脸 第一卷,白金透,2025-05-19,公主骑士的小白脸 第一卷.epub
公主骑士的小白脸 第三卷,白金透,2025-05-19,公主骑士的小白脸 第三卷.epub
公主骑士的小白脸 第二卷,白金透,2025-05-19,公主骑士的小白脸 第二卷.epub
公主骑士的小白脸 第四卷,白金透,2025-05-19,公主骑士的小白脸 第四卷.epub
公务员，中田忍的恶德 1,立川浦々,2025-06-24,公务员中田忍的恶德 1.epub
公女殿下の家庭教師20 暁告げし星杖,七野りく,2025-07-19,公女殿下の家庭教師20　暁告げし星杖.epub
公女殿下の家庭教師21 誓遂げし月鍵,七野りく,2025-11-24,公女殿下の家庭教師21 誓遂げし月鍵.epub
公女殿下の家庭教師０ 王立学校編,七野りく,2025-07-19,公女殿下の家庭教師０　王立学校編.epub
公爵千金的家庭教师 第一卷 谦虚青年的破格魔法教学即将开始,七野りく,2025-06-03,公爵千金的家庭教师 第一卷 谦虚青年的破格魔法教学即将开始.epub
公爵千金的家庭教师 第七卷 指引的圣女与北方决战,七野りく,2025-06-03,公爵千金的家庭教师 第七卷 指引的圣女与北方决战.epub
公爵千金的家庭教师 第三卷 以魔法革命指引迷茫圣女,七野りく,2025-06-03,公爵千金的家庭教师 第三卷 以魔法革命指引迷茫圣女.epub
公爵千金的家庭教师 第九卷 英雄的休假日,七野りく,2025-06-03,公爵千金的家庭教师 第九卷 英雄的休假日.epub
公爵千金的家庭教师 第二卷 与最强剑姫创造新传说,七野りく,2025-06-03,公爵千金的家庭教师 第二卷 与最强剑姫创造新传说.epub
公爵千金的家庭教师 第五卷 雷狼义妹与王国内乱,七野りく,2025-06-03,公爵千金的家庭教师 第五卷 雷狼义妹与王国内乱.epub
公爵千金的家庭教师 第八卷 再临的流星与东都终局,七野りく,2025-06-03,公爵千金的家庭教师 第八卷 再临的流星与东都终局.epub
公爵千金的家庭教师 第六卷 恸哭的剑姬与南方战役,七野りく,2025-06-03,公爵千金的家庭教师 第六卷 恸哭的剑姬与南方战役.epub
公爵千金的家庭教师 第十一卷 历史的幻影,七野りく,2025-06-03,公爵千金的家庭教师 第十一卷 历史的幻影.epub
公爵千金的家庭教师 第十三卷 大树守卫的遗言,七野りく,2025-06-03,公爵千金的家庭教师 第十三卷 大树守卫的遗言.epub
公爵千金的家庭教师 第十二卷 约定的花园,七野りく,2025-06-03,公爵千金的家庭教师 第十二卷 约定的花园.epub
公爵千金的家庭教师 第十卷 千年之都,七野りく,2025-06-03,公爵千金的家庭教师 第十卷 千年之都.epub
公爵千金的家庭教师 第十四卷 违背星约的天使,七野りく,2025-06-03,公爵千金的家庭教师 第十四卷 违背星约的天使.epub
公爵千金的家庭教师 第四卷 与冰炎千金在暑假拯救王国,七野りく,2025-06-03,公爵千金的家庭教师 第四卷 与冰炎千金在暑假拯救王国.epub
关于转生成日式幻想黄油路人这件事,鉄钢怪人,2025-05-19,关于转生成日式幻想黄油路人这件事.epub
其中1个是妹妹！ 1,田口一,2026-02-11,其中1个是妹妹 1.epub
其中1个是妹妹！ 10,田口一,2026-02-11,其中1个是妹妹 10.epub
其中1个是妹妹！ 2,田口一,2026-02-11,其中1个是妹妹 2.epub
其中1个是妹妹！ 3,田口一,2026-02-11,其中1个是妹妹 3.epub
其中1个是妹妹！ 4,田口一,2026-02-11,其中1个是妹妹 4.epub
其中1个是妹妹！ 5,田口一,2026-02-11,其中1个是妹妹 5 1.epub
其中1个是妹妹！ 5.5,田口一,2026-02-11,其中1个是妹妹 5.epub
其中1个是妹妹！ 6,田口一,2026-02-11,其中1个是妹妹 6.epub
其中1个是妹妹！ 7,田口一,2026-02-11,其中1个是妹妹 7.epub
其中1个是妹妹！ 8,田口一,2026-02-11,其中1个是妹妹 8.epub
其中1个是妹妹！ 9,田口一,2026-02-11,其中1个是妹妹 9.epub
其中1个是妹妹！②,田口一,2026-02-11,其中1个是妹妹②.epub
其中1个是妹妹！③,田口一,2026-02-11,其中1个是妹妹③.epub
其中1个是妹妹！④,田口一,2026-02-11,其中1个是妹妹④.epub
其中1个是妹妹！⑤,田口一,2026-02-11,其中1个是妹妹⑤.epub
其中一个是妹妹！ ⑦,田口一,2026-02-11,其中一个是妹妹 ⑦.epub
利用转世到异世界的智慧和力量，只是为了做爱【※漫画标题『異世界好色無双』】,イクヒト,2025-05-19,利用转世到异世界的智慧和力量只是为了做爱漫画标题異世界好色無双.epub
十年后的同窗冰山美人,雨音惠,2025-09-22,十年后的同窗冰山美人.epub
半兽人英雄物语 忖度列传 2,理不尽な孙の手,2025-05-19,半兽人英雄物语 忖度列传 2.epub
半兽人英雄物语 忖度列传 3,理不尽な孙の手,2025-05-19,半兽人英雄物语 忖度列传 3.epub
半兽人英雄物语 忖度列传 4,理不尽な孙の手,2025-05-19,半兽人英雄物语 忖度列传 4.epub
半兽人英雄物语 忖度列传 5,理不尽な孙の手,2025-05-19,半兽人英雄物语 忖度列传 5.epub
半兽人英雄物语 忖度列传 6,理不尽な孙の手,2025-06-09,半兽人英雄物语 忖度列传 6.epub
半兽人英雄物语~忖度列传 1,理不尽な孫の手,2025-05-19,半兽人英雄物语~忖度列传 1.epub
原本阴沉的我要向青春复仇 和那个天使般的女孩一起Re life 第一卷,慶野由志,2025-11-24,原本阴沉的我要向青春复仇 和那个天使般的女孩一起Re life 第一卷.epub
原本阴沉的我要向青春复仇 和那个天使般的女孩一起Re life 第三卷,慶野由志,2025-11-24,原本阴沉的我要向青春复仇 和那个天使般的女孩一起Re life 第三卷.epub
原本阴沉的我要向青春复仇 和那个天使般的女孩一起Re life 第二卷,慶野由志,2025-11-24,原本阴沉的我要向青春复仇 和那个天使般的女孩一起Re life 第二卷.epub
原本阴沉的我要向青春复仇 和那个天使般的女孩一起Re life 第五卷,慶野由志,2025-11-24,原本阴沉的我要向青春复仇 和那个天使般的女孩一起Re life 第五卷.epub
原本阴沉的我要向青春复仇 和那个天使般的女孩一起Re life 第六卷,慶野由志,2025-11-24,原本阴沉的我要向青春复仇 和那个天使般的女孩一起Re life 第六卷.epub
原本阴沉的我要向青春复仇 和那个天使般的女孩一起Re life 第四卷,慶野由志,2025-11-24,原本阴沉的我要向青春复仇 和那个天使般的女孩一起Re life 第四卷.epub
双子まとめて『カノジョ』にしない？３,白井 ムク,2025-12-25,双子まとめてカノジョにしない３.epub
双子まとめて『カノジョ』にしない？４,白井 ムク,2025-12-25,双子まとめてカノジョにしない４.epub
双子まとめて『カノジョ』にしない？５,白井 ムク,2025-12-25,双子まとめてカノジョにしない５.epub
双生子一起当「女朋友」不好吗？ 第一卷,白井ムク,2025-12-25,双生子一起当女朋友不好吗 第一卷.epub
双生子一起当「女朋友」不好吗？ 第二卷,白井ムク,2025-12-25,双生子一起当女朋友不好吗 第二卷.epub
双生恋情密不可分 第一卷,高村資本,2025-10-04,双生恋情密不可分 第一卷.epub
双生恋情密不可分 第三卷,高村資本,2025-10-04,双生恋情密不可分 第三卷.epub
双生恋情密不可分 第二卷,高村資本,2025-10-04,双生恋情密不可分 第二卷.epub
双生恋情密不可分 第五卷,高村資本,2025-10-04,双生恋情密不可分 第五卷.epub
双生恋情密不可分 第四卷,高村資本,2025-10-04,双生恋情密不可分 第四卷.epub
反正，这个夏天都会结束,野宮 有,2025-05-19,反正这个夏天都会结束.epub
反派千金与反派少爷若是在相遇后坠入情网 01,榛名丼,2026-03-06,反派千金与反派少爷若是在相遇后坠入情网 01.epub
反派千金与反派少爷若是在相遇后坠入情网 02,榛名丼,2026-03-06,反派千金与反派少爷若是在相遇后坠入情网 02.epub
反派千金与反派少爷若是在相遇后坠入情网 03,榛名丼,2026-03-06,反派千金与反派少爷若是在相遇后坠入情网 03.epub
只向我展示羞耻姿态的学园公主大人 01,雨音恵,2025-11-28,只向我展示羞耻姿态的学园公主大人 01.epub
叹息的亡灵想引退13,槻影,2025-11-08,叹息的亡灵想引退13.epub
叹气的亡灵想隐退～最弱猎人的强队伍育成术～ 第一卷,槻影,2025-11-08,叹气的亡灵想隐退～最弱猎人的强队伍育成术～ 第一卷.epub
叹气的亡灵想隐退～最弱猎人的强队伍育成术～ 第三卷,槻影,2025-11-08,叹气的亡灵想隐退～最弱猎人的强队伍育成术～ 第三卷.epub
叹气的亡灵想隐退～最弱猎人的强队伍育成术～ 第二卷,槻影,2025-11-08,叹气的亡灵想隐退～最弱猎人的强队伍育成术～ 第二卷.epub
叹气的亡灵想隐退～最弱猎人的强队伍育成术～ 第四卷,槻影,2025-11-08,叹气的亡灵想隐退～最弱猎人的强队伍育成术～ 第四卷.epub
吸血姫とミニメイドに搾られて今夜も眠れない,夜士郎,2025-05-19,吸血姫とミニメイドに搾られて今夜も眠れない.epub
和你恋爱什么的 应该是不可能的,筏田かつら,2025-12-23,和你恋爱什么的 应该是不可能的.epub
和你恋爱什么的 应该是不可能的 然后，毕业,筏田かつら,2025-12-23,和你恋爱什么的 应该是不可能的 然后毕业.epub
和你恋爱什么的 应该是不可能的 课外补习仍未结束,筏田かつら,2025-12-23,和你恋爱什么的 应该是不可能的 课外补习仍未结束.epub
喂，干脆交往吧？受到美少女青梅竹马的委托，我成了她“男朋友”。 [第一卷],叶田キズ,2025-11-03,喂干脆交往吧受到美少女青梅竹马的委托我成了她男朋友 第一卷.epub
喂，干脆交往吧？受到美少女青梅竹马的委托，我成了她“男朋友”。 [第三卷],叶田キズ,2025-11-03,喂干脆交往吧受到美少女青梅竹马的委托我成了她男朋友 第三卷.epub
喂，干脆交往吧？受到美少女青梅竹马的委托，我成了她“男朋友”。 [第二卷],叶田キズ,2025-11-03,喂干脆交往吧受到美少女青梅竹马的委托我成了她男朋友 第二卷.epub
喂，干脆交往吧？受到美少女青梅竹马的委托，我成了她“男朋友”。 [第五卷],叶田キズ,2025-11-03,喂干脆交往吧受到美少女青梅竹马的委托我成了她男朋友 第五卷.epub
喂，干脆交往吧？受到美少女青梅竹马的委托，我成了她“男朋友”。 [第四卷],叶田キズ,2025-11-03,喂干脆交往吧受到美少女青梅竹马的委托我成了她男朋友 第四卷.epub
喜欢本大爷的竟然只有你! 第二卷,駱駝ブリキ,2025-05-19,喜欢本大爷的竟然只有你 第二卷.epub
喜欢本大爷的竟然只有你一个？10,骆驼,2025-05-19,喜欢本大爷的竟然只有你一个10.epub
喜欢本大爷的竟然就你一个,駱駝ブリキ,2025-05-19,喜欢本大爷的竟然就你一个.epub
喜欢本大爷的竟然就你一个？ 11,骆驼,2025-05-19,喜欢本大爷的竟然就你一个 11.epub
喜欢本大爷的竟然就你一个？ 12,骆驼,2025-05-19,喜欢本大爷的竟然就你一个 12.epub
喜欢本大爷的竟然就你一个？ 15,骆驼,2025-05-19,喜欢本大爷的竟然就你一个 15.epub
喜欢本大爷的竟然就你一个？ 3,作者,2025-05-19,喜欢本大爷的竟然就你一个 3.epub
喜欢本大爷的竟然就你一个？ 4,作者,2025-05-19,喜欢本大爷的竟然就你一个 4.epub
喜欢本大爷的竟然就你一个？ 5,作者,2025-05-19,喜欢本大爷的竟然就你一个 5.epub
喜欢本大爷的竟然就你一个？ 6,作者,2025-05-19,喜欢本大爷的竟然就你一个 6.epub
喜欢本大爷的竟然就你一个？14,骆驼,2025-05-19,喜欢本大爷的竟然就你一个14.epub
喜欢本大爷的竟然就你一个？16,骆驼,2025-05-19,喜欢本大爷的竟然就你一个16.epub
喜歡本大爺的竟然就妳一個？ 7,駱駝,2025-05-19,喜歡本大爺的竟然就妳一個 7.epub
喜歡本大爺的竟然就妳一個？ 8,駱駝,2025-05-19,喜歡本大爺的竟然就妳一個 8.epub
喜歡本大爺的竟然就妳一個？第9卷,駱駝,2025-05-19,喜歡本大爺的竟然就妳一個第9卷.epub
在地下城寻求邂逅是否搞错了什么 20,大森藤ノ,2025-08-11,在地下城寻求邂逅是否搞错了什么 20.epub
在地下城寻求邂逅是否搞错了什么 21,大森藤ノ,2025-12-14,在地下城寻求邂逅是否搞错了什么 21.epub
在地下城寻求邂逅是否搞错了什么 外传 剑姬神圣谭,大森藤ノ,2025-10-31,在地下城寻求邂逅是否搞错了什么 外传 剑姬神圣谭.epub
在地下城寻求邂逅是否搞错了什么 外传 剑姬神圣谭10,大森藤ノ,2025-10-31,在地下城寻求邂逅是否搞错了什么 外传 剑姬神圣谭10.epub
在地下城寻求邂逅是否搞错了什么 外传 剑姬神圣谭11,大森藤ノ,2025-10-31,在地下城寻求邂逅是否搞错了什么 外传 剑姬神圣谭11.epub
在地下城寻求邂逅是否搞错了什么 外传 剑姬神圣谭12,大森藤ノ,2025-10-31,在地下城寻求邂逅是否搞错了什么 外传 剑姬神圣谭12.epub
在地下城寻求邂逅是否搞错了什么 外传 剑姬神圣谭13,大森藤ノ,2025-10-31,在地下城寻求邂逅是否搞错了什么 外传 剑姬神圣谭13.epub
在地下城寻求邂逅是否搞错了什么 外传 剑姬神圣谭14,大森藤ノ,2025-10-31,在地下城寻求邂逅是否搞错了什么 外传 剑姬神圣谭14.epub
在地下城寻求邂逅是否搞错了什么 外传 剑姬神圣谭2,大森藤ノ,2025-10-31,在地下城寻求邂逅是否搞错了什么 外传 剑姬神圣谭2.epub
在地下城寻求邂逅是否搞错了什么 外传 剑姬神圣谭3,大森藤ノ,2025-10-31,在地下城寻求邂逅是否搞错了什么 外传 剑姬神圣谭3.epub
在地下城寻求邂逅是否搞错了什么 外传 剑姬神圣谭4,大森藤ノ,2025-10-31,在地下城寻求邂逅是否搞错了什么 外传 剑姬神圣谭4.epub
在地下城寻求邂逅是否搞错了什么 外传 剑姬神圣谭5,大森藤ノ,2025-10-31,在地下城寻求邂逅是否搞错了什么 外传 剑姬神圣谭5.epub
在地下城寻求邂逅是否搞错了什么 外传 剑姬神圣谭6,大森藤ノ,2025-10-31,在地下城寻求邂逅是否搞错了什么 外传 剑姬神圣谭6.epub
在地下城寻求邂逅是否搞错了什么 外传 剑姬神圣谭7,大森藤ノ,2025-10-31,在地下城寻求邂逅是否搞错了什么 外传 剑姬神圣谭7.epub
在地下城寻求邂逅是否搞错了什么 外传 剑姬神圣谭8,大森藤ノ,2025-10-31,在地下城寻求邂逅是否搞错了什么 外传 剑姬神圣谭8.epub
在地下城寻求邂逅是否搞错了什么 外传 剑姬神圣谭9,大森藤ノ,2025-10-31,在地下城寻求邂逅是否搞错了什么 外传 剑姬神圣谭9.epub
在地下城寻求邂逅是否搞错了什么 第一卷,大森藤ノ,2025-10-31,在地下城寻求邂逅是否搞错了什么 第一卷.epub
在地下城寻求邂逅是否搞错了什么 第七卷,大森藤ノ,2025-10-31,在地下城寻求邂逅是否搞错了什么 第七卷.epub
在地下城寻求邂逅是否搞错了什么 第三卷,大森藤ノ,2025-10-31,在地下城寻求邂逅是否搞错了什么 第三卷.epub
在地下城寻求邂逅是否搞错了什么 第九卷,大森藤ノ,2025-10-31,在地下城寻求邂逅是否搞错了什么 第九卷.epub
在地下城寻求邂逅是否搞错了什么 第二卷,大森藤ノ,2025-10-31,在地下城寻求邂逅是否搞错了什么 第二卷.epub
在地下城寻求邂逅是否搞错了什么 第五卷,大森藤ノ,2025-10-31,在地下城寻求邂逅是否搞错了什么 第五卷.epub
在地下城寻求邂逅是否搞错了什么 第八卷,大森藤ノ,2025-10-31,在地下城寻求邂逅是否搞错了什么 第八卷.epub
在地下城寻求邂逅是否搞错了什么 第六卷,大森藤ノ,2025-10-31,在地下城寻求邂逅是否搞错了什么 第六卷.epub
在地下城寻求邂逅是否搞错了什么 第十一卷,大森藤ノ,2025-10-31,在地下城寻求邂逅是否搞错了什么 第十一卷.epub
在地下城寻求邂逅是否搞错了什么 第十三卷,大森藤ノ,2025-10-31,在地下城寻求邂逅是否搞错了什么 第十三卷.epub
在地下城寻求邂逅是否搞错了什么 第十二卷,大森藤ノ,2025-10-31,在地下城寻求邂逅是否搞错了什么 第十二卷.epub
在地下城寻求邂逅是否搞错了什么 第十五卷,大森藤ノ,2025-10-31,在地下城寻求邂逅是否搞错了什么 第十五卷.epub
在地下城寻求邂逅是否搞错了什么 第十卷,大森藤ノ,2025-10-31,在地下城寻求邂逅是否搞错了什么 第十卷.epub
在地下城寻求邂逅是否搞错了什么 第十四卷,大森藤ノ,2025-10-31,在地下城寻求邂逅是否搞错了什么 第十四卷.epub
在地下城寻求邂逅是否搞错了什么 第四卷,大森藤ノ,2025-10-31,在地下城寻求邂逅是否搞错了什么 第四卷.epub
在地下城尋求邂逅是否搞錯了什麼 18,大森藤ノ,2025-05-19,在地下城尋求邂逅是否搞錯了什麼 18.epub
在地下城尋求邂逅是否搞錯了什麼 19,大森藤ノ,2025-05-19,在地下城尋求邂逅是否搞錯了什麼 19.epub
在地下城尋求邂逅是否搞錯了什麽 16,大森藤ノ,2025-05-19,在地下城尋求邂逅是否搞錯了什麽 16.epub
在地下城尋求邂逅是否搞錯了什麽 17,大森藤ノ,2025-05-19,在地下城尋求邂逅是否搞錯了什麽 17.epub
在朋友背后与你悄悄牵手。谈着无法言说的恋爱 第一卷,,2025-08-29,在朋友背后与你悄悄牵手谈着无法言说的恋爱 第一卷.epub
在朋友背后与你悄悄牵手。谈着无法言说的恋爱 第三卷,真代屋秀晃,2025-08-29,在朋友背后与你悄悄牵手谈着无法言说的恋爱 第三卷.epub
在朋友背后与你悄悄牵手。谈着无法言说的恋爱 第二卷,,2025-08-29,在朋友背后与你悄悄牵手谈着无法言说的恋爱 第二卷.epub
在男性禁入的游戏世界里，我唯一该做的事情 我转生成了夹在百合之间的男人 [第七卷],端樱了,2025-05-19,在男性禁入的游戏世界里我唯一该做的事情 我转生成了夹在百合之间的男人 第七卷.epub
在男性禁入的游戏世界里，我唯一该做的事情 第一卷 我转生成了夹在百合之间的男人,端桜了,2025-05-19,在男性禁入的游戏世界里我唯一该做的事情 第一卷 我转生成了夹在百合之间的男人.epub
在男性禁入的游戏世界里，我唯一该做的事情 第三卷,端桜了,2025-05-19,在男性禁入的游戏世界里我唯一该做的事情 第三卷.epub
在男性禁入的游戏世界里，我唯一该做的事情 第二卷,端桜了,2025-05-19,在男性禁入的游戏世界里我唯一该做的事情 第二卷.epub
在男性禁入的游戏世界里，我唯一该做的事情 第五卷,端桜了,2025-05-19,在男性禁入的游戏世界里我唯一该做的事情 第五卷.epub
在男性禁入的游戏世界里，我唯一该做的事情 第八卷,端桜了,2025-12-25,在男性禁入的游戏世界里我唯一该做的事情 第八卷.epub
在男性禁入的游戏世界里，我唯一该做的事情 第六卷,端桜了,2025-05-19,在男性禁入的游戏世界里我唯一该做的事情 第六卷.epub
在男性禁入的游戏世界里，我唯一该做的事情 第四卷,端桜了,2025-05-19,在男性禁入的游戏世界里我唯一该做的事情 第四卷.epub
在英雄世界中作为洗脑系反派生存下来,문어탄산,2025-07-04,在英雄世界中作为洗脑系反派生存下来.epub
在青梅竹马的妹妹家开始家庭教师的工作后 第一卷 疏远的青梅竹马变得很恐怖,すかいふぁーむ,2026-02-10,在青梅竹马的妹妹家开始家庭教师的工作后 第一卷 疏远的青梅竹马变得很恐怖.epub
在青梅竹马的妹妹家开始家庭教师的工作后 第二卷 曾经可怕的青梅竹马变得可爱,すかいふぁーむ,2026-02-10,在青梅竹马的妹妹家开始家庭教师的工作后 第二卷 曾经可怕的青梅竹马变得可爱.epub
変人のサラダボウル ９,平坂 読,2025-12-23,変人のサラダボウル　９.epub
复制品的我也会谈恋爱 01,榛名丼,2025-09-22,复制品的我也会谈恋爱 01.epub
复制品的我也会谈恋爱 02,榛名丼,2025-09-22,复制品的我也会谈恋爱 02.epub
复制品的我也会谈恋爱 03,榛名丼,2025-09-22,复制品的我也会谈恋爱 03.epub
复制品的我也会谈恋爱。 04,榛名丼,2025-09-22,复制品的我也会谈恋爱 04.epub
夏日时分的吸血鬼 [全一册],石川博品,2025-10-31,夏日时分的吸血鬼 全一册.epub
天嬢天華生徒会プリフェイズ,杉井　光,2025-06-10,天嬢天華生徒会プリフェイズ.epub
女巫之城,섦게지는꽃,2025-07-25,女巫之城.epub
女巫之城,섦게지는꽃,2025-07-25,女巫之城.epub
好きだった子をメイドにしたら、俺の部屋でこっそりナニかしている,鏡　遊,2025-08-12,好きだった子をメイドにしたら俺の部屋でこっそりナニかしている.epub
如果有妹妹就好了 2,,2025-10-29,如果有妹妹就好了 2.epub
如果有妹妹就好了 4,平坂読,2025-10-29,如果有妹妹就好了 4.epub
如果有妹妹就好了6,平坂読,2025-10-29,如果有妹妹就好了6.epub
如果有妹妹就好了8,平坂读,2025-10-29,如果有妹妹就好了8.epub
如果有妹妹就好了。 1,平坂読,2025-10-29,如果有妹妹就好了 1.epub
如果有妹妹就好了。 10,平坂読,2025-10-29,如果有妹妹就好了 10.epub
如果有妹妹就好了。 13,平坂读,2025-10-29,如果有妹妹就好了 13.epub
如果有妹妹就好了。 14,平坂読,2025-10-29,如果有妹妹就好了 14.epub
如果有妹妹就好了。 3,平坂読,2025-10-29,如果有妹妹就好了 3.epub
如果有妹妹就好了。 7,平坂読,2025-10-29,如果有妹妹就好了 7.epub
如果有妹妹就好了。9,平坂读,2025-10-29,如果有妹妹就好了9.epub
妖精の物理学 ―PHysics PHenomenon PHantom―,電磁幽体,2025-05-19,妖精の物理学　PHysics PHenomenon PHantom.epub
妹さえいればいい。12 (ガガガ文庫),平坂读,2025-10-29,妹さえいればいい12 ガガガ文庫.epub
妹の親友？ もう俺の女友達？ なら、その次は‐‐？,エパンテリアス,2025-07-01,妹の親友　もう俺の女友達　ならその次は.epub
妹の親友？ もう俺の女友達？ なら、その次は‐‐？,エパンテリアス,2026-02-10,妹の親友　もう俺の女友達　ならその次は 1.epub
妹妹人生-上卷-迷糊轻小说,,2025-05-19,妹妹人生-上卷-迷糊轻小说.epub
妹妹人生_下卷,,2025-05-19,妹妹人生_下卷.epub
妹妹是不能当女友的，可是…… 第一卷,鏡遊,2026-02-10,妹妹是不能当女友的可是 第一卷.epub
妹妹是不能当女友的，可是…… 第三卷,鏡遊,2026-02-10,妹妹是不能当女友的可是 第三卷.epub
妹妹是不能当女友的，可是…… 第二卷,鏡遊,2026-02-10,妹妹是不能当女友的可是 第二卷.epub
妹妹是不能当女友的，可是…… 第五卷,鏡遊,2026-02-10,妹妹是不能当女友的可是 第五卷.epub
妹妹是不能当女友的，可是…… 第四卷,鏡遊,2026-02-10,妹妹是不能当女友的可是 第四卷.epub
孤高なカノジョと、彼女の部屋でシてること (角川スニーカー文庫),雲雀湯,2025-08-29,孤高なカノジョと彼女の部屋でシてること 角川スニーカー文庫.epub
孤高の電波美少女と恋で繋がったらギガ重い,神宮寺　文鷹,2025-07-01,孤高の電波美少女と恋で繋がったらギガ重い.epub
学園女王の妹（顔がいい）は俺の土下座に逆らえない,橘トラ,2025-08-11,学園女王の妹顔がいいは俺の土下座に逆らえない.epub
学生会的一存 碧阳学园学生会议事录 1,葵せきな,2025-12-23,学生会的一存　碧阳学园学生会议事录 1.epub
学生会的七光 碧阳学园学生会议事录 7,葵せきな,2025-12-23,学生会的七光　碧阳学园学生会议事录 7.epub
学生会的三振 碧阳学园学生会议事录 3,葵せきな,2025-12-23,学生会的三振　碧阳学园学生会议事录 3.epub
学生会的九重 碧阳学园学生会议事录 9,葵せきな,2025-12-23,学生会的九重　碧阳学园学生会议事录 9.epub
学生会的二心 碧阳学园学生会议事录 2,葵せきな,2025-12-23,学生会的二心　碧阳学园学生会议事录 2.epub
学生会的五彩 碧阳学园学生会议事录 5,葵せきな,2025-12-23,学生会的五彩　碧阳学园学生会议事录 5.epub
学生会的八方 碧阳学园学生会议事录 8,葵せきな,2025-12-23,学生会的八方　碧阳学园学生会议事录 8.epub
学生会的六花 碧阳学园学生会议事录 6,葵せきな,2025-12-23,学生会的六花　碧阳学园学生会议事录 6.epub
学生会的十代 碧阳学园学生会议事录 10,葵せきな,2025-12-23,学生会的十代　碧阳学园学生会议事录 10.epub
学生会的四散 碧阳学园学生会议事录 4,葵せきな,2025-12-23,学生会的四散　碧阳学园学生会议事录 4.epub
学生会的土产 碧阳学园学生会默示录 7,葵せきな,2025-12-23,学生会的土产 碧阳学园学生会默示录 7.epub
学生会的日常 碧阳学园学生会默示录 1,葵せきな,2025-12-23,学生会的日常 碧阳学园学生会默示录 1.epub
学生会的月末 碧阳学园学生会默示录 2,葵せきな,2025-12-23,学生会的月末 碧阳学园学生会默示录 2.epub
学生会的木阴 碧阳学园学生会默示录 5,葵せきな,2025-12-23,学生会的木阴 碧阳学园学生会默示录 5.epub
学生会的水际 碧阳学园学生会默示录 4,葵せきな,2025-12-23,学生会的水际 碧阳学园学生会默示录 4.epub
学生会的火种 碧阳学园学生会默示录 3,葵せきな,2025-12-23,学生会的火种 碧阳学园学生会默示录 3.epub
学生会的祝日 碧阳学园学生会默示录 8,葵せきな,2025-12-23,学生会的祝日 碧阳学园学生会默示录 8.epub
学生会的金兰 碧阳学园学生会默示录 6,葵せきな,2025-12-23,学生会的金兰 碧阳学园学生会默示录 6.epub
家属 ～母と姉妹の嬌声～「特別増量版」,雑賀匡,2025-09-03,家属 ～母と姉妹の嬌声～特別増量版.epub
寢取魔法使的冒險01,まじかり,2025-05-20,寢取魔法使的冒險01.epub
寢取魔法使的冒險02,まじかり,2025-05-23,寢取魔法使的冒險02.epub
寢取魔法使的冒險03,まじかり,2025-05-23,寢取魔法使的冒險03.epub
寢取魔法使的冒險04,まじかり,2025-05-23,寢取魔法使的冒險04.epub
寢取魔法使的冒險05,まじかり,2025-05-23,寢取魔法使的冒險05.epub
寢取魔法使的冒險06,まじかり,2025-05-23,寢取魔法使的冒險06.epub
寢取魔法使的冒險07,まじかり,2025-05-23,寢取魔法使的冒險07.epub
寢取魔法使的冒險08,まじかり,2025-05-23,寢取魔法使的冒險08.epub
寢取魔法使的冒險09,まじかり,2025-05-27,寢取魔法使的冒險09.epub
寢取魔法使的冒險10,まじかり,2025-05-27,寢取魔法使的冒險10.epub
寢取魔法使的冒險11,まじかり,2025-05-28,寢取魔法使的冒險11.epub
寢取魔法使的冒險12,まじかり,2025-05-28,寢取魔法使的冒險12.epub
寢取魔法使的冒險13,まじかり,2025-05-29,寢取魔法使的冒險13.epub
寢取魔法使的冒險14,まじかり,2025-05-29,寢取魔法使的冒險14.epub
寢取魔法使的冒險15,まじかり,2025-09-20,寢取魔法使的冒險15.epub
将告别之花束，献予天使胸膛 余命为负的我想在死前做的一件事,葉月文,2025-06-09,将告别之花束献予天使胸膛 余命为负的我想在死前做的一件事.epub
将告别之花束，献予天使胸膛 2 余命为负的我想在死前做的一件事,葉月文,2025-06-09,将告别之花束献予天使胸膛 2 余命为负的我想在死前做的一件事.epub
小恶魔学妹缠上了被女友劈腿的我 第一卷,御宫ゆう,2025-06-04,小恶魔学妹缠上了被女友劈腿的我 第一卷.epub
小恶魔学妹缠上了被女友劈腿的我 第七卷,御宫ゆう,2025-06-04,小恶魔学妹缠上了被女友劈腿的我 第七卷.epub
小恶魔学妹缠上了被女友劈腿的我 第三卷,御宫ゆう,2025-06-04,小恶魔学妹缠上了被女友劈腿的我 第三卷.epub
小恶魔学妹缠上了被女友劈腿的我 第二卷,御宫ゆう,2025-06-04,小恶魔学妹缠上了被女友劈腿的我 第二卷.epub
小恶魔学妹缠上了被女友劈腿的我 第五卷,御宫ゆう,2025-06-04,小恶魔学妹缠上了被女友劈腿的我 第五卷.epub
小恶魔学妹缠上了被女友劈腿的我 第八卷,御宫ゆう,2025-06-04,小恶魔学妹缠上了被女友劈腿的我 第八卷.epub
小恶魔学妹缠上了被女友劈腿的我 第六卷,御宫ゆう,2025-06-04,小恶魔学妹缠上了被女友劈腿的我 第六卷.epub
小恶魔学妹缠上了被女友劈腿的我 第四卷,御宫ゆう,2025-06-04,小恶魔学妹缠上了被女友劈腿的我 第四卷.epub
少女事件 [第三卷],西条阳,2025-10-31,少女事件 第三卷.epub
少女事案 炎上して敏感になる京野月子と死の未来を猫として回避する雪見文香,西条陽,2025-05-19,少女事案　炎上して敏感になる京野月子と死の未来を猫として回避する雪見文香.epub
崩坏世界的魔杖匠人 1,黒留ハガネ,2025-12-28,崩坏世界的魔杖匠人 1.epub
平凡職業造就世界最強 01,白米良,2025-05-19,平凡職業造就世界最強 01.epub
平凡職業造就世界最強 02,白米良,2025-05-19,平凡職業造就世界最強 02.epub
平凡職業造就世界最強 03,白米良,2025-05-19,平凡職業造就世界最強 03.epub
平凡職業造就世界最強 04,白米良,2025-05-19,平凡職業造就世界最強 04.epub
平凡職業造就世界最強 05,白米良,2025-05-19,平凡職業造就世界最強 05.epub
平凡職業造就世界最強 06,白米良,2025-05-19,平凡職業造就世界最強 06.epub
平凡職業造就世界最強 07,白米良,2025-05-19,平凡職業造就世界最強 07.epub
平凡職業造就世界最強 08,白米良,2025-05-19,平凡職業造就世界最強 08.epub
平凡職業造就世界最強 09,白米良,2025-05-19,平凡職業造就世界最強 09.epub
平凡職業造就世界最強 10,白米良,2025-05-19,平凡職業造就世界最強 10.epub
平凡職業造就世界最強 11,白米良,2025-05-19,平凡職業造就世界最強 11.epub
平凡職業造就世界最強 12,白米良,2025-05-19,平凡職業造就世界最強 12.epub
平凡職業造就世界最強 13,白米良,2025-05-19,平凡職業造就世界最強 13.epub
平凡職業造就世界最強 短篇集,白米良,2025-05-19,平凡職業造就世界最強 短篇集.epub
幼女战记 1 Deus lo vult,カルロ·ゼン,2025-05-27,幼女战记 1 Deus lo vult.epub
幼女战记 10 Viribus Unitis,カルロ·ゼン,2025-05-27,幼女战记 10 Viribus Unitis.epub
幼女战记 11 Alea iacta est,カルロ・ゼン,2025-05-27,幼女战记 11 Alea iacta est.epub
"幼女战记 12 Mundus vult decipi, ergo decipiatur",カルロ・ゼン,2025-05-27,幼女战记 12 Mundus vult decipi ergo decipiatur.epub
"幼女战记 14 Dum spiro,spero ‐下‐",カルロ・ゼン,2025-05-27,幼女战记 14 Dum spirospero 下.epub
幼女战记 2 Plus Ultra,カルロ·ゼン,2025-05-27,幼女战记 2 Plus Ultra.epub
幼女战记 3 The Finest Hour,カルロ·ゼン,2025-05-27,幼女战记 3 The Finest Hour.epub
幼女战记 4 Dabit deus his quoque finem,カルロ·ゼン,2025-05-27,幼女战记 4 Dabit deus his quoque finem.epub
幼女战记 5 Abyssus abyssum invocat,カルロ·ゼン,2025-05-27,幼女战记 5 Abyssus abyssum invocat.epub
幼女战记 6 Nil admirari,カルロ·ゼン,2025-05-27,幼女战记 6 Nil admirari.epub
"幼女战记 7 Ut sementem feceris,ita metes",カルロ·ゼン,2025-05-27,幼女战记 7 Ut sementem fecerisita metes.epub
幼女战记 8 In omnia paratusi,カルロ·ゼン,2025-05-27,幼女战记 8 In omnia paratusi.epub
幼女战记 9 Omnes una manet nox,カルロ·ゼン,2025-05-27,幼女战记 9 Omnes una manet nox.epub
"幼女战记 第十三卷 Dum spiro, spero 上",カルロ・ゼン,2025-05-27,幼女战记 第十三卷 Dum spiro spero 上.epub
幼馴染の妹の家庭教師をはじめたら４ 彼女になった幼馴染とキスをした (富士見ファンタジア文庫),すかいふぁーむ,2026-02-10,幼馴染の妹の家庭教師をはじめたら４ 彼女になった幼馴染とキスをした 富士見ファンタジア文庫.epub
异世界拷问姬-第一卷-迷糊轻小说,,2025-06-03,异世界拷问姬-第一卷-迷糊轻小说.epub
异世界拷问姬-第七卷-迷糊轻小说,,2025-06-03,异世界拷问姬-第七卷-迷糊轻小说.epub
异世界拷问姬-第三卷-迷糊轻小说,,2025-05-19,异世界拷问姬-第三卷-迷糊轻小说.epub
异世界拷问姬-第九卷-迷糊轻小说,,2025-06-03,异世界拷问姬-第九卷-迷糊轻小说.epub
异世界拷问姬-第二卷-迷糊轻小说,,2025-06-03,异世界拷问姬-第二卷-迷糊轻小说.epub
异世界拷问姬-第五卷-迷糊轻小说,,2025-06-03,异世界拷问姬-第五卷-迷糊轻小说.epub
异世界拷问姬-第八卷-迷糊轻小说,,2025-06-03,异世界拷问姬-第八卷-迷糊轻小说.epub
异世界拷问姬-第六卷-迷糊轻小说,,2025-06-03,异世界拷问姬-第六卷-迷糊轻小说.epub
异世界拷问姬-第四卷-迷糊轻小说,,2025-06-03,异世界拷问姬-第四卷-迷糊轻小说.epub
弹珠汽水瓶里的千岁同学 短篇集册子,裕夢,2025-10-04,弹珠汽水瓶里的千岁同学 短篇集册子.epub
弹珠汽水瓶里的千岁同学 第6.5卷,裕夢,2025-10-04,弹珠汽水瓶里的千岁同学 第6.epub
弹珠汽水瓶里的千岁同学 第一卷,裕夢,2025-10-04,弹珠汽水瓶里的千岁同学 第一卷.epub
弹珠汽水瓶里的千岁同学 第七卷,裕夢,2025-10-04,弹珠汽水瓶里的千岁同学 第七卷.epub
弹珠汽水瓶里的千岁同学 第三卷,裕夢,2025-10-04,弹珠汽水瓶里的千岁同学 第三卷.epub
弹珠汽水瓶里的千岁同学 第九卷,裕夢,2025-10-04,弹珠汽水瓶里的千岁同学 第九卷.epub
弹珠汽水瓶里的千岁同学 第二卷,裕夢,2025-10-04,弹珠汽水瓶里的千岁同学 第二卷.epub
弹珠汽水瓶里的千岁同学 第五卷,裕夢,2025-10-04,弹珠汽水瓶里的千岁同学 第五卷.epub
弹珠汽水瓶里的千岁同学 第八卷,裕夢,2025-10-04,弹珠汽水瓶里的千岁同学 第八卷.epub
弹珠汽水瓶里的千岁同学 第六卷,裕夢,2025-10-04,弹珠汽水瓶里的千岁同学 第六卷.epub
弹珠汽水瓶里的千岁同学 第四卷,裕夢,2025-10-04,弹珠汽水瓶里的千岁同学 第四卷.epub
性状王【斐川紫旺編】,,2025-08-01,性状王斐川紫旺編.epub
怪人的沙拉碗 第一卷,平坂読,2025-12-23,怪人的沙拉碗 第一卷.epub
怪人的沙拉碗 第七卷,平坂読,2025-12-23,怪人的沙拉碗 第七卷.epub
怪人的沙拉碗 第三卷,平坂読,2025-12-23,怪人的沙拉碗 第三卷.epub
怪人的沙拉碗 第二卷,平坂読,2025-12-23,怪人的沙拉碗 第二卷.epub
怪人的沙拉碗 第五卷,平坂読,2025-12-23,怪人的沙拉碗 第五卷.epub
怪人的沙拉碗 第八卷,平坂読,2025-12-23,怪人的沙拉碗 第八卷.epub
怪人的沙拉碗 第六卷,平坂読,2025-12-23,怪人的沙拉碗 第六卷.epub
怪人的沙拉碗 第四卷,平坂読,2025-12-23,怪人的沙拉碗 第四卷.epub
恋は双子で割り切れない６ (電撃文庫),高村 資本,2025-10-04,恋は双子で割り切れない６ 電撃文庫.epub
恋入膏肓,,2026-01-24,恋入膏肓.epub
恶女的唯一朋友,포포김,2025-11-30,恶女的唯一朋友.epub
我。当备胎女友就可以 第四卷,西 条陽,2025-05-19,我当备胎女友就可以 第四卷.epub
我与学生的禁断之吻。一旦曝光就完了。 第一卷,扇風気周,2025-11-24,我与学生的禁断之吻一旦曝光就完了 第一卷.epub
我买下了与她的每周密会～以五千圆为借口，共度两人时光～ 短篇,羽田宇佐,2025-08-20,我买下了与她的每周密会～以五千圆为借口共度两人时光～ 短篇.epub
我买下了与她的每周密会～以五千圆为借口，共度两人时光～ 第七卷,羽田宇佐,2025-08-25,我买下了与她的每周密会～以五千圆为借口共度两人时光～ 第七卷.epub
我们不可能成为恋人！绝对不行。(※似乎可行？) 短篇,みかみてれん,2025-09-24,我们不可能成为恋人绝对不行似乎可行 短篇.epub
我们不可能成为恋人！绝对不行。(※似乎可行？) 第一卷,みかみてれん,2025-09-24,我们不可能成为恋人绝对不行似乎可行 第一卷.epub
我们不可能成为恋人！绝对不行。(※似乎可行？) 第七卷,みかみてれん,2025-09-24,我们不可能成为恋人绝对不行似乎可行 第七卷.epub
我们不可能成为恋人！绝对不行。(※似乎可行？) 第三卷,みかみてれん,2025-09-24,我们不可能成为恋人绝对不行似乎可行 第三卷.epub
我们不可能成为恋人！绝对不行。(※似乎可行？) 第二卷,みかみてれん,2025-09-24,我们不可能成为恋人绝对不行似乎可行 第二卷.epub
我们不可能成为恋人！绝对不行。(※似乎可行？) 第五卷,みかみてれん,2025-09-24,我们不可能成为恋人绝对不行似乎可行 第五卷.epub
我们不可能成为恋人！绝对不行。(※似乎可行？) 第六卷,みかみてれん,2025-09-24,我们不可能成为恋人绝对不行似乎可行 第六卷.epub
我们不可能成为恋人！绝对不行。(※似乎可行？) 第四卷,みかみてれん,2025-09-24,我们不可能成为恋人绝对不行似乎可行 第四卷.epub
我依然心系于你 [第一卷],あまさきみりと,2025-08-10,我依然心系于你 第一卷.epub
我依然心系于你 [第二卷],あまさきみりと,2025-08-10,我依然心系于你 第二卷.epub
我和女友的妹妹接吻了,,2025-05-19,我和女友的妹妹接吻了.epub
我和女友的妹妹接吻了 2,,2025-05-19,我和女友的妹妹接吻了 2.epub
我和女友的妹妹接吻了 4,海空陆,2025-05-19,我和女友的妹妹接吻了 4.epub
我和女友的妹妹接吻了。 03,海空りく,2025-05-19,我和女友的妹妹接吻了 03.epub
我和班上第二可爱的女生成为朋友 第一卷,たかた,2025-08-29,我和班上第二可爱的女生成为朋友 第一卷.epub
我和班上第二可爱的女生成为朋友 第三卷,たかた,2025-08-29,我和班上第二可爱的女生成为朋友 第三卷.epub
我和班上第二可爱的女生成为朋友 第二卷,たかた,2025-08-29,我和班上第二可爱的女生成为朋友 第二卷.epub
我和班上第二可爱的女生成为朋友 第五卷,たかた,2025-08-29,我和班上第二可爱的女生成为朋友 第五卷.epub
我和班上第二可爱的女生成为朋友 第六卷,たかた,2025-08-29,我和班上第二可爱的女生成为朋友 第六卷.epub
我和班上第二可爱的女生成为朋友 第四卷,たかた,2025-08-29,我和班上第二可爱的女生成为朋友 第四卷.epub
我喜欢的妹妹不是妹妹 1,恵比须清司,2025-10-29,我喜欢的妹妹不是妹妹 1.epub
我喜欢的妹妹不是妹妹 2,恵比须清司,2025-10-29,我喜欢的妹妹不是妹妹 2.epub
我喜欢的妹妹不是妹妹 3,恵比须清司,2025-10-29,我喜欢的妹妹不是妹妹 3.epub
我喜欢的妹妹不是妹妹 4,恵比须清司,2025-10-29,我喜欢的妹妹不是妹妹 4.epub
我喜欢的妹妹不是妹妹 5,恵比须清司,2025-10-29,我喜欢的妹妹不是妹妹 5.epub
我喜欢的妹妹不是妹妹 6,恵比须清司,2025-10-29,我喜欢的妹妹不是妹妹 6.epub
我喜欢的妹妹不是妹妹 7,恵比须清司,2025-10-29,我喜欢的妹妹不是妹妹 7 1.epub
我喜欢的妹妹不是妹妹 7.5,恵比须清司,2025-10-29,我喜欢的妹妹不是妹妹 7.epub
我喜欢的妹妹不是妹妹 8,恵比须清司,2025-10-29,我喜欢的妹妹不是妹妹 8.epub
我喜欢的是妹妹但不是妹妹 10,恵比须清司,2025-10-29,我喜欢的是妹妹但不是妹妹 10.epub
我喜欢的是妹妹但不是妹妹 11,恵比须清司,2025-10-29,我喜欢的是妹妹但不是妹妹 11.epub
我喜欢的是妹妹但不是妹妹 2017富士见感谢祭短篇,惠比须清司,2025-10-29,我喜欢的是妹妹但不是妹妹 2017富士见感谢祭短篇.epub
我喜欢的是妹妹但不是妹妹 2018圣诞短篇,惠比须清司,2025-10-29,我喜欢的是妹妹但不是妹妹 2018圣诞短篇.epub
我喜欢的是妹妹但不是妹妹 2019日历短篇,惠比须清司,2025-10-29,我喜欢的是妹妹但不是妹妹 2019日历短篇.epub
我喜欢的是妹妹但不是妹妹 9,恵比须清司,2025-10-29,我喜欢的是妹妹但不是妹妹 9.epub
我喜欢的是妹妹但不是妹妹 Dragon magazine短篇,惠比须清司,2025-10-29,我喜欢的是妹妹但不是妹妹 Dragon magazine短篇.epub
我当备胎女友也没关系。 [第七卷],西条阳,2025-08-29,我当备胎女友也没关系 第七卷.epub
我当备胎女友也没关系。 [第八卷],西条阳,2025-08-29,我当备胎女友也没关系 第八卷.epub
我当备胎女友也没关系。 [第六卷],西条阳,2025-08-29,我当备胎女友也没关系 第六卷.epub
我当备胎女友也没关系。 第一卷,,2025-05-19,我当备胎女友也没关系 第一卷.epub
我当备胎女友也没关系。 第七卷,,2025-05-19,我当备胎女友也没关系 第七卷.epub
我当备胎女友也没关系。 第三卷,,2025-05-19,我当备胎女友也没关系 第三卷.epub
我当备胎女友也没关系。 第二卷,,2025-05-19,我当备胎女友也没关系 第二卷.epub
我心爱之人的妹妹 短篇,犬甘あんず,2026-02-11,我心爱之人的妹妹 短篇.epub
我心爱之人的妹妹 第一卷,犬甘あんず,2026-02-11,我心爱之人的妹妹 第一卷.epub
我心爱之人的妹妹 第三卷,犬甘あんず,2026-02-11,我心爱之人的妹妹 第三卷.epub
我心爱之人的妹妹 第二卷,犬甘あんず,2026-02-11,我心爱之人的妹妹 第二卷.epub
我的妹妹哪有这么可爱！ 14 绫濑if 下,伏見つかさ,2026-02-11,我的妹妹哪有这么可爱 14 绫濑if 下.epub
我的妹妹哪有这么可爱！01,伏见つかさ,2026-02-11,我的妹妹哪有这么可爱01.epub
我的妹妹哪有这么可爱！02,伏见つかさ,2026-02-11,我的妹妹哪有这么可爱02.epub
我的妹妹哪有这么可爱！03,伏见つかさ,2026-02-11,我的妹妹哪有这么可爱03.epub
我的妹妹哪有这么可爱！04,伏见つかさ,2026-02-11,我的妹妹哪有这么可爱04.epub
我的妹妹哪有这么可爱！05,伏见つかさ,2026-02-11,我的妹妹哪有这么可爱05.epub
我的妹妹哪有这么可爱！06,伏见つかさ,2026-02-11,我的妹妹哪有这么可爱06.epub
我的妹妹哪有这么可爱！07,伏见つかさ,2026-02-11,我的妹妹哪有这么可爱07.epub
我的妹妹哪有这么可爱！08,伏见つかさ,2026-02-11,我的妹妹哪有这么可爱08.epub
我的妹妹哪有这么可爱！09,伏见つかさ,2026-02-11,我的妹妹哪有这么可爱09.epub
我的妹妹哪有这么可爱！10,伏见つかさ,2026-02-11,我的妹妹哪有这么可爱10.epub
我的妹妹哪有这么可爱！11,伏见つかさ,2026-02-11,我的妹妹哪有这么可爱11.epub
我的妹妹哪有这么可爱！12,伏见つかさ,2026-02-11,我的妹妹哪有这么可爱12.epub
我的妹妹哪有这么可爱！13 绫濑if 上,伏見つかさ,2026-02-11,我的妹妹哪有这么可爱13 绫濑if　上.epub
我的妹妹哪有这么可爱！15 黑猫if 上,伏見つかさ,2026-02-11,我的妹妹哪有这么可爱15 黑猫if 上.epub
我的妹妹哪有这么可爱！16 黑猫if 下,伏見つかさ,2026-02-11,我的妹妹哪有这么可爱16 黑猫if 下.epub
我的妹妹是最棒的配菜,風見源一郎,2025-05-19,我的妹妹是最棒的配菜 1.epub
我的妹妹是最棒的配菜 1,风见源一郎,2025-05-19,我的妹妹是最棒的配菜 1 1.epub
我的妹妹是最棒的配菜 2,风见源一郎,2025-05-19,我的妹妹是最棒的配菜 2.epub
我的妹妹是最棒的配菜 3,风见源一郎,2025-05-19,我的妹妹是最棒的配菜 3.epub
我的妹妹是最棒的配菜 4,风见源一郎,2025-05-19,我的妹妹是最棒的配菜 4.epub
我的妹妹是最棒的配菜 5,风见源一郎,2025-05-19,我的妹妹是最棒的配菜 5.epub
我的妹妹是最棒的配菜 6,风见源一郎,2025-05-19,我的妹妹是最棒的配菜 6.epub
我的妹妹是最棒的配菜 7,风见源一郎,2025-05-19,我的妹妹是最棒的配菜 7.epub
我的妹妹是最棒的配菜 8,风见源一郎,2025-05-19,我的妹妹是最棒的配菜 8.epub
我的妹妹是最棒的配菜 9,风见源一郎,2025-05-19,我的妹妹是最棒的配菜 9.epub
我的老婆竟然是个魔法少女。,국거리장단,2026-02-06,我的老婆竟然是个魔法少女.epub
我的青春恋爱物语果然有问题。新 1,渡航,2026-01-15,我的青春恋爱物语果然有问题新 1.epub
所谓爱恋，无聊至极 [第一卷],云雀汤,2025-05-19,所谓爱恋无聊至极 第一卷.epub
所谓爱恋，无聊至极 [第三卷],云雀汤,2025-10-31,所谓爱恋无聊至极 第三卷.epub
所谓爱恋，无聊至极 [第二卷],云雀汤,2025-05-19,所谓爱恋无聊至极 第二卷.epub
手に入れた催眠アプリで夢のハーレム生活を送りたい２,みょん,2025-11-24,手に入れた催眠アプリで夢のハーレム生活を送りたい２.epub
手に入れた催眠アプリで夢のハーレム生活を送りたい３【電子特別版】,みょん,2025-11-24,手に入れた催眠アプリで夢のハーレム生活を送りたい３電子特別版.epub
手に入れた催眠アプリで夢のハーレム生活を送りたい４,みょん,2025-11-24,手に入れた催眠アプリで夢のハーレム生活を送りたい４.epub
才女的侍从 第一卷 在满是高岭之花的贵族学校暗中照顾（毫无生活自理能力的）学院第一大小姐,坂石遊作,2025-05-19,才女的侍从 第一卷 在满是高岭之花的贵族学校暗中照顾毫无生活自理能力的学院第一大小姐.epub
才女的侍从 第七卷,坂石遊作,2025-05-19,才女的侍从 第七卷.epub
才女的侍从 第三卷,坂石遊作,2025-05-19,才女的侍从 第三卷.epub
才女的侍从 第九卷,坂石遊作,2025-05-19,才女的侍从 第九卷.epub
才女的侍从 第二卷,坂石遊作,2025-05-19,才女的侍从 第二卷.epub
才女的侍从 第五卷,坂石遊作,2025-05-19,才女的侍从 第五卷.epub
才女的侍从 第八卷,坂石遊作,2025-05-19,才女的侍从 第八卷.epub
才女的侍从 第六卷,坂石遊作,2025-05-19,才女的侍从 第六卷.epub
才女的侍从 第四卷,坂石遊作,2025-05-19,才女的侍从 第四卷.epub
拼死回避全灭结局。队伍的精神出了问题。 [第一卷],雨糸雀,2025-05-19,拼死回避全灭结局队伍的精神出了问题 第一卷.epub
推しの敵になったので,土岐丘しゅろ,2025-06-12,推しの敵になったので.epub
支配異世界的技能掠奪者～從零開始建造奴隸後宮～01,柑橘ゆすら,2025-05-19,支配異世界的技能掠奪者～從零開始建造奴隸後宮～01.epub
支配異世界的技能掠奪者～從零開始建造奴隸後宮～02,柑橘ゆすら,2025-05-19,支配異世界的技能掠奪者～從零開始建造奴隸後宮～02.epub
支配異世界的技能掠奪者～從零開始建造奴隸後宮～03,柑橘ゆすら,2025-05-19,支配異世界的技能掠奪者～從零開始建造奴隸後宮～03.epub
支配異世界的技能掠奪者～從零開始建造奴隸後宮～04,柑橘ゆすら,2025-05-19,支配異世界的技能掠奪者～從零開始建造奴隸後宮～04.epub
支配異世界的技能掠奪者～從零開始建造奴隸後宮～05,柑橘ゆすら,2025-05-19,支配異世界的技能掠奪者～從零開始建造奴隸後宮～05.epub
支配異世界的技能掠奪者～從零開始建造奴隸後宮～06,柑橘ゆすら,2025-05-19,支配異世界的技能掠奪者～從零開始建造奴隸後宮～06.epub
支配異世界的技能掠奪者～從零開始建造奴隸後宮～07,柑橘ゆすら,2025-05-19,支配異世界的技能掠奪者～從零開始建造奴隸後宮～07.epub
支配異世界的技能掠奪者～從零開始建造奴隸後宮～08,柑橘ゆすら,2025-05-19,支配異世界的技能掠奪者～從零開始建造奴隸後宮～08.epub
支配異世界的技能掠奪者～從零開始建造奴隸後宮～09,柑橘ゆすら,2025-05-19,支配異世界的技能掠奪者～從零開始建造奴隸後宮～09.epub
支配異世界的技能掠奪者～從零開始建造奴隸後宮～10,柑橘ゆすら,2025-05-19,支配異世界的技能掠奪者～從零開始建造奴隸後宮～10.epub
支配異世界的技能掠奪者～從零開始建造奴隸後宮～11,柑橘ゆすら,2025-05-19,支配異世界的技能掠奪者～從零開始建造奴隸後宮～11.epub
放学后的异世界咖啡馆 04,風見鶏,2025-11-17,放学后的异世界咖啡馆 04 1.epub
放学后的异世界咖啡馆 05,風見鶏,2025-11-17,放学后的异世界咖啡馆 05 1.epub
放学后的异世界咖啡馆 06,風見鶏,2025-11-17,放学后的异世界咖啡馆 06 1.epub
放学后股长 第一卷,甲田学人,2025-12-12,放学后股长 第一卷.epub
放学后股长 第三卷,甲田学人,2025-12-12,放学后股长 第三卷.epub
放学后股长 第二卷,甲田学人,2025-12-12,放学后股长 第二卷.epub
放学后股长 第五卷 朱音小学篇,甲田学人,2025-12-12,放学后股长 第五卷 朱音小学篇.epub
放学后股长 第四卷 朱音小学篇,甲田学人,2025-12-12,放学后股长 第四卷 朱音小学篇.epub
放学后，到异世界咖啡厅喝杯咖啡 1,风见鶏,2025-11-17,放学后到异世界咖啡厅喝杯咖啡 1.epub
放学后，到异世界咖啡厅喝杯咖啡 2,风见鶏,2025-11-17,放学后到异世界咖啡厅喝杯咖啡 2.epub
放学后，到异世界咖啡厅喝杯咖啡 3,风见鶏,2025-11-17,放学后到异世界咖啡厅喝杯咖啡 3.epub
断章格林童话 I,甲田学人,2025-11-24,断章格林童话 I.epub
断章格林童话 Ⅱ,甲田学人,2025-11-24,断章格林童话 Ⅱ.epub
断章格林童话 Ⅲ,甲田学人,2025-11-24,断章格林童话 Ⅲ.epub
断章格林童话 Ⅵ 小红帽·下,甲田学人,2025-11-24,断章格林童话 Ⅵ 小红帽下.epub
断章格林童话 Ⅶ 下金蛋的母鸡,甲田学人,2025-11-24,断章格林童话 Ⅶ 下金蛋的母鸡.epub
断章格林童话 Ⅷ 石竹花·上,甲田学人,2025-11-24,断章格林童话 Ⅷ 石竹花上.epub
断章格林童话 Ⅹ 玫瑰公主·上,甲田学人,2025-11-24,断章格林童话 Ⅹ 玫瑰公主上.epub
断章格林童话 ⅩⅢ 幸福王子（快乐王子）·下,甲田学人,2025-11-24,断章格林童话 ⅩⅢ 幸福王子快乐王子下.epub
断章格林童话 ⅩⅣ 莴苣姑娘·上,甲田学人,2025-11-24,断章格林童话 ⅩⅣ 莴苣姑娘上.epub
断章格林童话 Ⅺ 玫瑰公主·下,甲田学人,2025-11-24,断章格林童话 Ⅺ 玫瑰公主下.epub
断章格林童话 Ⅻ 幸福王子（快乐王子）·上,甲田学人,2025-11-24,断章格林童话 Ⅻ 幸福王子快乐王子上.epub
断章格林童话-短篇-迷糊轻小说,,2025-11-24,断章格林童话-短篇-迷糊轻小说.epub
断章格林童话Ⅳ 人鱼公主·下,甲田学人,2025-11-24,断章格林童话Ⅳ 人鱼公主下.epub
断章格林童话Ⅴ 小红帽·上,甲田学人,2025-11-24,断章格林童话Ⅴ 小红帽上.epub
断章格林童话ⅩⅤ 莴苣姑娘·下,甲田学人,2025-11-24,断章格林童话ⅩⅤ 莴苣姑娘下.epub
断章格林童话ⅩⅥ 白雪公主·上,甲田学人,2025-11-24,断章格林童话ⅩⅥ 白雪公主上.epub
断章格林童话ⅩⅦ 白雪公主·下,甲田学人,2025-11-24,断章格林童话ⅩⅦ 白雪公主下.epub
新妹魔王的契约者 1,上栖缀人,2025-05-19,新妹魔王的契约者 1.epub
新妹魔王的契约者 12,长月达平,2025-10-31,新妹魔王的契约者 12.epub
新妹魔王的契约者 13,上栖缀人,2025-10-31,新妹魔王的契约者 13.epub
新妹魔王的契约者 Ⅳ,上栖缀人,2025-10-31,新妹魔王的契约者 Ⅳ.epub
新妹魔王的契约者03,上栖缀人,2025-10-31,新妹魔王的契约者03.epub
新妹魔王的契约者Ⅰ,上栖缀人,2025-10-31,新妹魔王的契约者Ⅰ.epub
新妹魔王的契约者Ⅱ,上栖缀人,2025-10-31,新妹魔王的契约者Ⅱ.epub
新妹魔王的契约者Ⅴ,上栖缀人,2025-10-31,新妹魔王的契约者Ⅴ.epub
新妹魔王的契约者Ⅵ,上栖缀人,2025-10-31,新妹魔王的契约者Ⅵ.epub
新妹魔王的契约者Ⅶ,上栖缀人,2025-10-31,新妹魔王的契约者Ⅶ.epub
新妹魔王的契约者Ⅷ,上栖缀人,2025-05-19,新妹魔王的契约者Ⅷ.epub
新妹魔王的契约者Ⅷ,上栖缀人,2025-10-31,新妹魔王的契约者Ⅷ 1.epub
新妹魔王的契约者Ⅸ,上栖缀人,2025-10-31,新妹魔王的契约者Ⅸ.epub
新妹魔王的契约者Ⅹ,上栖缀人,2025-10-31,新妹魔王的契约者Ⅹ.epub
新妹魔王的契约者Ⅺ,上栖缀人,2025-10-31,新妹魔王的契约者Ⅺ.epub
新学生会的一存 碧阳学园新学生会议事录 上,葵せきな,2025-12-23,新学生会的一存 碧阳学园新学生会议事录 上.epub
新学生会的一存 碧阳学园新学生会议事录 下,葵せきな,2025-12-23,新学生会的一存 碧阳学园新学生会议事录 下.epub
无可挑剔的恋爱喜剧-第一卷,铃木大辅,2025-12-23,无可挑剔的恋爱喜剧-第一卷.epub
无可挑剔的恋爱喜剧-第七卷,铃木大辅,2025-12-23,无可挑剔的恋爱喜剧-第七卷.epub
无可挑剔的恋爱喜剧-第三卷,铃木大辅,2025-12-23,无可挑剔的恋爱喜剧-第三卷.epub
无可挑剔的恋爱喜剧-第二卷,铃木大辅,2025-12-23,无可挑剔的恋爱喜剧-第二卷.epub
无可挑剔的恋爱喜剧-第五卷,铃木大辅,2025-12-23,无可挑剔的恋爱喜剧-第五卷.epub
无可挑剔的恋爱喜剧-第六卷,铃木大辅,2025-12-23,无可挑剔的恋爱喜剧-第六卷.epub
无可挑剔的恋爱喜剧-第四卷,铃木大辅,2025-12-23,无可挑剔的恋爱喜剧-第四卷.epub
无职转生 ～到了异世界就拿出真本事～ 1,理不尽な孙の手,2025-05-29,无职转生 ～到了异世界就拿出真本事～ 1.epub
无职转生 ～到了异世界就拿出真本事～ 10,理不尽な孙の手,2025-05-29,无职转生 ～到了异世界就拿出真本事～ 10.epub
无职转生 ～到了异世界就拿出真本事～ 11,理不尽な孙の手,2025-05-29,无职转生 ～到了异世界就拿出真本事～ 11.epub
无职转生 ～到了异世界就拿出真本事～ 12,理不尽な孙の手,2025-05-29,无职转生 ～到了异世界就拿出真本事～ 12.epub
无职转生 ～到了异世界就拿出真本事～ 13,理不尽な孙の手,2025-05-29,无职转生 ～到了异世界就拿出真本事～ 13.epub
无职转生 ～到了异世界就拿出真本事～ 14,理不尽な孙の手,2025-05-29,无职转生 ～到了异世界就拿出真本事～ 14.epub
无职转生 ～到了异世界就拿出真本事～ 15,理不尽な孙の手,2025-05-29,无职转生 ～到了异世界就拿出真本事～ 15.epub
无职转生 ～到了异世界就拿出真本事～ 16,理不尽な孙の手,2025-05-29,无职转生 ～到了异世界就拿出真本事～ 16.epub
无职转生 ～到了异世界就拿出真本事～ 17,理不尽な孙の手,2025-05-29,无职转生 ～到了异世界就拿出真本事～ 17.epub
无职转生 ～到了异世界就拿出真本事～ 18,理不尽な孙の手,2025-05-29,无职转生 ～到了异世界就拿出真本事～ 18.epub
无职转生 ～到了异世界就拿出真本事～ 19,理不尽な孙の手,2025-05-29,无职转生 ～到了异世界就拿出真本事～ 19.epub
无职转生 ～到了异世界就拿出真本事～ 2,理不尽な孙の手,2025-05-29,无职转生 ～到了异世界就拿出真本事～ 2.epub
无职转生 ～到了异世界就拿出真本事～ 20,理不尽な孙の手,2025-05-29,无职转生 ～到了异世界就拿出真本事～ 20.epub
无职转生 ～到了异世界就拿出真本事～ 21,理不尽な孙の手,2025-05-29,无职转生 ～到了异世界就拿出真本事～ 21.epub
无职转生 ～到了异世界就拿出真本事～ 22,理不尽な孙の手,2025-05-29,无职转生 ～到了异世界就拿出真本事～ 22.epub
无职转生 ～到了异世界就拿出真本事～ 23,理不尽な孙の手,2025-05-29,无职转生 ～到了异世界就拿出真本事～ 23.epub
无职转生 ～到了异世界就拿出真本事～ 3,理不尽な孙の手,2025-05-29,无职转生 ～到了异世界就拿出真本事～ 3.epub
无职转生 ～到了异世界就拿出真本事～ 4,理不尽な孙の手,2025-05-29,无职转生 ～到了异世界就拿出真本事～ 4.epub
无职转生 ～到了异世界就拿出真本事～ 5,理不尽な孙の手,2025-05-29,无职转生 ～到了异世界就拿出真本事～ 5.epub
无职转生 ～到了异世界就拿出真本事～ 6,理不尽な孙の手,2025-05-29,无职转生 ～到了异世界就拿出真本事～ 6.epub
无职转生 ～到了异世界就拿出真本事～ 7,理不尽な孙の手,2025-05-29,无职转生 ～到了异世界就拿出真本事～ 7.epub
无职转生 ～到了异世界就拿出真本事～ 8,理不尽な孙の手,2025-05-29,无职转生 ～到了异世界就拿出真本事～ 8.epub
无职转生 ～到了异世界就拿出真本事～ 9,理不尽な孙の手,2025-05-29,无职转生 ～到了异世界就拿出真本事～ 9.epub
无职转生 ～蛇足篇～ [第二卷],理不尽な孙の手,2025-05-29,无职转生 ～蛇足篇～ 第二卷.epub
无职转生～到了异世界就拿出真本事～ 24,理不尽な孙の手,2025-05-29,无职转生～到了异世界就拿出真本事～ 24.epub
无职转生～到了异世界就拿出真本事～ 25,理不尽な孙の手,2025-05-29,无职转生～到了异世界就拿出真本事～ 25.epub
无职转生～到了异世界就拿出真本事～ 26,理不尽な孙の手,2025-05-19,无职转生～到了异世界就拿出真本事～ 26.epub
无职转生～蛇足篇～ 1,理不尽な孙の手,2025-05-19,无职转生～蛇足篇～ 1.epub
日常系的异能战斗 4,望公太,2025-08-11,日常系的异能战斗 4.epub
日常系的异能战斗 5,望公太,2025-08-11,日常系的异能战斗 5.epub
日常系的异能战斗 6,望公太,2025-08-11,日常系的异能战斗 6.epub
日常系的异能战斗 7,望公太,2025-08-11,日常系的异能战斗 7.epub
日常系的异能战斗-第八卷-迷糊动漫,望公太,2025-08-11,日常系的异能战斗-第八卷-迷糊动漫.epub
日常系的异能战斗. 01,望公太,2025-08-11,日常系的异能战斗 01.epub
日常系的异能战斗.02,望公太,2025-08-11,日常系的异能战斗.epub
日常系的异能战斗09,望公太,2025-08-11,日常系的异能战斗09.epub
日常系的异能战斗10,,2025-08-11,日常系的异能战斗10.epub
日常系的异能战斗11,望公太,2025-08-11,日常系的异能战斗11.epub
日常系的异能战斗13,望公太,2025-08-11,日常系的异能战斗13.epub
日常系的异能战斗3,望公太,2025-08-11,日常系的异能战斗3.epub
时隔10年重逢，臭小鬼长成了清纯美少女JK 第一卷,館西夕木,2025-05-19,时隔10年重逢臭小鬼长成了清纯美少女JK 第一卷.epub
时隔10年重逢，臭小鬼长成了清纯美少女JK 第三卷,館西夕木,2025-05-19,时隔10年重逢臭小鬼长成了清纯美少女JK 第三卷.epub
时隔10年重逢，臭小鬼长成了清纯美少女JK 第二卷,館西夕木,2025-05-19,时隔10年重逢臭小鬼长成了清纯美少女JK 第二卷.epub
时隔10年重逢，臭小鬼长成了清纯美少女JK 第四卷,館西夕木,2025-05-19,时隔10年重逢臭小鬼长成了清纯美少女JK 第四卷.epub
暴虐の名門学院 啜り泣く女教師,青空白雲,2025-08-04,暴虐の名門学院　啜り泣く女教師.epub
有谁规定了在现实中不能有恋爱喜剧的？ 02,初鹿野創,2025-07-01,有谁规定了在现实中不能有恋爱喜剧的 02.epub
有谁规定了在现实中不能有恋爱喜剧的？ 3,初鹿野創,2025-07-01,有谁规定了在现实中不能有恋爱喜剧的 3.epub
有谁规定了在现实中不能有恋爱喜剧的？ 6,初鹿野創,2025-07-01,有谁规定了在现实中不能有恋爱喜剧的 6.epub
有谁规定了现实中不能有恋爱喜剧的？ 01,初鹿野創,2025-07-01,有谁规定了现实中不能有恋爱喜剧的 01.epub
有谁规定了现实中不能有恋爱喜剧的？ 05,初鹿野創,2025-07-01,有谁规定了现实中不能有恋爱喜剧的 05.epub
有谁规定了现实中不能有恋爱喜剧的？4,初鹿野創,2025-07-01,有谁规定了现实中不能有恋爱喜剧的4.epub
朋友的妹妹只缠着我 第一卷,三河ごーすと,2025-11-24,朋友的妹妹只缠着我 第一卷.epub
朋友的妹妹只缠着我 第七卷,三河ごーすと,2025-11-24,朋友的妹妹只缠着我 第七卷.epub
朋友的妹妹只缠着我 第三卷,三河ごーすと,2025-11-24,朋友的妹妹只缠着我 第三卷.epub
朋友的妹妹只缠着我 第九卷,三河ごーすと,2025-11-24,朋友的妹妹只缠着我 第九卷.epub
朋友的妹妹只缠着我 第二卷,三河ごーすと,2025-11-24,朋友的妹妹只缠着我 第二卷.epub
朋友的妹妹只缠着我 第五卷,三河ごーすと,2025-11-24,朋友的妹妹只缠着我 第五卷.epub
朋友的妹妹只缠着我 第八卷,三河ごーすと,2025-11-24,朋友的妹妹只缠着我 第八卷.epub
朋友的妹妹只缠着我 第六卷,三河ごーすと,2025-11-24,朋友的妹妹只缠着我 第六卷.epub
朋友的妹妹只缠着我 第十卷,三河ごーすと,2025-11-24,朋友的妹妹只缠着我 第十卷.epub
朋友的妹妹只缠着我 第四卷,三河ごーすと,2025-11-24,朋友的妹妹只缠着我 第四卷.epub
朔与茉莉 [Day.3 于明净晴空下盛开的纯白之花],叶月文,2025-05-27,朔与茉莉 Day3 于明净晴空下盛开的纯白之花.epub
朔与茉莉。Day.1 女高中生，初次帮忙,葉月 文,2025-05-27,朔与茉莉Day1 女高中生初次帮忙.epub
朔与茉莉。Day.2 漫改途中，天才亦会遭受挫折,葉月 文,2025-05-27,朔与茉莉Day2 漫改途中天才亦会遭受挫折.epub
末日时在做什么？有没有空？可以来拯救吗？ 1,枯野锳,2025-06-18,末日时在做什么有没有空可以来拯救吗 1.epub
末日时在做什么？有没有空？可以来拯救吗？ 3,枯野瑛,2025-06-18,末日时在做什么有没有空可以来拯救吗 3.epub
末日时在做什么？有没有空？可以来拯救吗？ 5,枯野锳,2025-06-18,末日时在做什么有没有空可以来拯救吗 5.epub
末日时在做什么？有没有空？可以来拯救吗？ EX,枯野瑛,2025-06-18,末日时在做什么有没有空可以来拯救吗 EX.epub
末日时在做什么？有没有空？可以来拯救吗？4,枯野瑛,2025-06-18,末日时在做什么有没有空可以来拯救吗4.epub
末日時在做什麼？有沒有空？可以來拯救嗎？ 2,枯野瑛,2025-06-18,末日時在做什麼有沒有空可以來拯救嗎 2.epub
本家が絶えそうなので分家の俺が種馬１ ―五大貴族のお嬢様と！― (フランス書院eブックス),遊家＠Ｒ１８,2025-07-19,本家が絶えそうなので分家の俺が種馬１ 五大貴族のお嬢様と フランス書院eブックス.epub
本家が絶えそうなので分家の俺が種馬２ ―陰謀渦巻く王都でお嬢様と子作り！―,遊家@R18,2025-07-19,本家が絶えそうなので分家の俺が種馬２　陰謀渦巻く王都でお嬢様と子作り.epub
本家が絶えそうなので分家の俺が種馬３ メイド真白の初体験＆帝都遠征編,遊家@R18,2025-07-19,本家が絶えそうなので分家の俺が種馬３　メイド真白の初体験帝都遠征編.epub
本家が絶えそうなので分家の俺が種馬４ ―撤退戦、そして妹分騎士の忠誠―,遊家@R18,2025-07-19,本家が絶えそうなので分家の俺が種馬４　撤退戦そして妹分騎士の忠誠.epub
本家が絶えそうなので分家の俺が種馬５ ─帝都遠征軍、果てしなき終着点―,遊家@R18,2025-07-19,本家が絶えそうなので分家の俺が種馬５　─帝都遠征軍果てしなき終着点.epub
果然我的青春恋爱喜剧搞错了 短篇集1 雪乃side,渡航,2026-01-15,果然我的青春恋爱喜剧搞错了 短篇集1 雪乃side.epub
果然我的青春恋爱喜剧搞错了 短篇集2 ONPARADE,渡航,2026-01-15,果然我的青春恋爱喜剧搞错了 短篇集2 ONPARADE.epub
果然我的青春恋爱喜剧搞错了 短篇集3 结衣side,渡航,2026-01-15,果然我的青春恋爱喜剧搞错了 短篇集3 结衣side.epub
果然我的青春恋爱喜剧搞错了 短篇集4 allstars,渡航,2026-01-15,果然我的青春恋爱喜剧搞错了 短篇集4 allstars.epub
果然我的青春恋爱喜剧搞错了 结1 Yui'sstory,渡航,2026-01-15,果然我的青春恋爱喜剧搞错了 结1 Yuisstory.epub
果然我的青春恋爱喜剧搞错了 结2 Yui'sstory,渡航,2026-01-15,果然我的青春恋爱喜剧搞错了 结2 Yuisstory.epub
果然我的青春恋爱喜剧搞错了。 1,渡航,2026-01-15,果然我的青春恋爱喜剧搞错了 1.epub
果然我的青春恋爱喜剧搞错了。 10,渡航,2026-01-15,果然我的青春恋爱喜剧搞错了 10 1.epub
果然我的青春恋爱喜剧搞错了。 10.5,渡航,2026-01-15,果然我的青春恋爱喜剧搞错了 10.epub
果然我的青春恋爱喜剧搞错了。 11,渡航,2026-01-15,果然我的青春恋爱喜剧搞错了 11.epub
果然我的青春恋爱喜剧搞错了。 12,渡航,2026-01-15,果然我的青春恋爱喜剧搞错了 12.epub
果然我的青春恋爱喜剧搞错了。 13,渡航,2026-01-15,果然我的青春恋爱喜剧搞错了 13.epub
果然我的青春恋爱喜剧搞错了。 14,渡航,2026-01-15,果然我的青春恋爱喜剧搞错了 14 1.epub
果然我的青春恋爱喜剧搞错了。 14.5,渡航,2026-01-15,果然我的青春恋爱喜剧搞错了 14.epub
果然我的青春恋爱喜剧搞错了。 2,渡航,2026-01-15,果然我的青春恋爱喜剧搞错了 2.epub
果然我的青春恋爱喜剧搞错了。 3,渡航,2026-01-15,果然我的青春恋爱喜剧搞错了 3.epub
果然我的青春恋爱喜剧搞错了。 4,渡航,2026-01-15,果然我的青春恋爱喜剧搞错了 4.epub
果然我的青春恋爱喜剧搞错了。 5,渡航,2026-01-15,果然我的青春恋爱喜剧搞错了 5.epub
果然我的青春恋爱喜剧搞错了。 6,渡航,2026-01-15,果然我的青春恋爱喜剧搞错了 6 3.epub
果然我的青春恋爱喜剧搞错了。 6.25,渡航,2026-01-15,果然我的青春恋爱喜剧搞错了 6 1.epub
果然我的青春恋爱喜剧搞错了。 6.5,渡航,2026-01-15,果然我的青春恋爱喜剧搞错了 6.epub
果然我的青春恋爱喜剧搞错了。 6.75,渡航,2026-01-15,果然我的青春恋爱喜剧搞错了 6 2.epub
果然我的青春恋爱喜剧搞错了。 7,渡航,2026-01-15,果然我的青春恋爱喜剧搞错了 7 1.epub
果然我的青春恋爱喜剧搞错了。 7.5,渡航,2026-01-15,果然我的青春恋爱喜剧搞错了 7.epub
果然我的青春恋爱喜剧搞错了。 8,渡航,2026-01-15,果然我的青春恋爱喜剧搞错了 8.epub
果然我的青春恋爱喜剧搞错了。 9,渡航,2026-01-15,果然我的青春恋爱喜剧搞错了 9.epub
果然我的青春恋爱喜剧搞错了。新 2,渡航,2026-01-15,果然我的青春恋爱喜剧搞错了新 2.epub
果然我的青春恋爱喜剧搞错了。新 3,渡航,2026-01-15,果然我的青春恋爱喜剧搞错了新 3.epub
果然我的青春恋爱喜剧搞错了。新 4,渡航,2026-01-15,果然我的青春恋爱喜剧搞错了新 4.epub
果然我的青春恋爱喜剧搞错了。新 5,渡航,2026-01-15,果然我的青春恋爱喜剧搞错了新 5.epub
果然我的青春恋爱喜剧搞错了。新 6,渡航,2026-01-15,果然我的青春恋爱喜剧搞错了新 6.epub
标题断章格林童话 Ⅸ 石竹花·下,甲田学人,2025-11-24,标题断章格林童话 Ⅸ 石竹花下.epub
櫻花莊的寵物女孩 01,鴨志田一,2025-05-23,櫻花莊的寵物女孩 01.epub
櫻花莊的寵物女孩 02,鴨志田一,2025-05-23,櫻花莊的寵物女孩 02.epub
櫻花莊的寵物女孩 03,鴨志田一,2025-05-23,櫻花莊的寵物女孩 03.epub
櫻花莊的寵物女孩 04,鴨志田一,2025-05-23,櫻花莊的寵物女孩 04.epub
櫻花莊的寵物女孩 05,鴨志田一,2025-05-23,櫻花莊的寵物女孩 05.epub
櫻花莊的寵物女孩 06,鴨志田一,2025-05-23,櫻花莊的寵物女孩 06.epub
櫻花莊的寵物女孩 07,鴨志田一,2025-05-23,櫻花莊的寵物女孩 07.epub
櫻花莊的寵物女孩 08,鴨志田一,2025-05-23,櫻花莊的寵物女孩 08.epub
櫻花莊的寵物女孩 09,鴨志田一,2025-05-23,櫻花莊的寵物女孩 09.epub
櫻花莊的寵物女孩 10,鴨志田一,2025-05-23,櫻花莊的寵物女孩 10.epub
死神さん、やさしく殺してキスをして (電撃文庫),松山 剛,2025-11-17,死神さんやさしく殺してキスをして 電撃文庫.epub
求你别来管我啦 2 为什么她要来改写边缘人已经走完的高中生活,相崎壁际,2025-11-10,求你别来管我啦 2 为什么她要来改写边缘人已经走完的高中生活.epub
汝，爱上昏君吧 [第一卷],本条謙太郎,2026-01-04,汝爱上昏君吧 第一卷.epub
濃密なキスで繋がる俺とクラスメイト【石斑舞編】,膵槽,2025-08-05,濃密なキスで繋がる俺とクラスメイト石斑舞編.epub
灰原くんの強くて青春ニューゲーム 8,雨宮和希,2025-06-25,灰原くんの強くて青春ニューゲーム 8.epub
灰原同学重返过去，开启所向无敌的第二轮青春游戏 第一卷,雨宫和希,2025-06-25,灰原同学重返过去开启所向无敌的第二轮青春游戏 第一卷.epub
灰原同学重返过去，开启所向无敌的第二轮青春游戏 第七卷,雨宫和希,2025-06-25,灰原同学重返过去开启所向无敌的第二轮青春游戏 第七卷.epub
灰原同学重返过去，开启所向无敌的第二轮青春游戏 第三卷,雨宫和希,2025-06-25,灰原同学重返过去开启所向无敌的第二轮青春游戏 第三卷.epub
灰原同学重返过去，开启所向无敌的第二轮青春游戏 第二卷,雨宫和希,2025-06-25,灰原同学重返过去开启所向无敌的第二轮青春游戏 第二卷.epub
灰原同学重返过去，开启所向无敌的第二轮青春游戏 第五卷,雨宫和希,2025-06-25,灰原同学重返过去开启所向无敌的第二轮青春游戏 第五卷.epub
灰原同学重返过去，开启所向无敌的第二轮青春游戏 第六卷,雨宫和希,2025-06-25,灰原同学重返过去开启所向无敌的第二轮青春游戏 第六卷.epub
灰原同学重返过去，开启所向无敌的第二轮青春游戏 第四卷,雨宫和希,2025-06-25,灰原同学重返过去开启所向无敌的第二轮青春游戏 第四卷.epub
為美好的世界獻上祝福！17 ~為冒險者們獻上祝福~,暁なつめ,2025-05-19,為美好的世界獻上祝福17 ~為冒險者們獻上祝福~.epub
為美好的世界獻上祝福！9 紅之宿命,暁なつめ,2025-05-19,為美好的世界獻上祝福9 紅之宿命.epub
為美好的世界獻上祝福！EXTRA 讓笨蛋登上舞台吧！2 後宮的天空,暁なつめ,2025-05-19,為美好的世界獻上祝福EXTRA 讓笨蛋登上舞台吧2 後宮的天空.epub
為美好的世界獻上祝福！EXTRA 讓笨蛋登上舞台吧！3 為心懷美夢的公主獻上星空,暁なつめ,2025-05-19,為美好的世界獻上祝福EXTRA 讓笨蛋登上舞台吧3 為心懷美夢的公主獻上星空.epub
無知な幼馴染の10年後_1,雨音恵,2026-06-13,無知な幼馴染の10年後_1.epub
無職転生 ～異世界行ったら本気だす～ スペシャルブック,理不尽な孫の手,2025-05-19,無職転生 ～異世界行ったら本気だす～ スペシャルブック.epub
無職転生 ～蛇足編～2,理不尽な孫の手,2025-05-19,無職転生　～蛇足編～2.epub
無職転生 ～蛇足編～3 ジョブレス・レッドカーペット,理不尽な孫の手,2025-06-25,無職転生　～蛇足編～3　ジョブレスレッドカーペット.epub
爱依赖的她，成天泡在我房里 01,万屋久兵卫,2025-11-24,爱依赖的她成天泡在我房里 01.epub
爱依赖的她，成天泡在我房里 02,万屋久兵卫,2025-11-24,爱依赖的她成天泡在我房里 02.epub
爲美好的世界獻上祝福！1 啊啊，沒用的女神大人,暁なつめ,2025-05-19,爲美好的世界獻上祝福1 啊啊沒用的女神大人.epub
玩乐关系 1,葵关南,2025-08-11,玩乐关系 1.epub
玩乐关系 2,葵关南,2025-12-28,玩乐关系 2.epub
用催眠APP打造梦幻后宫生活 第一卷,みょん,2025-11-24,用催眠APP打造梦幻后宫生活 第一卷.epub
电波女与青春男 BD短篇集合,入间人间,2025-10-31,电波女与青春男 BD短篇集合.epub
电波女与青春男 外传 8月×日 今夜星光必将灿烂,入间人间,2025-10-31,电波女与青春男 外传 8月×日 今夜星光必将灿烂.epub
电波女与青春男 外传 请让我回家,入间人间,2025-10-31,电波女与青春男 外传 请让我回家.epub
电波女＆青春男 01,入间人间,2025-10-31,电波女青春男 01.epub
电波女＆青春男 02,入间人间,2025-10-31,电波女青春男 02.epub
电波女＆青春男 03,入间人间,2025-10-31,电波女青春男 03.epub
电波女＆青春男 04,入间人间,2025-10-31,电波女青春男 04.epub
电波女＆青春男 05,入间人间,2025-10-31,电波女青春男 05.epub
电波女＆青春男 06,入间人间,2025-10-31,电波女青春男 06.epub
电波女＆青春男 07,入间人间,2025-10-31,电波女青春男 07.epub
电波女＆青春男 08,入间人间,2025-10-31,电波女青春男 08.epub
电波女＆青春男 SF (一点点不可思议) 版,入间人间,2025-10-31,电波女青春男 SF 一点点不可思议 版.epub
男女の友情は成立する？（いや、しないっ!!） Flag 12. それでも、ずっとずぅ～っと一緒にいようねっ！ (電撃文庫),七菜 なな,2025-11-24,男女の友情は成立するいやしないっ Flag 12 それでもずっとずぅ～っと一緒にいようねっ 電撃文庫.epub
男女之间存在纯友情吗？（不，不存在！） 第一卷 Flag1.不然到三十岁还单身就跟我在一起吧？,七菜なな,2025-11-24,男女之间存在纯友情吗不不存在 第一卷 Flag1.epub
男女之间存在纯友情吗？（不，不存在！） 第七卷 Flag6.难道现在这样的我不行吗？,七菜なな,2025-11-24,男女之间存在纯友情吗不不存在 第七卷 Flag6.epub
男女之间存在纯友情吗？（不，不存在！） 第三卷 Flag3.不然你就一直看着我好了？,七菜なな,2025-11-24,男女之间存在纯友情吗不不存在 第三卷 Flag3.epub
男女之间存在纯友情吗？（不，不存在！） 第九卷 Flag 8.如果学长无论如何都要这样拜托，答应也可以喔？,七菜なな,2025-11-24,男女之间存在纯友情吗不不存在 第九卷 Flag 8.epub
男女之间存在纯友情吗？（不，不存在！） 第二卷 Flag2.不然干脆真的跟我交往好了？,七菜なな,2025-11-24,男女之间存在纯友情吗不不存在 第二卷 Flag2.epub
男女之间存在纯友情吗？（不，不存在！） 第五卷 Flag4.不过，我们是挚友对吧？〈下〉,七菜なな,2025-11-24,男女之间存在纯友情吗不不存在 第五卷 Flag4.epub
男女之间存在纯友情吗？（不，不存在！） 第八卷 Flag7.不过，既然是恋人，我就是你的第一吧？,七菜なな,2025-11-24,男女之间存在纯友情吗不不存在 第八卷 Flag7.epub
男女之间存在纯友情吗？（不，不存在！） 第六卷 Flag5.虽然不到三十岁，还是跟我在一起吧？,七菜なな,2025-11-24,男女之间存在纯友情吗不不存在 第六卷 Flag5.epub
男女之间存在纯友情吗？（不，不存在！） 第十一卷 Flag 10.被你这种家伙当朋友的话，我应该也没戏唱了吧。,七菜なな,2025-11-24,男女之间存在纯友情吗不不存在 第十一卷 Flag 10.epub
男女之间存在纯友情吗？（不，不存在！） 第十卷 Flag 9.欸，就当这是最后一次，在这趟旅行期间让我做你的女朋友吧？,七菜なな,2025-11-24,男女之间存在纯友情吗不不存在 第十卷 Flag 9.epub
男女之间存在纯友情吗？（不，不存在！） 第四卷 Flag4.不过，我们是挚友对吧？〈上〉,七菜なな,2025-11-24,男女之间存在纯友情吗不不存在 第四卷 Flag4.epub
異世界に転移したら、美少女皇女と結婚して皇帝になったので、のんびりハーレム生活を楽しみます（ブレイブ文庫）１,軽井広,2025-09-21,異世界に転移したら美少女皇女と結婚して皇帝になったのでのんびりハーレム生活を楽しみますブレイブ文庫１.epub
異世界に転移したら、美少女皇女と結婚して皇帝になったので、のんびりハーレム生活を楽しみます（ブレイブ文庫）２,軽井広,2025-09-21,異世界に転移したら美少女皇女と結婚して皇帝になったのでのんびりハーレム生活を楽しみますブレイブ文庫２.epub
病至爱恋,斜线堂有纪,2026-01-24,病至爱恋.epub
監禁王,作者：マサイ▏插图：ぺい,2025-07-26,監禁王.epub
神と悪魔がデートをするなら、どちらが奢るべきか？ ～恋は神魔最終戦争のあとで～,輝井　永澄,2025-07-19,神と悪魔がデートをするならどちらが奢るべきか　～恋は神魔最終戦争のあとで～.epub
神的记事本 01,杉井光,2025-11-27,神的记事本 01.epub
神的记事本 02,杉井光,2025-11-27,神的记事本 02.epub
神的记事本 03,杉井光,2025-11-27,神的记事本 03.epub
神的记事本 04,杉井光,2025-11-27,神的记事本 04.epub
神的记事本 05,杉井光,2025-11-27,神的记事本 05.epub
神的记事本 06,杉井光,2025-11-27,神的记事本 06.epub
神的记事本 07,杉井光,2025-11-27,神的记事本 07.epub
神的记事本 8,杉井光,2025-11-27,神的记事本 8.epub
神的记事本09,杉井光,2025-11-27,神的记事本09.epub
突然住む家を失ったら憧れの女子達との秘密の同棲生活が始まったんだが？ (GCN文庫),ｋａｋａｏ,2025-09-22,突然住む家を失ったら憧れの女子達との秘密の同棲生活が始まったんだが GCN文庫.epub
絮叨的我和冷淡的你,アストロコーラ,2025-08-22,絮叨的我和冷淡的你.epub
繼母的拖油瓶是我的前女友 11 反正你也不知道,紙城境介,2025-05-19,繼母的拖油瓶是我的前女友 11 反正你也不知道.epub
繼母的拖油瓶是我的前女友 8 差不多該動真格了吧,紙城鏡介,2025-05-19,繼母的拖油瓶是我的前女友 8 差不多該動真格了吧.epub
线上游戏的老婆不可能是女生？ BD特典,聴猫芝居,2026-02-21,线上游戏的老婆不可能是女生 BD特典.epub
线上游戏的老婆不可能是女生？ 短篇,聴猫芝居,2026-02-21,线上游戏的老婆不可能是女生 短篇.epub
线上游戏的老婆不可能是女生？ 第一卷,聴猫芝居,2026-02-21,线上游戏的老婆不可能是女生 第一卷.epub
线上游戏的老婆不可能是女生？ 第七卷,聴猫芝居,2026-02-21,线上游戏的老婆不可能是女生 第七卷.epub
线上游戏的老婆不可能是女生？ 第三卷,聴猫芝居,2026-02-21,线上游戏的老婆不可能是女生 第三卷.epub
线上游戏的老婆不可能是女生？ 第九卷,聴猫芝居,2026-02-21,线上游戏的老婆不可能是女生 第九卷.epub
线上游戏的老婆不可能是女生？ 第二十一卷,聴猫芝居,2026-02-21,线上游戏的老婆不可能是女生 第二十一卷.epub
线上游戏的老婆不可能是女生？ 第二十卷,聴猫芝居,2026-02-21,线上游戏的老婆不可能是女生 第二十卷.epub
线上游戏的老婆不可能是女生？ 第二卷,聴猫芝居,2026-02-21,线上游戏的老婆不可能是女生 第二卷.epub
线上游戏的老婆不可能是女生？ 第五卷,聴猫芝居,2026-02-21,线上游戏的老婆不可能是女生 第五卷.epub
线上游戏的老婆不可能是女生？ 第八卷,聴猫芝居,2026-02-21,线上游戏的老婆不可能是女生 第八卷.epub
线上游戏的老婆不可能是女生？ 第六卷,聴猫芝居,2026-02-21,线上游戏的老婆不可能是女生 第六卷.epub
线上游戏的老婆不可能是女生？ 第十一卷,聴猫芝居,2026-02-21,线上游戏的老婆不可能是女生 第十一卷.epub
线上游戏的老婆不可能是女生？ 第十七卷,聴猫芝居,2026-02-21,线上游戏的老婆不可能是女生 第十七卷.epub
线上游戏的老婆不可能是女生？ 第十三卷,聴猫芝居,2026-02-21,线上游戏的老婆不可能是女生 第十三卷.epub
线上游戏的老婆不可能是女生？ 第十九卷,聴猫芝居,2026-02-21,线上游戏的老婆不可能是女生 第十九卷.epub
线上游戏的老婆不可能是女生？ 第十二卷,聴猫芝居,2026-02-21,线上游戏的老婆不可能是女生 第十二卷.epub
线上游戏的老婆不可能是女生？ 第十五卷,聴猫芝居,2026-02-21,线上游戏的老婆不可能是女生 第十五卷.epub
线上游戏的老婆不可能是女生？ 第十八卷,聴猫芝居,2026-02-21,线上游戏的老婆不可能是女生 第十八卷.epub
线上游戏的老婆不可能是女生？ 第十六卷,聴猫芝居,2026-02-21,线上游戏的老婆不可能是女生 第十六卷.epub
线上游戏的老婆不可能是女生？ 第十卷,聴猫芝居,2026-02-21,线上游戏的老婆不可能是女生 第十卷.epub
线上游戏的老婆不可能是女生？ 第十四卷,聴猫芝居,2026-02-21,线上游戏的老婆不可能是女生 第十四卷.epub
线上游戏的老婆不可能是女生？ 第四卷,聴猫芝居,2026-02-21,线上游戏的老婆不可能是女生 第四卷.epub
继母的拖油瓶是我的前女友 第九卷,uread 1.36.885 简体版,2025-05-19,继母的拖油瓶是我的前女友 第九卷.epub
继母的拖油瓶是我的前女友 第十二卷 男人从来都只有一个,紙城境介,2025-05-19,继母的拖油瓶是我的前女友 第十二卷 男人从来都只有一个.epub
继母的拖油瓶是我的前女友 第十卷,uread 1.36.885 简体版,2025-05-19,继母的拖油瓶是我的前女友 第十卷.epub
继母的拖油瓶是我的前女友-短篇-迷糊轻小说,,2025-05-19,继母的拖油瓶是我的前女友-短篇-迷糊轻小说.epub
继母的拖油瓶是我的前女友-第一卷 昔日的恋情无从终结-迷糊轻小说,,2025-05-19,继母的拖油瓶是我的前女友-第一卷 昔日的恋情无从终结-迷糊轻小说.epub
继母的拖油瓶是我的前女友-第三卷 青梅竹马还是算了吧-迷糊轻小说,,2025-05-19,继母的拖油瓶是我的前女友-第三卷 青梅竹马还是算了吧-迷糊轻小说.epub
继母的拖油瓶是我的前女友-第二卷 哪怕不再是恋人-迷糊轻小说,,2025-05-19,继母的拖油瓶是我的前女友-第二卷 哪怕不再是恋人-迷糊轻小说.epub
继母的拖油瓶是我的前女友-第五卷 你是世界上独一无二的存在-迷糊轻小说,,2025-05-19,继母的拖油瓶是我的前女友-第五卷 你是世界上独一无二的存在-迷糊轻小说.epub
继母的拖油瓶是我的前女友-第六卷 当时没能说出口的六件事-迷糊轻小说,,2025-05-19,继母的拖油瓶是我的前女友-第六卷 当时没能说出口的六件事-迷糊轻小说.epub
继母的拖油瓶是我的前女友-第四卷 来自初吻的宣战布告-迷糊轻小说,,2025-05-19,继母的拖油瓶是我的前女友-第四卷 来自初吻的宣战布告-迷糊轻小说.epub
继母的拖油瓶是我的前女友7 再待一会儿就好,纸城境介,2025-05-19,继母的拖油瓶是我的前女友7 再待一会儿就好.epub
综上所述，我们证明了初恋。 -δ和γ的理学部笔记 1-,逆井卓马,2025-06-04,综上所述我们证明了初恋 -δ和γ的理学部笔记 1-.epub
義妹生活 01,三河ごーすと,2025-05-19,義妹生活 01.epub
義妹生活 02,三河ごーすと,2025-05-19,義妹生活 02.epub
義妹生活 03,三河ごーすと,2025-05-19,義妹生活 03.epub
義妹生活 04,三河ごーすと,2025-05-19,義妹生活 04.epub
義妹生活 05,三河ごーすと,2025-05-19,義妹生活 05.epub
義妹生活 06,三河ごーすと,2025-05-19,義妹生活 06.epub
義妹生活 07,三河ごーすと,2025-05-19,義妹生活 07.epub
義妹生活 08,三河ごーすと,2025-05-19,義妹生活 08.epub
義妹生活 09,三河ごーすと,2025-05-19,義妹生活 09.epub
義妹５人いる,榛名丼,2025-08-10,義妹５人いる.epub
背离冬日 [全一册],石川博品,2025-10-31,背离冬日 全一册.epub
英雄与魔女的转生恋爱喜剧 01,雨宮和希,2025-06-25,英雄与魔女的转生恋爱喜剧 01.epub
英雄与魔女的转生恋爱喜剧 02,雨宮和希,2025-06-25,英雄与魔女的转生恋爱喜剧 02.epub
落第骑士英雄谭 短篇,海空りく,2025-11-24,落第骑士英雄谭 短篇.epub
落第骑士英雄谭 第一卷,海空りく,2025-11-24,落第骑士英雄谭 第一卷.epub
落第骑士英雄谭 第七卷,海空りく,2025-11-24,落第骑士英雄谭 第七卷.epub
落第骑士英雄谭 第三卷,海空りく,2025-11-24,落第骑士英雄谭 第三卷.epub
落第骑士英雄谭 第九卷,海空りく,2025-11-24,落第骑士英雄谭 第九卷.epub
落第骑士英雄谭 第二卷,海空りく,2025-11-24,落第骑士英雄谭 第二卷.epub
落第骑士英雄谭 第五卷,海空りく,2025-11-24,落第骑士英雄谭 第五卷.epub
落第骑士英雄谭 第八卷,海空りく,2025-11-24,落第骑士英雄谭 第八卷.epub
落第骑士英雄谭 第六卷,海空りく,2025-11-24,落第骑士英雄谭 第六卷.epub
落第骑士英雄谭 第十一卷,海空りく,2025-11-24,落第骑士英雄谭 第十一卷.epub
落第骑士英雄谭 第十七卷,海空りく,2025-11-24,落第骑士英雄谭 第十七卷.epub
落第骑士英雄谭 第十三卷,海空りく,2025-11-24,落第骑士英雄谭 第十三卷.epub
落第骑士英雄谭 第十九卷,海空りく,2025-11-24,落第骑士英雄谭 第十九卷.epub
落第骑士英雄谭 第十二卷,海空りく,2025-11-24,落第骑士英雄谭 第十二卷.epub
落第骑士英雄谭 第十五卷,海空りく,2025-11-24,落第骑士英雄谭 第十五卷.epub
落第骑士英雄谭 第十八卷,海空りく,2025-11-24,落第骑士英雄谭 第十八卷.epub
落第骑士英雄谭 第十六卷,海空りく,2025-11-24,落第骑士英雄谭 第十六卷.epub
落第骑士英雄谭 第十卷,海空りく,2025-11-24,落第骑士英雄谭 第十卷.epub
落第骑士英雄谭 第十四卷,海空りく,2025-11-24,落第骑士英雄谭 第十四卷.epub
落第骑士英雄谭 第四卷,海空りく,2025-11-24,落第骑士英雄谭 第四卷.epub
落第骑士英雄谭 第零卷,海空りく,2025-11-24,落第骑士英雄谭 第零卷.epub
虽然稍微比我年长一点，但可以当我女友吗？ 1 ～爱上27岁的JK～,望公太,2025-08-11,虽然稍微比我年长一点但可以当我女友吗 1 ～爱上27岁的JK～.epub
虽然稍微比我年长一点，但可以当我女友吗？ 2 ～可爱得不得了，总之就是很崇高～,望公太,2025-08-11,虽然稍微比我年长一点但可以当我女友吗 2 ～可爱得不得了总之就是很崇高～.epub
虽然稍微比我年长一点，但可以当我女友吗？ 3 ～跨越时间的爱～,望公太,2025-08-11,虽然稍微比我年长一点但可以当我女友吗 3 ～跨越时间的爱～.epub
虽然稍微比我年长一点，但可以当我女友吗？ 4 ～喜欢的反义词是超喜欢～,望公太,2025-08-11,虽然稍微比我年长一点但可以当我女友吗 4 ～喜欢的反义词是超喜欢～.epub
虽然稍微比我年长一点，但可以当我女友吗？ [第五卷 不论年龄，都是公主],望公太,2025-08-11,虽然稍微比我年长一点但可以当我女友吗 第五卷 不论年龄都是公主.epub
血の繋がらない私たちが家族になるたった一つの方法２,雲雀湯,2026-02-10,血の繋がらない私たちが家族になるたった一つの方法２.epub
装成熟！！～大学生的恋爱喜剧不抽烟喝酒根本撑不下去！～ 第一卷,屁負比丘尼,2025-11-24,装成熟～大学生的恋爱喜剧不抽烟喝酒根本撑不下去～ 第一卷.epub
西游记（人文社经典彩皮版，长销70年，以明代世德堂本为底本；三次修订重校；豆瓣上万条评论；2020年教育部指导目录图书）,吴承恩,2025-05-19,西游记人文社经典彩皮版长销70年以明代世德堂本为底本三次修订重校豆瓣上万条评论2020年教育部指导目录图书.epub
西野 ～学内カースト最下位にして異能世界最強の少年～ SS集 ある日の出来事,ぶんころり,2025-11-25,西野　～学内カースト最下位にして異能世界最強の少年～ SS集　ある日の出来事.epub
西野～校内地位最底层的异能世界最强少年～ 第一卷,ぶんころり,2025-11-25,西野～校内地位最底层的异能世界最强少年～ 第一卷.epub
西野～校内地位最底层的异能世界最强少年～ 第七卷,ぶんころり,2025-11-25,西野～校内地位最底层的异能世界最强少年～ 第七卷.epub
西野～校内地位最底层的异能世界最强少年～ 第三卷,ぶんころり,2025-11-25,西野～校内地位最底层的异能世界最强少年～ 第三卷.epub
西野～校内地位最底层的异能世界最强少年～ 第九卷,ぶんころり,2025-11-25,西野～校内地位最底层的异能世界最强少年～ 第九卷.epub
西野～校内地位最底层的异能世界最强少年～ 第二卷,ぶんころり,2025-11-25,西野～校内地位最底层的异能世界最强少年～ 第二卷.epub
西野～校内地位最底层的异能世界最强少年～ 第五卷,ぶんころり,2025-11-25,西野～校内地位最底层的异能世界最强少年～ 第五卷.epub
西野～校内地位最底层的异能世界最强少年～ 第八卷,ぶんころり,2025-11-25,西野～校内地位最底层的异能世界最强少年～ 第八卷.epub
西野～校内地位最底层的异能世界最强少年～ 第六卷,ぶんころり,2025-11-25,西野～校内地位最底层的异能世界最强少年～ 第六卷.epub
西野～校内地位最底层的异能世界最强少年～ 第十一卷,ぶんころり,2025-11-25,西野～校内地位最底层的异能世界最强少年～ 第十一卷.epub
西野～校内地位最底层的异能世界最强少年～ 第十三卷,ぶんころり,2025-11-25,西野～校内地位最底层的异能世界最强少年～ 第十三卷.epub
西野～校内地位最底层的异能世界最强少年～ 第十二卷,ぶんころり,2025-11-25,西野～校内地位最底层的异能世界最强少年～ 第十二卷.epub
西野～校内地位最底层的异能世界最强少年～ 第十卷,ぶんころり,2025-11-25,西野～校内地位最底层的异能世界最强少年～ 第十卷.epub
西野～校内地位最底层的异能世界最强少年～ 第十四卷,ぶんころり,2025-11-25,西野～校内地位最底层的异能世界最强少年～ 第十四卷.epub
西野～校内地位最底层的异能世界最强少年～ 第四卷,ぶんころり,2025-11-25,西野～校内地位最底层的异能世界最强少年～ 第四卷.epub
要是有个妹妹就好了5,平坂読,2025-10-29,要是有个妹妹就好了5.epub
許嫁になったダウナーギャルが毎週ヤられにくる話,月見ハク,2025-07-01,許嫁になったダウナーギャルが毎週ヤられにくる話.epub
許嫁になったダウナーギャルが毎週ヤられにくる話２,月見ハク,2025-08-05,許嫁になったダウナーギャルが毎週ヤられにくる話２.epub
許嫁になったダウナーギャルが毎週ヤられにくる話３,月見ハク,2026-07-11,許嫁になったダウナーギャルが毎週ヤられにくる話３.epub
说谎的男孩与坏掉的女孩-i卷 记忆的形成是作为,入间人间,2025-11-24,说谎的男孩与坏掉的女孩-i卷 记忆的形成是作为.epub
说谎的男孩与坏掉的女孩-第一卷 幸福的背景是不幸,入间人间,2025-11-24,说谎的男孩与坏掉的女孩-第一卷 幸福的背景是不幸.epub
说谎的男孩与坏掉的女孩-第七卷 死后的影响是生前,入间人间,2025-11-24,说谎的男孩与坏掉的女孩-第七卷 死后的影响是生前.epub
说谎的男孩与坏掉的女孩-第三卷 死的基础是生,入间人间,2025-11-24,说谎的男孩与坏掉的女孩-第三卷 死的基础是生.epub
说谎的男孩与坏掉的女孩-第九卷 起始的未来是终焉,入间人间,2025-11-24,说谎的男孩与坏掉的女孩-第九卷 起始的未来是终焉.epub
说谎的男孩与坏掉的女孩-第二卷 善意的指针是恶意,入间人间,2025-11-24,说谎的男孩与坏掉的女孩-第二卷 善意的指针是恶意.epub
说谎的男孩与坏掉的女孩-第五卷 欲望的主轴是羁绊,入间人间,2025-11-24,说谎的男孩与坏掉的女孩-第五卷 欲望的主轴是羁绊.epub
说谎的男孩与坏掉的女孩-第八卷 日常的价值是非凡,入间人间,2025-11-24,说谎的男孩与坏掉的女孩-第八卷 日常的价值是非凡.epub
说谎的男孩与坏掉的女孩-第六卷 谎言的价值是真相,入间人间,2025-11-24,说谎的男孩与坏掉的女孩-第六卷 谎言的价值是真相.epub
说谎的男孩与坏掉的女孩-第十一卷 ××的彼方是爱情,入间人间,2025-11-24,说谎的男孩与坏掉的女孩-第十一卷 ××的彼方是爱情.epub
说谎的男孩与坏掉的女孩-第十卷 结束的结束是开始,入间人间,2025-11-24,说谎的男孩与坏掉的女孩-第十卷 结束的结束是开始.epub
说谎的男孩与坏掉的女孩-第四卷 羁绊的支柱是欲望,入间人间,2025-11-24,说谎的男孩与坏掉的女孩-第四卷 羁绊的支柱是欲望.epub
请别来管我 不知为何她想改变孤狼这没救的高中生活,相崎壁际,2025-11-10,请别来管我 不知为何她想改变孤狼这没救的高中生活.epub
请把我当成妹妹，给我超越女友的爱-第一卷-迷糊轻小说,,2026-02-10,请把我当成妹妹给我超越女友的爱-第一卷-迷糊轻小说.epub
请把我当成妹妹，给我超越女友的爱-第二卷-迷糊轻小说,,2026-02-10,请把我当成妹妹给我超越女友的爱-第二卷-迷糊轻小说.epub
負けを認めたら、もっと触らせてあげるけど？ ざーこ,ちゅるけ,2025-07-13,負けを認めたらもっと触らせてあげるけど　ざーこ.epub
貴族令嬢。俺にだけなつく５,夏乃実,2025-12-23,貴族令嬢俺にだけなつく５.epub
败北女角太多了！ SSS短篇集,雨森たきび,2026-02-11,败北女角太多了 SSS短篇集.epub
败北女角太多了！ [第七卷],雨森焚火,2025-05-19,败北女角太多了 第七卷.epub
败北女角太多了！ 第一卷,,2025-05-19,败北女角太多了 第一卷.epub
败北女角太多了！ 第三卷,,2025-05-19,败北女角太多了 第三卷.epub
败北女角太多了！ 第二卷,,2025-05-19,败北女角太多了 第二卷.epub
败北女角太多了！ 第五卷,,2025-05-19,败北女角太多了 第五卷.epub
败北女角太多了！ 第六卷,,2025-05-19,败北女角太多了 第六卷.epub
败北女角太多了！ 第四卷,,2025-05-19,败北女角太多了 第四卷.epub
败北女角太多了！8.5卷（贴吧搬运版）,雨森焚火,2026-02-11,败北女角太多了8.epub
败犬女主太多了！ 08,雨森焚火,2025-05-19,败犬女主太多了 08.epub
贵族千金只愿意亲近我 第一卷,夏乃実,2025-12-23,贵族千金只愿意亲近我 第一卷.epub
贵族千金只愿意亲近我 第三卷,夏乃実,2025-12-23,贵族千金只愿意亲近我 第三卷.epub
贵族千金只愿意亲近我 第二卷,夏乃実,2025-12-23,贵族千金只愿意亲近我 第二卷.epub
贵族千金只愿意亲近我 第四卷,夏乃実,2025-12-23,贵族千金只愿意亲近我 第四卷.epub
身为VTuber的我因为忘记关台而成了传说 第一卷,七斗七,2025-11-10,身为VTuber的我因为忘记关台而成了传说 第一卷.epub
身为VTuber的我因为忘记关台而成了传说 第七卷,七斗七,2025-11-10,身为VTuber的我因为忘记关台而成了传说 第七卷.epub
身为VTuber的我因为忘记关台而成了传说 第三卷,七斗七,2025-11-10,身为VTuber的我因为忘记关台而成了传说 第三卷.epub
身为VTuber的我因为忘记关台而成了传说 第二卷,七斗七,2025-11-10,身为VTuber的我因为忘记关台而成了传说 第二卷.epub
身为VTuber的我因为忘记关台而成了传说 第五卷,七斗七,2025-11-10,身为VTuber的我因为忘记关台而成了传说 第五卷.epub
身为VTuber的我因为忘记关台而成了传说 第八卷,七斗七,2025-11-10,身为VTuber的我因为忘记关台而成了传说 第八卷.epub
身为VTuber的我因为忘记关台而成了传说 第六卷,七斗七,2025-11-10,身为VTuber的我因为忘记关台而成了传说 第六卷.epub
身为VTuber的我因为忘记关台而成了传说 第四卷,七斗七,2025-11-10,身为VTuber的我因为忘记关台而成了传说 第四卷.epub
转生为睡走情色游戏女主角的男人，但我绝不会干这种事 第一卷,みょん,2025-11-24,转生为睡走情色游戏女主角的男人但我绝不会干这种事 第一卷.epub
转生为睡走情色游戏女主角的男人，但我绝不会干这种事 第三卷,みょん,2025-11-24,转生为睡走情色游戏女主角的男人但我绝不会干这种事 第三卷.epub
转生为睡走情色游戏女主角的男人，但我绝不会干这种事 第二卷,みょん,2025-11-24,转生为睡走情色游戏女主角的男人但我绝不会干这种事 第二卷.epub
转生为睡走情色游戏女主角的男人，但我绝不会干这种事 第四卷,みょん,2025-11-24,转生为睡走情色游戏女主角的男人但我绝不会干这种事 第四卷.epub
转生成为配角的我，也可以『攻略』义妹吗？ [第一卷],としぞう,2025-06-04,转生成为配角的我也可以攻略义妹吗 第一卷.epub
辣妹因为惩罚游戏才向我这个边缘人告白，但显然是真心爱上我了 第一卷,結石,2025-11-29,辣妹因为惩罚游戏才向我这个边缘人告白但显然是真心爱上我了 第一卷.epub
辣妹因为惩罚游戏才向我这个边缘人告白，但显然是真心爱上我了 第七卷,結石,2025-11-29,辣妹因为惩罚游戏才向我这个边缘人告白但显然是真心爱上我了 第七卷.epub
辣妹因为惩罚游戏才向我这个边缘人告白，但显然是真心爱上我了 第三卷,結石,2025-11-29,辣妹因为惩罚游戏才向我这个边缘人告白但显然是真心爱上我了 第三卷.epub
辣妹因为惩罚游戏才向我这个边缘人告白，但显然是真心爱上我了 第九卷,結石,2025-11-29,辣妹因为惩罚游戏才向我这个边缘人告白但显然是真心爱上我了 第九卷.epub
辣妹因为惩罚游戏才向我这个边缘人告白，但显然是真心爱上我了 第二卷,結石,2025-11-29,辣妹因为惩罚游戏才向我这个边缘人告白但显然是真心爱上我了 第二卷.epub
辣妹因为惩罚游戏才向我这个边缘人告白，但显然是真心爱上我了 第五卷,結石,2025-11-29,辣妹因为惩罚游戏才向我这个边缘人告白但显然是真心爱上我了 第五卷.epub
辣妹因为惩罚游戏才向我这个边缘人告白，但显然是真心爱上我了 第八卷,結石,2025-11-29,辣妹因为惩罚游戏才向我这个边缘人告白但显然是真心爱上我了 第八卷.epub
辣妹因为惩罚游戏才向我这个边缘人告白，但显然是真心爱上我了 第六卷,結石,2025-11-29,辣妹因为惩罚游戏才向我这个边缘人告白但显然是真心爱上我了 第六卷.epub
辣妹因为惩罚游戏才向我这个边缘人告白，但显然是真心爱上我了 第十卷,結石,2025-11-29,辣妹因为惩罚游戏才向我这个边缘人告白但显然是真心爱上我了 第十卷.epub
辣妹因为惩罚游戏才向我这个边缘人告白，但显然是真心爱上我了 第四卷,結石,2025-11-29,辣妹因为惩罚游戏才向我这个边缘人告白但显然是真心爱上我了 第四卷.epub
这里是终末停滞委员会。1,逢縁奇演,2025-05-27,这里是终末停滞委员会1.epub
这里是终末停滞委员会。2,逢縁奇演,2025-06-09,这里是终末停滞委员会2.epub
这里是终末停滞委员会。3,逢縁奇演,2025-07-10,这里是终末停滞委员会3.epub
这里是，终末停滞委员会。4,逢縁奇演,2025-07-25,这里是终末停滞委员会4.epub
这里是，终末停滞委员会。5,逢縁奇演,2026-01-29,这里是终末停滞委员会5.epub
造成我心理阴影的女生们今天也不时偷看我，只可惜为时已晚 [第一卷],御堂ユラギ,2025-11-24,造成我心理阴影的女生们今天也不时偷看我只可惜为时已晚 第一卷 1.epub
造成我心理阴影的女生们今天也不时偷看我，只可惜为时已晚 [第三卷],御堂ユラギ,2025-11-24,造成我心理阴影的女生们今天也不时偷看我只可惜为时已晚 第三卷 1.epub
造成我心理阴影的女生们今天也不时偷看我，只可惜为时已晚 [第二卷],御堂ユラギ,2025-11-24,造成我心理阴影的女生们今天也不时偷看我只可惜为时已晚 第二卷 1.epub
造成我心理阴影的女生们今天也不时偷看我，只可惜为时已晚 [第五卷],御堂ユラギ,2025-11-24,造成我心理阴影的女生们今天也不时偷看我只可惜为时已晚 第五卷 1.epub
造成我心理阴影的女生们今天也不时偷看我，只可惜为时已晚 [第六卷],御堂ユラギ,2025-11-24,造成我心理阴影的女生们今天也不时偷看我只可惜为时已晚 第六卷.epub
造成我心理阴影的女生们今天也不时偷看我，只可惜为时已晚 [第四卷],御堂ユラギ,2025-11-24,造成我心理阴影的女生们今天也不时偷看我只可惜为时已晚 第四卷 1.epub
造成我心理阴影的女生们今天也不时偷看我，只可惜为时已晚 第一卷,御堂ユラギ,2025-10-04,造成我心理阴影的女生们今天也不时偷看我只可惜为时已晚 第一卷.epub
造成我心理阴影的女生们今天也不时偷看我，只可惜为时已晚 第三卷,御堂ユラギ,2025-10-04,造成我心理阴影的女生们今天也不时偷看我只可惜为时已晚 第三卷.epub
造成我心理阴影的女生们今天也不时偷看我，只可惜为时已晚 第二卷,御堂ユラギ,2025-10-04,造成我心理阴影的女生们今天也不时偷看我只可惜为时已晚 第二卷.epub
造成我心理阴影的女生们今天也不时偷看我，只可惜为时已晚 第五卷,御堂ユラギ,2025-10-04,造成我心理阴影的女生们今天也不时偷看我只可惜为时已晚 第五卷.epub
造成我心理阴影的女生们今天也不时偷看我，只可惜为时已晚 第四卷,御堂ユラギ,2025-10-04,造成我心理阴影的女生们今天也不时偷看我只可惜为时已晚 第四卷.epub
運命の人は、嫁の妹でした。,逢縁奇演,2025-05-19,運命の人は嫁の妹でした.epub
運命の人は、嫁の妹でした。２,逢縁奇演,2025-05-19,運命の人は嫁の妹でした２.epub
邻座的艾琳同学偶尔会用俄语悄悄撒娇,燦々SUN,2025-11-09,邻座的艾琳同学偶尔会用俄语悄悄撒娇.epub
邻座的艾琳同学偶尔会用俄语悄悄撒娇 02,燦々SUN,2025-11-09,邻座的艾琳同学偶尔会用俄语悄悄撒娇 02.epub
邻座的艾琳同学偶尔会用俄语悄悄撒娇 03,燦々SUN,2025-11-09,邻座的艾琳同学偶尔会用俄语悄悄撒娇 03.epub
重いタバコを吸ってる不健康そうな年上美人とドロドロの関係になっていた話,友橋　かめつ,2025-07-01,重いタバコを吸ってる不健康そうな年上美人とドロドロの関係になっていた話.epub
间谍教室 短篇,竹町,2025-11-24,间谍教室 短篇.epub
间谍教室 第一卷 「花园」百合,竹町,2025-11-24,间谍教室 第一卷 花园百合.epub
间谍教室 第七卷 「冰刃」莫妮卡,竹町,2025-11-24,间谍教室 第七卷 冰刃莫妮卡.epub
间谍教室 第三卷 「忘我」安妮特,竹町,2025-11-24,间谍教室 第三卷 忘我安妮特.epub
间谍教室 第九卷 「我乐多」安妮特,竹町,2025-11-24,间谍教室 第九卷 我乐多安妮特.epub
间谍教室 第二卷 「爱娘」葛蕾特,竹町,2025-11-24,间谍教室 第二卷 爱娘葛蕾特.epub
间谍教室 第五卷 「愚人」爱尔娜,竹町,2025-11-24,间谍教室 第五卷 愚人爱尔娜.epub
间谍教室 第八卷 「草原」莎拉,竹町,2025-11-24,间谍教室 第八卷 草原莎拉.epub
间谍教室 第六卷 「百鬼」席薇亚,竹町,2025-11-24,间谍教室 第六卷 百鬼席薇亚.epub
间谍教室 第十一卷「付烧刃」莫妮卡,竹町,2025-11-24,间谍教室 第十一卷付烧刃莫妮卡.epub
间谍教室 第十卷「高天原」莎拉,竹町,2025-11-24,间谍教室 第十卷高天原莎拉.epub
间谍教室 第四卷 「梦语」缇雅,竹町,2025-11-24,间谍教室 第四卷 梦语缇雅.epub
雨从地狱开始,icecrepe,2026-02-14,雨从地狱开始.epub
雨森润奈的湿度很高 1,水城水城,2025-07-19,雨森润奈的湿度很高 1.epub
雨森润奈的湿度很高 2,水城水城,2025-10-08,雨森润奈的湿度很高 2.epub
青春猪头少年不会梦到兔女郎学姊,鸭志田一,2025-05-23,青春猪头少年不会梦到兔女郎学姊.epub
青春猪头少年不会梦到初恋美少女,鸭志田一,2025-05-23,青春猪头少年不会梦到初恋美少女.epub
青春猪头少年不会梦到娇怜外出妹,鸭志田一,2025-05-23,青春猪头少年不会梦到娇怜外出妹.epub
青春猪头少年不会梦到娇怜看家妹,鸭志田一,2025-05-23,青春猪头少年不会梦到娇怜看家妹.epub
青春猪头少年不会梦到小恶魔学妹,鸭志田一,2025-05-23,青春猪头少年不会梦到小恶魔学妹.epub
青春猪头少年不会梦到怀梦美少女,鸭志田一,2025-05-23,青春猪头少年不会梦到怀梦美少女.epub
青春猪头少年不会梦到恋姊俏偶像,鸭志田一,2025-05-23,青春猪头少年不会梦到恋姊俏偶像.epub
青春猪头少年不会梦到理性小魔女,鸭志田一,2025-05-23,青春猪头少年不会梦到理性小魔女.epub
青春猪头少年不会梦到红书包女孩,鸭志田一,2025-05-23,青春猪头少年不会梦到红书包女孩.epub
青春猪头少年不会梦到迷惘女歌手,鸭志田一,2025-05-23,青春猪头少年不会梦到迷惘女歌手.epub
青春野狼不做南丁格尔的梦,鸭志田 一,2025-05-23,青春野狼不做南丁格尔的梦.epub
青春野狼不做圣诞迷你裙的梦,鸭志田 一,2025-05-23,青春野狼不做圣诞迷你裙的梦.epub
青春野狼不做自家学生的梦,鸭志田 一,2025-05-23,青春野狼不做自家学生的梦.epub
靠废柴技能【状态异常】成为最强的我将蹂躏一切 第11.5卷,篠崎芳,2025-05-19,靠废柴技能状态异常成为最强的我将蹂躏一切 第11.epub
靠废柴技能【状态异常】成为最强的我将蹂躏一切 第一卷,篠崎芳,2025-05-19,靠废柴技能状态异常成为最强的我将蹂躏一切 第一卷.epub
靠废柴技能【状态异常】成为最强的我将蹂躏一切 第七卷,篠崎芳,2025-05-19,靠废柴技能状态异常成为最强的我将蹂躏一切 第七卷.epub
靠废柴技能【状态异常】成为最强的我将蹂躏一切 第三卷,篠崎芳,2025-05-19,靠废柴技能状态异常成为最强的我将蹂躏一切 第三卷.epub
靠废柴技能【状态异常】成为最强的我将蹂躏一切 第九卷,篠崎芳,2025-05-19,靠废柴技能状态异常成为最强的我将蹂躏一切 第九卷.epub
靠废柴技能【状态异常】成为最强的我将蹂躏一切 第二卷,篠崎芳,2025-05-19,靠废柴技能状态异常成为最强的我将蹂躏一切 第二卷.epub
靠废柴技能【状态异常】成为最强的我将蹂躏一切 第五卷,篠崎芳,2025-05-19,靠废柴技能状态异常成为最强的我将蹂躏一切 第五卷.epub
靠废柴技能【状态异常】成为最强的我将蹂躏一切 第八卷,篠崎芳,2025-05-19,靠废柴技能状态异常成为最强的我将蹂躏一切 第八卷.epub
靠废柴技能【状态异常】成为最强的我将蹂躏一切 第六卷,篠崎芳,2025-05-19,靠废柴技能状态异常成为最强的我将蹂躏一切 第六卷.epub
靠废柴技能【状态异常】成为最强的我将蹂躏一切 第十一卷,篠崎芳,2025-05-19,靠废柴技能状态异常成为最强的我将蹂躏一切 第十一卷.epub
靠废柴技能【状态异常】成为最强的我将蹂躏一切 第十二卷,篠崎芳,2025-05-19,靠废柴技能状态异常成为最强的我将蹂躏一切 第十二卷.epub
靠废柴技能【状态异常】成为最强的我将蹂躏一切 第十卷,篠崎芳,2025-05-19,靠废柴技能状态异常成为最强的我将蹂躏一切 第十卷.epub
靠废柴技能【状态异常】成为最强的我将蹂躏一切 第四卷,篠崎芳,2025-05-19,靠废柴技能状态异常成为最强的我将蹂躏一切 第四卷.epub
靠死亡游戏混饭吃。 - 07,,2026-01-08,靠死亡游戏混饭吃 - 07.epub
靠死亡游戏混饭吃。 第一卷,鵜飼有志,2026-01-08,靠死亡游戏混饭吃 第一卷.epub
靠死亡游戏混饭吃。 第三卷,鵜飼有志,2026-01-08,靠死亡游戏混饭吃 第三卷.epub
靠死亡游戏混饭吃。 第二卷,鵜飼有志,2026-01-08,靠死亡游戏混饭吃 第二卷.epub
靠死亡游戏混饭吃。 第五卷,鵜飼有志,2026-01-08,靠死亡游戏混饭吃 第五卷.epub
靠死亡游戏混饭吃。 第六卷,鵜飼有志,2026-01-08,靠死亡游戏混饭吃 第六卷.epub
靠死亡游戏混饭吃。 第四卷,鵜飼有志,2026-01-08,靠死亡游戏混饭吃 第四卷.epub
飘在班上的宇良良川同学,四季大雅,2025-08-29,飘在班上的宇良良川同学.epub
高校時代に傲慢だった女王様との同棲生活は意外と居心地が悪くない 2,ゆがー,2025-11-24,高校時代に傲慢だった女王様との同棲生活は意外と居心地が悪くない 2.epub
高校時代に傲慢だった女王様との同棲生活は意外と居心地が悪くない 3,ミソネタ・ドザえもん/ゆがー,2025-11-24,高校時代に傲慢だった女王様との同棲生活は意外と居心地が悪くない 3.epub
高校時代に傲慢だった女王様との同棲生活は意外と居心地が悪くない 4,ゆがー,2025-11-24,高校時代に傲慢だった女王様との同棲生活は意外と居心地が悪くない 4.epub
高校時代に好きだった元同級生のS級美女が隣に引っ越してきた。義娘とともに。,篠宮　夕,2025-08-10,高校時代に好きだった元同級生のS級美女が隣に引っ越してきた義娘とともに.epub
高貴なる魔女クラウゼア 淫堕の異端審問,大熊狸喜,2025-08-04,高貴なる魔女クラウゼア　淫堕の異端審問.epub
魔女的诅咒,绫辻行人,2025-05-19,魔女的诅咒审判自己要比审判别人难得多日本推理文学标志性人物新本格派掌门和旗手绫辻行人悬疑力作感动推理大神岛田庄司的作者作品.epub
魔法★探险家 转生为成人游戏万年男二又怎样，我要活用游戏知识自由生活 1,入栖,2025-05-19,魔法★探险家 转生为成人游戏万年男二又怎样我要活用游戏知识自由生活 1.epub
魔法★探险家 转生为成人游戏万年男二又怎样，我要活用游戏知识自由生活 2,入栖,2025-05-19,魔法★探险家 转生为成人游戏万年男二又怎样我要活用游戏知识自由生活 2.epub
魔法★探险家 转生为成人游戏万年男二又怎样，我要活用游戏知识自由生活 3,入栖,2025-05-19,魔法★探险家 转生为成人游戏万年男二又怎样我要活用游戏知识自由生活 3.epub
黑之魔王,菱影代理,2025-05-19,黑之魔王.epub
黑崎魔女侦探事务所～NTR事件簿～,ナキバサラ,2025-11-04,黑崎魔女侦探事务所～NTR事件簿～.epub
내가 제일 싫어하는 여자,마이츄츄,2026-02-09,내가 제일 싫어하는 여자.epub
모리어티 교수의 개연성이 되었다,,2025-05-23,모리어티 교수의 개연성이 되었다.epub
재벌집 망나니가 되었다,물랑말랑,2026-01-29,재벌집 망나니가 되었다.epub
